user_id,age,weight,height,gender,BMR
1243,27,73.06683253,162.7238871,Male,1576.878448
4971,28,77.73028374,179.4954135,Female,1536.656455
1629,57,85.70479046,158.4030525,Male,1697.694955
6201,47,67.01218612,168.1137465,Male,1471.524942
7833,36,79.92951177,175.5611258,Male,1743.147435
4247,46,50.48035851,166.8278527,Female,1172.685222
3340,28,72.20326486,180.9179935,Female,1630.42311
1846,54,98.7433747,146.6830866,Female,1508.668169
290,21,78.84881991,181.4781073,Female,1602.908756
7900,29,74.40315482,164.6734059,Female,1526.096887
1803,21,42.34314165,157.8942081,Female,1207.788567
6655,59,58.73064702,176.2626455,Male,1367.460156
948,48,77.07754313,165.3250569,Female,1334.084436
5878,44,61.09476283,160.9410463,Male,1340.933272
4322,22,52.79225616,185.8429961,Male,1582.10402
8647,40,46.89250889,169.5522727,Female,1191.244318
7220,50,84.14432962,182.1072872,Male,1693.194174
757,43,84.38002298,145.8912461,Female,1442.050238
6289,41,60.27366387,166.8376402,Male,1387.852476
8381,39,71.12148097,179.6578056,Female,1640.78219
8856,29,72.90368318,155.2792118,Male,1587.495885
5779,34,64.29952046,172.8417131,Female,1395.615533
859,37,105.5301134,172.5205216,Male,1879.904615
5382,31,80.82227389,173.9654847,Male,1752.548087
267,60,64.24953564,176.2537098,Male,1390.801124
5863,52,63.16679705,177.008862,Female,1403.16234
6751,64,67.56042509,164.6383904,Male,1330.354744
7807,52,35.9916569,175.4281485,Male,1197.69123
6194,41,81.55835268,190.2206412,Female,1575.617275
5665,51,79.3540696,154.2821977,Male,1502.503413
2200,53,92.99843162,184.1755628,Male,1775.456421
3453,26,79.58352637,172.6016854,Male,1719.93632
7487,31,39.64747644,150.491056,Female,1060.646244
2655,49,56.1789725,166.2236885,Male,1348.309195
1346,48,87.01191709,188.4281252,Female,1708.140759
3234,52,74.88837132,188.7926806,Female,1527.578767
724,55,65.2237939,186.8813993,Female,1379.852345
8357,36,60.61674169,191.3937278,Male,1574.794468
7825,28,33.70858212,185.1903466,Male,1425.663577
3691,44,81.63184159,171.0908666,Male,1675.692047
8665,52,83.63070386,174.2844818,Female,1462.986914
990,52,85.19306036,181.6629958,Female,1583.14553
2262,29,60.49224463,146.7658978,Male,1399.472848
8546,52,56.91492573,186.9423438,Female,1335.3044
60,56,84.02383901,181.0928618,Male,1708.07757
4712,33,61.45153854,168.3075338,Male,1508.020973
5199,26,82.50005961,164.3500689,Female,1515.70382
3353,41,58.01002668,164.7567905,Male,1390.185521
1580,49,67.98477714,173.763099,Male,1509.026678
292,42,75.56537731,165.8049287,Male,1508.128089
8157,18,73.57859473,172.2319733,Male,1745.530267
6187,44,65.48607477,164.9481221,Female,1296.394419
4827,19,73.86989927,156.2813575,Male,1627.480934
3686,42,90.09660762,169.5605205,Female,1642.941576
7794,26,79.14071803,177.3042488,Male,1793.87384
8210,62,87.46643029,155.6243741,Female,1294.03828
2583,52,61.15481499,170.6975629,Female,1272.816123
5455,33,91.86712782,149.3981404,Male,1733.173671
610,30,83.55854996,174.7804896,Female,1666.40192
1305,31,63.4319751,171.0016144,Female,1405.502202
5186,53,84.00222565,162.864551,Female,1410.538092
7599,38,32.10736831,164.0685365,Female,1001.521466
3869,47,68.04497983,159.7279014,Male,1360.293914
4641,23,48.3384798,160.1057952,Female,1155.133833
4122,60,82.47278524,167.1608804,Male,1534.293694
5341,58,63.5495501,175.5703766,Female,1232.142674
7708,61,71.72176443,174.9621289,Male,1451.085385
5808,21,62.82113206,161.0971943,Male,1488.038747
7532,53,62.23683963,162.7541013,Female,1257.593333
3854,25,64.77271707,164.6342495,Male,1576.779983
1254,42,76.08722169,184.1776265,Male,1661.126215
2315,41,78.77580593,178.3454841,Male,1753.044269
547,59,80.28651222,168.8029332,Female,1388.505995
6236,30,60.38858088,184.3326877,Female,1438.961959
135,30,80.49750116,171.8209533,Female,1588.115923
7086,51,64.33017232,162.4208976,Male,1359.597369
5217,24,89.79148303,167.3630121,Male,1798.311512
1601,55,93.68197591,172.3912694,Female,1584.423045
4496,64,38.6743795,171.4636766,Female,972.409361
7823,31,87.02642955,155.5475184,Female,1546.941956
8772,33,84.2410717,169.7384315,Male,1747.133326
6303,55,58.17747321,150.4685732,Male,1330.253513
3096,54,75.90688222,176.7567691,Female,1335.898949
842,59,61.60162411,178.2845036,Male,1312.546947
2140,59,66.38631932,174.6699675,Male,1482.778855
4429,33,48.8450741,157.5542804,Male,1390.939153
3357,25,65.86917558,193.3738676,Female,1623.077455
7465,64,81.70357152,170.5875239,Male,1590.64141
6994,58,64.00691552,168.8618966,Female,1214.724845
801,21,64.70354433,165.8551041,Female,1488.82216
5124,46,45.68452715,165.6007274,Female,1076.918988
4249,38,52.9848705,165.5275409,Female,1213.473145
700,44,92.25939268,166.5594833,Male,1734.099462
8680,38,68.75204023,157.8601168,Male,1444.364757
2554,23,98.73142712,180.546754,Male,2014.658812
4351,53,81.81630068,157.0369339,Female,1394.339571
876,32,49.3687974,182.8371278,Male,1503.484673
3618,25,73.45535609,165.667664,Female,1458.096221
5040,30,79.87264501,152.6435084,Female,1503.059554
7580,27,67.4483643,186.3613279,Male,1663.460208
6489,39,71.14837821,164.2994622,Male,1494.6942
8560,27,75.26075426,171.3115899,Female,1529.390541
8706,30,73.43867846,157.3794615,Female,1435.139395
1439,45,84.35748271,157.7989374,Male,1571.576907
2420,28,46.37652655,150.4204378,Male,1287.854809
7361,38,45.02397838,169.1168682,Male,1239.732514
5928,26,66.49820526,184.6654379,Female,1552.196737
7604,33,48.31018757,169.0746801,Male,1378.035758
826,30,85.50961581,166.7462824,Female,1614.448919
895,36,51.27750567,162.0032007,Male,1365.692499
8682,26,85.22408782,171.4135056,Female,1647.539643
6816,57,75.21960328,160.8910562,Female,1293.153978
2380,42,76.26425327,175.6728767,Female,1452.173331
1522,35,51.28348676,188.0760698,Male,1523.26617
1871,19,71.7971279,160.5709475,Male,1575.77791
7569,59,84.22538078,162.7982502,Female,1363.100618
4513,42,70.59329475,168.3904226,Female,1429.460102
8345,47,52.04708888,171.4382472,Female,1184.990091
4454,30,62.1127611,150.9977246,Male,1359.804928
5157,23,61.09685989,160.4336555,Female,1361.079125
5771,44,66.88404385,152.2123668,Male,1368.497731
4780,46,71.17123665,171.0174147,Female,1416.173224
3363,31,59.81761671,171.1028975,Male,1400.993154
8166,56,74.03515751,156.238917,Female,1299.153805
1814,30,54.37493605,146.2758604,Female,1055.28383
7677,18,72.10118987,152.5576807,Male,1659.22013
1304,26,55.90374833,164.0507171,Female,1250.644618
6040,58,72.0949025,161.0063634,Male,1399.166724
2288,36,80.29876975,180.1149059,Female,1544.8779
6824,51,54.11147121,166.6538187,Male,1340.796545
2274,42,70.63560506,171.891261,Female,1442.136917
7472,36,71.12270377,172.9295097,Female,1481.80313
1712,32,63.83770515,167.3582689,Female,1382.942226
2962,24,42.92530349,177.0209018,Female,1257.60297
1029,59,46.2914416,153.4273827,Female,990.0679171
2992,28,70.27186248,179.6658747,Female,1535.692938
8407,26,75.14197566,169.6647539,Female,1509.295689
8274,25,88.01891854,162.1652878,Male,1836.792163
7662,32,78.59516974,174.8702308,Male,1669.0239
2705,40,70.07900962,156.2414191,Female,1242.74977
3143,26,79.53122915,164.5573217,Male,1776.387471
4682,39,69.33674584,182.4428879,Female,1448.148038
4561,49,81.90772631,182.616175,Female,1508.143285
1300,62,54.51865808,147.5090354,Male,1150.029983
7005,35,70.58240092,164.2137872,Female,1399.502839
6631,36,64.72982672,176.667616,Male,1554.02012
2753,51,77.37637182,164.8020152,Male,1597.483958
6862,18,61.64673186,172.9749781,Male,1538.064892
7240,44,90.18581398,174.176663,Male,1787.317151
5834,31,53.71330216,153.0444158,Male,1389.355106
8528,60,49.52869911,163.0232324,Male,1161.456027
1383,56,55.63898335,180.5583211,Male,1431.186019
1576,58,63.81677034,158.1751926,Male,1348.701806
4110,23,50.23113482,171.0234644,Female,1314.336499
7926,34,51.1568837,160.5573376,Male,1283.11931
5242,,61.60701233,149.7056538,Male,1454.355452
7344,34,63.97536215,158.4566356,Male,1433.515078
3053,59,55.94645438,174.8666205,Female,1208.212092
1640,22,73.58930433,171.5694727,Female,1555.670204
7642,40,56.29441604,159.6418429,Female,1160.865383
7894,47,64.07356187,154.7666857,Male,1451.069271
5550,47,98.07720471,180.463049,Female,1749.278857
5913,54,40.62451612,163.6406066,Female,887.7842742
3209,29,40.26427979,185.1119378,Male,1475.617802
3894,39,80.13200051,183.1424728,Male,1854.595554
6689,37,68.81358017,178.7342031,Female,1515.721041
7616,29,72.83833977,172.9164853,Male,1708.160145
1479,31,57.39067229,167.2870927,Female,1429.668964
430,53,87.62244927,158.2619602,Female,1382.676737
8089,34,60.88215189,162.4277969,Female,1255.075318
6586,35,68.38529976,182.2870973,Male,1654.848288
5121,32,80.17261858,153.8706417,Female,1488.928013
564,54,68.47452311,171.887213,Male,1473.627161
8531,34,62.76993575,168.8062542,Female,1396.465588
5874,53,57.33709038,165.8564648,Male,1367.818708
3131,49,83.79515977,157.0472538,Female,1424.689287
7408,27,78.18414873,161.1903346,Female,1445.525912
7132,19,94.30124134,188.8339962,Female,1767.870812
1826,45,72.04819141,164.8647067,Male,1644.22545
3822,36,69.89592279,177.9597489,Female,1446.567942
5587,19,58.11235092,162.2363403,Female,1224.027246
3154,59,73.78655088,171.8356978,Male,1537.486425
4756,35,65.78829722,165.2235077,Female,1298.675271
6633,36,83.47955653,185.8091824,Male,1806.821975
8223,33,69.521184,170.7914135,Male,1549.965961
7895,48,72.6135638,155.4809453,Female,1319.678366
4422,54,44.66919067,166.9796733,Male,1264.82764
2838,63,61.01200606,174.4304328,Male,1307.951541
6328,20,66.90986598,177.194735,Female,1481.922436
5996,57,60.69303986,153.1501678,Female,1139.952653
5453,20,48.01008926,168.3427233,Male,1418.593134
8788,64,60.18703838,146.2159692,Male,1105.00934
5304,25,49.25327991,184.1120574,Female,1300.762009
3804,39,65.96082552,164.8656746,Female,1250.718589
5668,41,75.07465638,164.7883482,Female,1411.622052
491,55,68.71773954,167.9953403,Male,1458.252061
2257,51,61.11827936,156.4326491,Male,1332.70633
940,43,63.51936557,183.5862243,Male,1587.848695
8636,57,79.58838058,179.2227495,Male,1554.526561
919,52,69.84649719,174.7501435,Female,1308.535489
8799,52,64.62448145,176.1488303,Male,1510.023953
5988,37,48.42074444,160.4918546,Female,1142.352627
5651,25,88.40116998,175.5559121,Female,1698.967886
6844,27,58.60771789,190.5293043,Female,1479.123945
1624,39,41.91874796,170.3451962,Male,1220.032162
3582,41,68.89173695,156.397366,Female,1286.965902
2246,24,66.15589274,162.7893092,Female,1458.362321
6681,19,51.42153486,190.1740087,Female,1428.252915
3243,29,42.50764083,167.461169,Male,1305.579843
6391,19,70.59827161,171.6778828,Female,1491.022665
6784,54,52.75037501,177.4082408,Female,1104.782386
5462,59,71.06590505,158.8556274,Female,1264.246568
5802,41,64.5668473,162.6792888,Female,1241.392401
3685,34,74.75033994,175.393929,Male,1634.178614
6332,54,73.24718105,177.2955935,Female,1438.473026
2783,30,81.66648747,169.3824127,Male,1660.60889
8986,47,50.10539834,170.3206149,Female,1081.551531
841,58,64.85010037,160.3996322,Female,1226.709126
2278,35,59.55991563,173.6220388,Male,1567.373785
8574,46,92.82999847,165.8805261,Female,1647.843447
8298,44,92.45153683,168.5256072,Male,1711.454874
8950,34,85.78574572,169.3166488,Male,1736.711667
1887,39,76.10274276,166.4464892,Female,1455.266869
3916,37,93.20818719,191.0018995,Female,1724.594907
5273,41,63.80148687,181.7768802,Female,1360.900204
5234,51,59.86982892,173.3908501,Female,1277.754904
3884,27,90.42875452,173.6583615,Male,1907.305
2531,51,88.07666408,178.7238056,Male,1710.994356
6262,52,70.5221898,168.3304533,Male,1522.051302
3356,28,79.06001372,146.7119377,Female,1381.065777
7685,18,78.47480808,170.7071377,Female,1615.250264
6932,32,68.3252941,160.9844978,Female,1448.480967
439,26,53.46921831,175.2374768,Female,1284.944292
7270,21,60.13529051,155.6639549,Male,1492.160384
1217,21,89.12262312,178.263656,Female,1711.126972
1005,23,81.50870693,166.7504489,Female,1499.454782
6828,57,64.78302833,160.4903536,Male,1360.232393
1338,50,58.84636679,162.8541935,Male,1451.591138
4961,38,71.025881,162.4935254,Female,1330.613701
8579,20,35.66465771,179.0521411,Female,1206.436402
3235,64,53.05241152,171.9375913,Male,1285.695279
284,57,63.56806715,183.2831943,Female,1382.348637
8339,31,51.20554837,167.0418792,Female,1253.505877
3967,53,79.50445919,171.67417,Female,1334.167649
3290,52,49.47898815,164.4915147,Female,1035.750497
6492,20,97.96803523,154.7566223,Male,1860.158064
770,55,42.57471608,180.2725062,Male,1225.080208
852,40,96.86103825,171.911758,Male,1898.689364
6117,36,69.53981085,167.0335769,Female,1360.423513
1337,43,55.70061014,174.7891311,Female,1246.588449
1416,62,59.83832741,176.8759374,Male,1419.812865
2772,25,68.86376827,165.3498058,Female,1444.782608
452,40,68.04507565,173.3364128,Female,1390.771345
802,58,68.1524697,183.9108115,Female,1282.476909
3098,23,58.10467202,163.7143073,Male,1483.146191
3119,24,75.52903403,167.2903287,Female,1571.360363
2019,45,60.26818558,164.8045046,Female,1207.428862
8448,45,87.91338124,175.4930392,Female,1610.162901
6606,60,70.82318665,183.5366215,Male,1518.591812
509,36,68.12036191,166.2638432,Female,1389.088312
554,37,73.66533711,171.5111217,Female,1506.3234
2585,32,52.81086573,165.2292363,Male,1479.276504
8693,29,85.7742769,160.9249666,Female,1525.902771
1950,52,68.0877357,187.5654029,Female,1339.792711
1123,50,46.3983484,172.7475675,Female,1072.549235
5692,38,80.7812099,148.1193991,Male,1516.349877
3266,44,62.81962179,155.9052461,Male,1396.307576
4173,34,67.76135622,191.335674,Male,1690.265214
4073,50,96.1316669,169.9987252,Male,1732.521825
5780,18,64.19443699,183.9098041,Male,1801.940922
7691,44,72.56476048,163.3888918,Female,1389.672622
8163,28,56.2346271,173.3710602,Female,1392.586979
7511,29,46.07264576,166.5499748,Female,1200.779415
513,20,60.69965447,172.5786446,Male,1588.062776
3555,40,56.5013431,173.2270651,Female,1330.0354
4163,52,59.4711982,157.1401174,Male,1321.73732
1972,33,65.5607883,168.5413077,Male,1519.326107
4914,37,74.32827019,145.4060601,Male,1537.738116
2406,56,54.59691105,183.0334582,Male,1402.599494
7281,22,83.72254275,171.5199056,Male,1751.359969
4295,59,80.9462648,167.1404841,Male,1567.1927
7632,31,73.9199947,168.1869027,Female,1372.350284
795,19,71.08027768,170.08467,Female,1461.110928
7331,50,68.89198107,166.937501,Male,1401.866342
8817,21,65.82350613,171.7571038,Female,1451.18303
5888,19,66.52395425,174.7909696,Female,1475.324595
3457,26,58.42308024,167.2592435,Male,1406.947525
944,34,53.44335377,158.7410638,Male,1408.936463
6987,38,60.86591551,171.7857883,Female,1335.04997
581,23,58.93220473,182.8423031,Female,1498.128964
6280,40,74.70383286,176.5665685,Male,1597.129707
508,20,52.28692331,169.3994012,Male,1504.921402
1921,33,58.22529774,159.7818219,Female,1227.011611
298,42,95.30765787,162.7970738,Female,1532.113931
2720,59,58.47262833,167.0610617,Female,1109.655859
2987,42,45.95604736,166.1262479,Female,1174.788152
2750,51,87.54990498,162.5842616,Male,1645.806446
6574,18,57.82563215,175.7329363,Male,1639.111772
74,51,59.70951619,159.8249754,Female,1111.620741
2490,27,63.42952378,171.3418815,Male,1537.428374
1973,37,55.11207145,170.2251364,Female,1356.31048
1140,56,71.61810875,182.7551861,Female,1438.30351
955,31,56.73279844,169.2024955,Male,1439.171488
4264,47,49.96332517,158.4112899,Female,1150.647248
5054,44,87.04019385,152.3805669,Male,1634.356947
3952,41,74.63174046,181.145125,Female,1576.838639
2480,37,70.25264786,157.0103196,Female,1361.115202
373,32,53.84740004,154.8901607,Male,1436.21907
7602,61,82.31690913,167.0158334,Male,1562.223544
5133,24,35.82402406,167.4232184,Female,1121.864109
6725,29,79.52267711,163.2039186,Female,1517.634468
4647,50,57.21279809,161.9061136,Female,1197.172708
7558,33,62.0620269,178.4634507,Female,1472.725809
4732,39,68.14402806,182.1641776,Male,1652.783911
6200,31,71.08331089,163.5263558,Male,1582.635418
6015,60,54.49614367,166.6051795,Male,1300.429375
2802,26,71.89920913,155.4548135,Male,1540.136358
4566,25,84.73413222,178.6143398,Female,1663.052401
8896,45,87.3680105,175.9756419,Male,1814.712038
8456,25,71.52780944,169.6070158,Male,1644.264551
7181,32,57.74955128,172.4692497,Male,1572.310465
250,25,79.1789326,169.2161143,Male,1677.460201
7247,21,40.99915218,190.9124786,Female,1294.498648
4001,23,76.83151125,172.3431735,Male,1754.861644
8470,43,101.1760714,188.5622108,Male,1971.610758
3465,27,67.11085274,163.2253151,Female,1401.035525
2794,61,89.63206946,163.5725228,Female,1427.823556
6687,50,63.06499037,174.7430438,Male,1489.918489
7377,46,66.04860191,168.5567118,Female,1207.168396
8807,52,62.37933923,157.1014206,Female,1258.566608
7125,42,68.76058162,157.6947535,Male,1519.09707
683,54,77.96637542,166.1665203,Female,1397.009106
1399,51,72.43168797,175.1965996,Male,1620.330869
4552,51,43.61252139,157.8767698,Male,1213.37794
4106,64,93.76056647,170.6872007,Female,1462.29557
480,63,73.8350495,188.0291478,Male,1569.210178
4878,39,71.68521549,186.948167,Female,1579.958805
8728,24,74.36671872,172.6705081,Female,1544.159646
1033,39,47.79511068,151.3007179,Male,1204.025953
6025,44,82.2321234,172.1395764,Female,1538.501602
526,45,58.7048556,169.051891,Female,1181.100605
3700,35,64.35086361,165.9412376,Male,1527.8515
6265,53,68.55175541,165.9265398,Male,1522.870096
7903,55,70.73385029,163.6226155,Male,1420.786136
5997,40,62.12020814,176.4614585,Female,1256.099389
1874,50,73.44646462,172.4697274,Female,1449.737176
6129,51,67.88359177,151.7795136,Female,1248.793169
2897,23,72.14621089,180.6728495,Male,1696.142746
6142,43,83.57254849,164.4329265,Male,1668.01322
4418,24,82.78958238,157.9162355,Female,1588.400003
717,24,87.90582692,182.8106953,Male,1879.321707
378,51,74.80589261,160.3509154,Female,1407.281752
2787,59,81.63126223,164.2320831,Male,1702.751979
3070,39,72.07736121,157.7753759,Female,1385.963396
7053,60,72.08722429,171.0859054,Male,1519.547819
5363,26,65.70986254,165.7432012,Male,1599.338345
4754,63,69.83113932,177.6633165,Male,1465.821135
2173,59,90.49663772,166.3419112,Male,1672.911858
1873,52,78.52107339,180.5884578,Male,1663.951245
3505,56,86.68532673,166.9373224,Female,1467.013043
1546,26,64.72917858,165.5062227,Male,1562.937453
3729,45,32.53327024,188.6336229,Female,1100.602414
2535,38,69.08851722,161.343524,Male,1563.235644
2342,64,77.54428999,178.9788525,Male,1491.509241
7304,45,77.64630168,158.5462585,Male,1538.384862
2641,24,59.19002158,171.0431533,Female,1339.995115
2258,26,80.11145534,187.2568761,Male,1908.274647
55,27,83.62881074,184.6717308,Male,1961.964715
696,30,63.03695451,172.9181887,Male,1602.749724
6393,18,60.26294528,163.2939674,Female,1419.066617
3942,36,81.71300492,159.3674509,Female,1488.197557
8903,27,49.20649925,167.9175448,Male,1311.715101
6378,22,78.96364492,161.1519005,Male,1768.050865
5909,33,74.56158141,169.2753371,Female,1476.177953
7440,42,49.19179943,164.3075371,Male,1311.501835
6530,53,82.17978528,162.9104893,Female,1384.050139
2202,29,52.65486598,168.7526288,Female,1204.238106
8177,31,100.6618757,175.0828732,Male,1952.665308
2544,45,65.23294796,167.3843507,Male,1553.548232
8688,39,47.43159539,187.8470149,Female,1261.284849
4181,56,41.0850953,177.6340116,Female,1128.77945
7031,22,71.62113555,177.2114852,Female,1583.666372
723,59,66.35224537,178.0184874,Female,1307.284806
5140,32,68.49158297,154.4304314,Female,1276.636963
764,46,81.06286531,177.0179735,Female,1545.529986
1523,59,17.44904893,176.6954916,Male,970.5813984
7826,57,53.11937307,176.745545,Female,1197.237532
7817,18,72.37510795,156.0761085,Male,1554.706249
6624,49,50.77247172,180.9792052,Female,1292.982412
5938,42,98.23278381,190.2444548,Female,1760.158315
6305,52,58.69386857,170.0201188,Male,1367.214283
7275,58,64.78928468,162.7676748,Female,1153.756423
735,49,85.77515448,179.7762029,Male,1741.092951
367,21,54.30830146,176.9668711,Male,1546.109791
8645,60,66.40662907,166.2246207,Male,1491.591961
8644,60,68.58427246,174.5553693,Male,1574.960615
1728,50,82.24220495,174.6370184,Male,1653.836262
8442,36,70.20969784,171.9876637,Female,1449.394759
7738,50,66.09632123,178.0968543,Female,1380.463169
7652,55,50.00940191,159.3222044,Male,1186.646495
5488,26,63.56690846,151.5003663,Male,1430.320195
6098,44,71.79305619,180.6364861,Female,1495.541781
158,35,65.77927486,166.3360148,Male,1442.023163
1938,33,66.7148345,155.2240675,Male,1430.897185
8234,47,64.04593217,182.6599686,Male,1577.773747
444,39,88.48134953,177.2578634,Male,1823.711649
2286,50,48.84704671,165.0165325,Male,1230.753253
6590,45,71.76776582,176.1034521,Female,1446.194181
8266,48,79.49581601,173.4172523,Female,1495.288887
655,53,91.01979123,175.8044698,Female,1552.690066
3545,25,93.738198,177.4941323,Male,1940.459585
1727,42,86.9353976,174.7945559,Male,1729.2297
8301,38,45.74976182,180.1375845,Female,1257.158794
6617,20,87.28918726,162.77577,Male,1801.295707
8891,27,53.18753976,160.7010432,Male,1415.385891
5343,58,55.99257084,168.0653932,Male,1370.986263
6879,37,70.07151816,194.3924289,Female,1653.129862
939,49,45.42439971,172.1203655,Female,1242.008984
6494,41,72.66812895,165.5544723,Male,1543.954094
223,57,59.33077325,183.9663899,Female,1385.931398
5377,25,94.2216088,150.3414178,Female,1599.504132
6157,25,75.07970454,158.2096991,Male,1531.814074
8230,19,75.04082252,142.7821341,Male,1551.096631
6060,40,55.78930088,178.4030523,Male,1435.2832
2227,27,67.88717414,159.2739813,Female,1371.987685
2370,48,89.65534969,161.5176943,Male,1620.178254
2043,37,89.55956568,168.5080839,Male,1757.191525
26,37,52.06118705,168.7705188,Male,1409.755664
4903,28,43.44803777,185.7255861,Male,1486.952334
43,53,43.49517211,157.5339603,Male,1103.16767
1813,38,60.06699442,169.2043364,Male,1578.59882
1759,24,83.94612211,178.4293441,Male,1782.59119
3980,46,67.1200991,167.5309122,Female,1332.242714
7560,28,64.69964834,162.9456089,Male,1566.961889
4853,40,55.35079112,158.9465068,Female,1250.973249
3044,59,62.26461936,167.7722652,Male,1352.399223
3016,27,61.69545913,174.7176964,Female,1404.125862
1330,59,60.09754159,170.556216,Male,1332.732527
3971,46,66.76461841,177.4135596,Female,1321.226639
6986,59,91.13234825,159.9857316,Male,1600.95753
4892,44,85.14093806,172.0523783,Male,1734.022779
4343,41,100.2633987,172.2732184,Female,1666.259431
4697,19,52.70596429,171.8388226,Male,1556.461458
8596,36,69.68788557,171.874797,Male,1575.044603
3152,30,46.12857154,166.3509378,Female,1216.545274
5999,31,86.13075292,159.4211504,Female,1646.717351
5311,52,42.31451682,162.6494971,Male,1320.312047
7542,56,77.84106995,157.6263196,Female,1274.897829
4787,48,90.55769666,173.2580343,Female,1617.850922
4240,34,90.23128035,188.1770623,Male,2043.869982
7327,45,85.7268477,171.6013341,Female,1584.356527
7456,19,60.00808062,167.8748501,Male,1606.557685
4347,57,42.00265947,167.8288845,Female,1067.669077
437,61,78.69073418,167.5296736,Male,1487.776742
6664,47,57.13079376,177.5244888,Female,1277.456157
3629,60,83.80951074,161.8254322,Female,1310.651297
4791,19,49.13356367,183.7301409,Female,1437.228662
7564,19,95.21990898,178.8066504,Female,1798.08306
7715,43,96.5092517,165.3378447,Male,1847.782301
1248,37,74.67004006,177.5039291,Male,1614.756897
1142,24,80.08770869,181.0540939,Female,1611.480714
8490,33,55.19065586,165.5980718,Male,1398.66281
3160,64,71.54073454,166.8323631,Female,1242.799108
4194,53,64.80642692,172.1021353,Female,1290.554759
7191,47,74.17688793,172.5119313,Female,1464.488956
1785,35,77.56921813,179.4359973,Female,1481.046639
7497,22,106.7602408,149.5927746,Male,1935.892812
376,39,49.68792245,167.2423542,Female,1219.7236
3211,31,70.42464558,163.4278392,Male,1548.542102
5817,47,73.1379105,173.1968988,Female,1314.303291
5520,19,63.69079728,169.6268072,Male,1608.855302
1221,62,97.54692312,179.9597044,Female,1586.292467
591,40,78.76427469,172.4056168,Male,1656.896083
6735,37,70.33685256,165.9825033,Male,1574.204895
3609,39,50.14123971,176.5078357,Male,1446.308698
5503,57,87.59033865,164.1266424,Female,1413.419734
8311,45,106.4298402,179.3465067,Male,2026.893952
2678,43,55.55819131,183.6000726,Female,1261.726393
4613,23,60.72143334,174.4372362,Female,1431.036569
980,55,74.63109949,175.4861905,Female,1442.456912
5267,52,53.04071658,180.5219048,Male,1439.086217
3212,25,74.59611594,178.7796924,Male,1788.142949
844,41,84.48186668,171.0606701,Female,1490.688483
2841,56,72.51805219,163.5358388,Female,1278.458057
3091,28,73.15243186,174.9105851,Male,1735.04417
5511,42,66.14931193,168.7324742,Female,1436.223464
5947,30,76.54333795,176.2334276,Male,1707.659894
5463,21,37.8066202,149.433212,Female,1022.004467
4164,49,53.21446043,171.5027888,Female,1235.619473
5989,38,74.30412964,181.0739924,Female,1543.333254
4117,22,71.20168378,165.0203774,Male,1677.069512
7111,49,67.80994946,170.6866532,Male,1408.714517
4944,56,67.01784646,163.8778786,Female,1157.636043
7119,53,51.1175814,159.4049463,Male,1184.549322
463,21,75.64980944,174.3692712,Male,1650.178007
5610,31,82.06556931,167.9098819,Female,1480.342644
3708,59,38.05700286,153.7565202,Male,1127.604381
6829,19,106.4773272,172.3580188,Female,1867.109099
838,45,65.55423936,157.0391966,Female,1254.399961
641,51,61.79138179,179.0376728,Female,1290.047188
7749,31,64.89094173,174.9448225,Male,1594.919546
7990,57,76.24952961,180.1081798,Male,1586.063762
8810,64,54.54900218,194.8114799,Female,1269.421578
7139,46,64.64519334,147.9365166,Male,1355.045406
306,23,69.03116632,177.6331952,Female,1664.524976
2482,42,67.82332363,174.4153952,Female,1465.487024
1373,43,77.72231926,174.5118437,Male,1620.384516
8855,47,64.85911404,161.6606302,Female,1149.249494
4979,51,76.7453908,169.1761849,Female,1361.674115
5093,48,62.84467223,184.1877585,Female,1434.221514
8071,28,93.77582198,174.819695,Female,1760.852257
1124,38,107.135065,176.7101263,Female,1830.837437
7601,39,80.78392297,172.6029685,Male,1716.772099
3394,41,80.77328731,158.3587905,Male,1571.333142
2149,48,67.25149814,167.7564249,Female,1425.478318
4817,46,76.62147221,177.3439238,Female,1483.019303
4883,37,59.65859374,149.4012073,Female,1297.419851
5540,23,67.8736101,179.6550769,Male,1698.933499
6883,53,81.18103577,171.6197969,Female,1502.465886
5701,49,90.03099765,177.8589391,Female,1599.855461
3090,57,71.34130046,172.9078717,Female,1295.736209
7350,58,76.82490204,164.1968603,Female,1375.534322
3954,46,48.5443855,158.8439964,Male,1197.183544
1777,45,60.08985489,176.0761715,Female,1287.521212
8854,42,65.89988928,162.9438492,Female,1234.072299
8476,64,74.16543554,144.8287437,Female,1187.25058
1866,32,57.16377059,173.1040831,Female,1327.230333
691,31,71.39787911,182.8702335,Female,1550.399099
2154,63,101.1462203,153.5667161,Female,1462.11985
7429,29,55.14176772,164.8778251,Male,1485.475419
8076,36,63.16708581,163.5751927,Female,1337.847577
5646,63,58.75550478,159.719158,Male,1281.579342
2916,33,62.0020679,168.4816877,Male,1489.752008
5153,24,42.23982347,176.8198931,Male,1368.839664
7517,59,95.73376349,152.1645133,Female,1488.844844
2888,36,55.54528808,162.6537639,Male,1394.429747
7606,49,71.30993343,175.304478,Male,1544.559352
3268,40,76.67778957,182.1167452,Female,1602.973133
1391,32,70.00909419,176.3990185,Male,1654.519964
7887,36,69.74530825,162.470158,Male,1462.465972
3722,21,78.54502638,189.7684414,Male,1958.594935
7772,19,63.71513486,170.8443022,Male,1555.452938
2808,37,78.67156152,179.2670318,Male,1796.841808
8426,61,42.43360677,180.5399729,Female,1041.271427
1678,50,93.53510676,172.5233644,Male,1762.660168
8450,56,70.06199565,159.3813541,Male,1372.739498
4255,28,62.4247522,173.5936113,Male,1629.26651
1444,47,52.45124769,153.634348,Male,1286.513983
349,63,74.6034742,157.0833328,Female,1288.113455
8174,24,80.00109795,153.530164,Female,1443.071668
3470,53,68.41848165,178.0853761,Female,1435.633098
4129,55,54.62611226,159.6007787,Male,1321.919754
658,41,64.91166943,156.0281037,Male,1407.601806
5314,46,76.74056728,176.5284012,Male,1687.735984
6180,44,72.12112935,173.2698941,Male,1521.56745
8158,63,54.47924798,175.2814142,Male,1220.25052
8138,23,93.47857594,169.8643028,Male,1850.833947
853,58,115.0670113,189.6751617,Female,1886.287891
1240,51,64.63365995,185.6254374,Female,1433.660897
768,55,83.09502809,160.7336127,Female,1492.117477
3059,18,50.47582716,163.2092963,Female,1230.24035
8270,63,89.03479465,162.8630794,Female,1463.961348
3877,33,88.7817423,189.1535616,Male,1860.040214
3536,27,83.34724709,171.5132418,Male,1842.876554
3592,21,45.17759714,176.7089777,Male,1457.534453
5764,34,71.53958272,165.0323132,Female,1353.212841
1241,25,32.33363674,178.9400303,Female,1135.120875
5582,57,76.19220259,172.6672921,Male,1539.316107
8194,49,52.23252616,167.4323479,Male,1343.382088
4388,31,68.52444588,167.6864765,Female,1386.67954
8424,57,56.29821406,166.4785043,Female,1205.270524
6947,55,58.12924199,163.236956,Female,1093.216862
1934,41,74.66248508,175.7040891,Female,1447.708675
6135,25,60.88035655,167.4650784,Male,1608.315014
4528,26,60.94319135,169.7048181,Female,1342.552514
2449,64,70.52838375,164.398172,Female,1261.988651
5946,38,68.36162045,169.9845786,Female,1408.388145
2933,37,70.93784843,181.1914104,Female,1556.952338
1190,53,85.85477784,183.1341267,Female,1594.982672
626,28,92.24897366,162.8947676,Male,1867.907161
274,39,74.45908351,156.8782587,Male,1459.373014
7421,46,41.24005829,183.7048672,Female,1105.442779
2230,41,68.32835955,165.8075527,Female,1294.749174
7741,63,83.04231287,168.9828945,Female,1530.637136
4804,21,47.01657747,170.6403161,Female,1293.76698
4837,61,56.50116668,148.768085,Female,1045.458376
6488,64,48.50824166,167.8708752,Male,1200.754174
3965,46,63.51444298,175.6701376,Male,1560.908384
8707,24,54.51617305,155.7779169,Male,1442.17761
3464,31,56.76660389,148.1364168,Male,1331.462873
8159,25,57.10862615,177.9122082,Female,1467.287157
620,51,45.91095769,165.7946146,Female,1049.878996
1619,64,44.48565629,188.7518762,Female,1196.408693
3294,43,81.22849515,179.7330963,Female,1600.174844
2974,57,56.10757327,166.431531,Female,1191.673815
7801,18,60.73522796,171.6984519,Male,1574.520847
2030,50,44.14500871,172.8634333,Female,1063.259309
964,54,85.34296964,177.175807,Male,1718.215689
3899,29,74.07512238,166.9364681,Female,1471.249142
2368,55,83.84081191,178.248105,Male,1701.667468
6354,27,68.26363008,186.4376387,Male,1688.939909
7334,54,58.63300953,170.9366117,Female,1218.249451
2383,31,85.91553191,176.4421587,Female,1657.137709
3759,34,84.24394061,170.6690452,Male,1707.051601
6566,60,70.19769255,184.5068813,Male,1596.829344
1922,28,78.51733905,160.6339665,Male,1711.041533
6608,37,74.38543338,162.3472688,Female,1372.886981
7761,53,60.12418461,182.260186,Female,1322.732381
8173,56,77.36276209,165.0805395,Male,1562.354651
8408,55,48.00801067,153.3433848,Male,1161.727739
4739,45,65.37505996,187.0420496,Female,1410.8657
5942,49,69.10188327,167.594117,Female,1353.424596
8164,27,59.55488978,165.0821935,Male,1431.355456
5197,44,62.92986751,176.0697529,Male,1489.153952
1191,21,61.66629348,156.0131981,Male,1510.894769
8731,63,79.37693804,162.8990428,Female,1424.144031
8678,27,54.5433347,175.8752039,Female,1303.18292
8130,50,69.86646008,165.3747497,Male,1485.827113
5193,43,52.30556173,186.8981895,Male,1587.670171
2843,61,51.22782325,171.0444786,Female,1095.365198
2283,43,81.87843085,156.5509986,Male,1636.918219
8979,42,47.08510281,162.0288943,Male,1403.237852
7098,61,77.49991611,164.0272494,Male,1551.926075
8982,54,78.21327971,187.1957487,Female,1559.806625
2142,63,62.24666054,179.3769284,Male,1306.228685
6668,40,87.79606066,170.866889,Female,1571.780893
1204,54,66.80452527,163.7732846,Female,1319.636528
8433,52,56.63657887,157.878606,Male,1257.885785
7347,32,60.6106087,166.5969279,Female,1321.195004
3827,37,41.45510464,164.4861881,Male,1210.59007
2234,38,90.83536956,161.1777417,Female,1510.613569
8558,55,90.76228315,171.8868198,Male,1728.150407
4562,20,70.93254651,167.1034738,Male,1653.123912
3548,62,45.81803616,151.0212781,Male,1096.783163
1135,27,82.71330904,177.4451883,Female,1594.051244
625,23,69.0500374,181.4871961,Female,1551.488054
2179,49,59.65815829,162.9039664,Male,1447.579163
5166,29,50.47732954,161.9036976,Male,1376.260418
3371,27,91.30210341,158.7670633,Female,1736.766359
1445,59,93.13464914,164.8172349,Female,1467.003768
8165,29,63.65524313,170.2665231,Male,1550.899447
7217,58,79.81718588,167.2025677,Female,1355.109148
6657,59,64.47915767,164.6559162,Male,1378.743583
6442,57,53.44500266,167.6739653,Male,1272.172721
2627,55,63.78288565,183.3910502,Female,1370.721232
7332,45,56.83889651,184.6287188,Female,1367.40894
2797,38,69.02987858,156.2499455,Male,1561.032303
400,63,88.15351363,163.227179,Female,1403.607221
8203,24,60.15468957,185.84846,Male,1626.041276
5859,41,69.12162789,186.0445334,Female,1481.129812
8078,46,47.86374247,162.9775591,Female,1039.166655
6693,22,62.16236132,180.0573592,Male,1612.351968
280,39,48.90793973,162.18952,Female,1148.334728
8522,31,72.33903459,165.8402948,Female,1373.49359
54,48,61.80017537,169.8034277,Male,1482.288668
3824,31,49.95324407,155.6150373,Female,1151.025942
8255,20,75.13105537,161.7622349,Female,1531.420812
8544,40,87.56488732,142.6644683,Female,1363.693145
230,55,63.6634442,175.6786264,Male,1384.561949
6760,53,83.65489275,182.2664155,Female,1450.215771
3771,40,66.18151691,165.8706479,Female,1379.291656
2532,56,67.33250571,172.5294464,Male,1511.716817
2661,20,86.77699286,155.9045597,Female,1570.316386
8932,18,75.87923466,162.7478245,Female,1495.335843
6571,52,63.88461945,173.9428817,Female,1264.217939
4137,18,86.81279095,188.6662534,Female,1741.35432
1984,49,78.7287263,177.8381198,Male,1616.327803
8300,59,49.8319035,174.0705971,Female,1146.819862
6449,61,90.88287066,193.95359,Female,1710.468055
1481,20,67.09639664,166.0087228,Female,1437.207882
7050,23,50.50453402,180.0197019,Male,1450.57783
4265,26,85.22298879,183.2056034,Male,1914.421769
6714,38,77.14070131,166.9131106,Female,1491.925638
4619,30,84.85550565,164.7885913,Female,1580.85254
6144,25,90.13397766,182.7674833,Female,1697.019749
255,29,75.85226387,163.4814351,Male,1639.879741
5624,25,75.64474277,169.9596473,Female,1492.732591
2325,64,60.78354915,165.7054013,Male,1271.528165
2570,20,83.70091697,170.7727504,Female,1611.653054
8497,18,46.27029313,155.1777689,Male,1353.755841
1960,23,71.93848419,165.9101648,Male,1654.646621
5763,61,56.87127541,167.1706024,Male,1301.495336
7197,38,49.61616923,164.8684195,Female,1148.761419
7712,24,64.4937899,165.3861014,Male,1594.229689
8789,27,87.15326883,177.1115963,Female,1710.301414
1426,56,83.70009633,178.2301202,Male,1653.178869
2815,43,87.47531169,168.701408,Female,1517.370035
8420,50,65.28871123,167.1958134,Male,1352.491132
3736,23,62.39780807,182.6847147,Male,1678.781782
631,59,46.01063191,189.5037659,Female,1219.203512
8869,32,87.39810244,167.1405519,Female,1587.429135
2803,23,68.28566539,183.4684353,Female,1597.528406
6867,19,72.95896846,191.3132493,Female,1643.84551
3195,44,65.03433236,168.9289275,Male,1474.058058
8759,40,47.85829755,175.9998689,Female,1236.417021
8633,25,49.97174477,168.9900308,Female,1150.820745
3187,52,94.13596172,175.4768827,Male,1751.737445
8111,28,63.14033006,155.8268624,Female,1327.013143
3757,47,56.10319418,188.0664922,Male,1443.441529
3135,44,84.84881644,174.4490057,Female,1545.061937
4142,38,78.54595598,160.9455469,Female,1512.768643
5487,42,77.83937269,175.0953608,Female,1352.820342
6005,20,69.58560422,157.2560499,Male,1572.8628
6380,53,72.00091991,174.6211383,Female,1366.312381
2032,54,71.07916975,170.0166447,Female,1322.059961
4212,35,78.05409823,170.6978193,Male,1543.464267
8804,42,54.67467578,170.6494966,Male,1409.456566
596,37,84.40953702,164.2071587,Male,1714.850206
6641,30,70.46080668,176.8124782,Female,1539.611454
1181,44,45.79827239,173.477666,Female,1139.47123
6086,55,53.05374519,174.5210975,Male,1437.867163
2555,36,68.81622307,161.8924165,Male,1440.631432
1106,51,76.29860506,174.1675311,Female,1441.018822
8994,37,83.68098014,168.2776934,Male,1640.224924
1021,61,76.13149924,162.1713669,Female,1348.786255
4474,23,53.02907485,182.3682859,Male,1486.773971
5202,63,47.54428064,171.9820939,Male,1193.535552
560,63,85.66780992,161.7712976,Male,1495.482962
4760,21,94.50549426,179.0220401,Female,1797.727342
76,64,84.84023394,163.2296189,Male,1586.002252
3828,18,53.14960296,183.6865121,Male,1531.194035
2981,38,68.62780408,181.3828661,Male,1574.684862
5002,21,62.30096111,165.5611379,Male,1737.70773
5580,60,68.20352883,152.8917982,Female,1140.758577
1606,56,86.58191583,170.5130566,Female,1557.141393
550,32,68.63496318,154.2643548,Female,1342.278245
6545,55,83.93440627,166.8495643,Male,1597.768166
594,28,85.8094543,160.5996127,Female,1511.232969
5448,37,86.02807717,173.7315982,Male,1736.561922
3398,22,72.75969388,186.3141159,Female,1615.328724
6034,44,64.69764124,171.5496678,Female,1337.586576
214,57,60.05153621,171.1828465,Male,1386.908827
7222,56,82.81644781,175.093512,Female,1534.576565
542,62,83.41877941,157.5993922,Male,1466.446494
7955,40,51.94535602,186.0256796,Female,1335.153771
2902,32,56.00008466,169.9270013,Male,1549.64089
777,40,69.35230301,159.9635042,Female,1369.641037
1031,19,66.43010371,171.5109193,Male,1659.095468
7834,57,72.61253486,166.1119547,Female,1199.154459
8191,37,58.60437841,168.0349605,Female,1305.176435
6767,47,73.66463508,159.2900079,Male,1540.192963
8209,57,37.65331119,165.0118609,Female,1024.022383
8475,51,75.80995586,164.1273758,Male,1526.061492
5887,59,78.03822189,163.6087812,Female,1433.36213
6801,20,47.63841112,189.4814974,Female,1481.931899
8040,44,62.77605616,162.0544115,Male,1412.527127
6759,18,62.80570408,153.8280856,Male,1505.117829
7764,18,81.5477683,177.0957968,Male,1892.224957
1590,36,57.18230211,167.7593272,Male,1376.666887
3403,21,51.05332891,186.5118302,Female,1407.523068
1638,53,82.79536859,145.8261591,Male,1537.181231
4119,51,47.49239328,169.8234599,Female,1016.229192
2984,36,61.71912623,184.7288582,Female,1405.234648
2907,53,43.52422352,158.6453208,Female,1070.213861
4490,27,91.35971788,168.356937,Male,1911.40969
3879,62,82.36690074,149.8431019,Male,1414.840079
6643,26,83.96456418,179.4065576,Female,1689.476765
4185,59,81.0386892,172.4974374,Male,1680.25566
3336,60,75.24267225,160.324078,Female,1212.939334
7982,34,77.55318693,158.2208646,Female,1410.957771
4674,27,76.70345054,165.0632242,Female,1507.634771
854,24,53.93984316,169.1908713,Male,1522.294783
5523,29,98.09555923,175.0135007,Female,1794.387722
4104,43,34.63637639,162.3179861,Female,1003.885462
4934,39,58.87584057,159.9030072,Male,1398.058652
6610,22,88.99486385,171.7371308,Male,1846.311372
5752,47,66.45164674,173.6145248,Female,1334.676221
2421,41,51.91973499,185.9309582,Female,1371.804961
6071,57,68.53299091,178.3468732,Female,1250.552642
3306,27,66.58347982,167.7634,Female,1433.679912
147,47,73.24447063,182.3779818,Male,1694.705969
2044,19,77.09322418,147.6243167,Male,1617.483667
5388,34,76.48369622,157.9837301,Female,1373.822323
402,49,76.7164289,167.032716,Male,1651.989572
3475,43,91.38769258,153.0407162,Male,1716.659204
39,43,73.24836492,182.0512442,Female,1505.477417
8391,57,73.22563218,173.9081942,Male,1550.040312
265,42,75.0474482,171.0788191,Female,1409.785095
3005,29,60.07527783,183.1176094,Female,1466.607365
727,60,69.02249376,163.3221005,Female,1305.701349
5897,33,61.83801097,180.8582903,Male,1615.675202
2975,58,61.23162016,160.4710387,Male,1357.9012
4282,38,61.40112363,176.1828453,Male,1529.364905
3989,60,73.25241002,162.6930509,Female,1255.314025
2130,41,66.52757972,171.6353773,Female,1450.577511
7810,31,103.4190158,181.7603727,Male,1999.527815
7552,37,70.87713288,170.6781147,Male,1553.877084
7872,60,50.30294191,179.4637058,Male,1430.943557
6750,61,74.29975193,162.4828897,Male,1403.899365
2335,63,46.1009223,176.4938785,Male,1277.827965
486,56,70.97769476,170.6881042,Female,1359.001939
6395,43,52.98054986,175.9171989,Male,1442.810498
2364,24,75.23633907,160.3248276,Male,1637.500138
7163,45,60.81226417,156.648761,Male,1314.892157
3731,50,92.15245354,178.5120776,Female,1667.73242
3882,34,83.61267912,172.4295817,Female,1580.330413
718,39,46.54880261,185.3335076,Male,1523.01708
688,29,62.61061905,178.951922,Female,1448.679843
5559,63,73.99686976,163.9918841,Female,1286.163011
2094,60,63.02266931,185.9331513,Male,1481.732094
8929,32,54.19172704,172.8044356,Female,1259.12877
5600,18,93.23057327,170.8150415,Female,1796.983464
8115,40,30.24708409,177.4927415,Female,1050.792276
5317,27,66.84363638,164.4587851,Male,1567.481528
479,60,59.56806088,160.3137522,Female,1149.327629
3895,24,47.33679514,164.3798816,Male,1390.252776
7063,51,67.68789451,173.6981469,Female,1340.843033
1763,33,42.58802434,163.5547964,Female,1160.456986
3332,23,95.23443256,181.3697241,Male,2040.994279
8957,18,70.16889077,174.2171828,Male,1704.295674
4722,46,71.255524,169.3566452,Male,1619.696859
5331,46,54.55742088,193.4555804,Female,1390.940264
8363,19,63.17075906,182.6578452,Male,1708.44125
362,48,73.46653027,168.312623,Male,1632.225685
6362,48,62.30298859,173.6586145,Female,1341.730602
4464,58,86.26549517,161.7326635,Male,1632.905491
7257,41,82.08183144,191.1220625,Male,1817.709562
5977,36,75.47835449,166.2812396,Male,1592.602637
8588,31,49.8523333,165.7839296,Female,1322.158616
2081,18,45.85777102,172.2077814,Male,1489.301847
6914,50,92.46701383,179.713275,Female,1736.012496
8775,38,52.25128242,181.2700247,Female,1336.144123
568,58,52.10136883,166.9985487,Female,1196.913826
4737,27,86.6878364,172.5264094,Female,1691.375054
3519,58,44.44875609,167.2023128,Female,1017.947628
3049,40,54.9180506,179.4366205,Male,1531.531083
1702,36,60.2999933,163.3305798,Male,1459.903938
1771,18,79.26715202,154.7582143,Female,1551.281329
3769,26,51.49918396,151.2062835,Female,1026.365656
7686,28,47.54264702,188.1002689,Male,1409.292506
3584,49,67.17087385,153.8302446,Male,1402.194813
137,37,56.60268653,160.7026922,Male,1390.547387
3024,42,48.57778447,169.7046805,Male,1417.989631
6357,42,71.24429012,156.2636293,Male,1356.125038
2695,35,54.27398531,179.8629415,Male,1515.20492
8033,64,87.44824904,164.5708478,Male,1605.400995
1357,29,79.92167874,166.2575244,Male,1710.76925
5734,56,57.6242668,171.2759536,Female,1226.008196
2503,25,40.92437036,173.459063,Female,1198.952693
1456,48,64.21062334,172.8638688,Female,1277.878265
5846,55,82.4800924,194.4840063,Male,1792.395651
8844,43,53.94363729,163.1134847,Female,1155.113003
1421,64,72.58936255,161.8140427,Female,1260.567348
7424,56,82.00624293,171.9235788,Male,1570.036076
2995,33,66.72082958,182.8426871,Male,1614.433674
4924,34,64.30435666,170.5719796,Male,1556.04145
2762,45,70.38406192,171.7315321,Female,1377.36241
4081,36,50.87771898,181.7194497,Male,1553.203699
8881,48,65.57745593,171.3714394,Male,1434.320153
1471,58,44.71503474,162.5616025,Male,1140.914537
7737,21,60.85137688,174.1218546,Female,1409.55067
7745,58,76.90800579,169.3591008,Female,1380.523992
2848,32,69.06391239,156.9440468,Female,1382.611218
4105,22,96.89929862,170.3321313,Male,1934.041906
1125,60,74.82223079,173.5866866,Male,1525.258768
6827,25,87.25013587,165.2789384,Male,1917.143161
5795,59,85.07295285,145.3815864,Female,1274.507411
8648,45,65.40958145,159.3821125,Female,1320.324858
266,37,66.51118159,178.9817881,Male,1589.977935
119,49,78.31849283,168.1184024,Male,1575.063469
5384,27,58.97055534,172.2860937,Male,1622.484286
7587,63,52.54395519,180.5859176,Female,1233.318959
7931,40,86.43110249,176.2826928,Male,1788.863342
6520,25,61.13629734,169.1579795,Female,1396.798441
8571,40,61.72802676,166.0546744,Male,1476.796709
3892,29,68.8236315,165.9395365,Male,1559.059368
7778,46,47.55056628,151.2173923,Female,1042.708609
1913,48,50.51747559,165.1259486,Female,1131.090421
982,53,68.16442784,164.3708325,Male,1443.36973
8829,46,78.55172671,164.5319389,Female,1464.921899
229,61,78.60571343,170.3105237,Female,1396.239755
6084,22,62.31073519,167.0742601,Female,1384.802801
3751,40,70.9058728,188.1541893,Male,1775.29041
623,59,67.76351393,177.9547963,Male,1524.77234
5296,39,82.12695539,167.1288738,Female,1460.00086
2504,42,67.48811381,165.6284886,Male,1525.602877
8007,52,75.94270082,173.7613344,Male,1549.894474
6051,21,88.32530207,160.2751143,Male,1761.692154
5247,60,73.89271566,169.0100358,Male,1456.632178
2817,28,68.28670328,174.0707181,Male,1662.701065
4170,44,78.56549481,178.8782855,Female,1404.456304
3330,36,95.61807396,166.977747,Female,1673.180617
5563,41,35.09520669,179.9650176,Male,1293.838199
912,26,97.03476508,161.9902765,Female,1695.126588
5414,41,89.05423207,171.6827314,Female,1589.664539
4359,23,40.94684891,172.16747,Male,1375.913528
1359,25,74.65222429,168.8682741,Male,1779.755392
413,34,81.61613616,155.6500045,Male,1523.962693
152,40,79.05114116,162.8331743,Female,1517.566673
4571,51,81.99517875,162.0332215,Male,1651.876069
5399,27,48.56764647,171.5221311,Female,1187.16615
5411,29,86.07405072,181.5201639,Female,1621.907893
5116,25,40.39771363,177.8001354,Male,1448.604745
3149,34,70.11399166,172.2509584,Male,1579.024186
7296,58,107.4691806,158.2639365,Male,1692.733284
3017,31,71.91177122,166.8941524,Male,1651.558241
2881,19,80.05337643,164.1323871,Female,1537.162573
5318,51,68.19315074,180.9875066,Male,1523.922293
8977,40,91.29056222,176.8921751,Male,1765.079717
1459,46,92.94268038,181.0792172,Female,1679.516077
649,45,68.20152053,165.0277758,Female,1341.45367
329,31,97.12503975,179.129767,Male,1920.376537
6304,57,86.12306153,188.5111574,Male,1704.94309
7879,38,56.37120476,184.8414683,Female,1383.457705
6053,34,100.9813484,196.7704795,Female,1853.408187
8749,32,74.84827179,164.1878367,Female,1412.055976
2389,21,43.67537307,178.7912539,Female,1255.693377
236,44,93.08517033,173.5346682,Male,1803.443364
1605,19,68.65654723,182.5556713,Male,1671.001553
539,57,75.69840925,161.3472793,Male,1367.208925
2796,31,59.75881971,179.3978328,Female,1409.662418
6702,31,72.98697911,176.6219313,Female,1481.065567
6403,29,84.03124277,171.1574329,Male,1786.542028
204,23,65.91913912,176.3600024,Female,1449.709315
7584,21,69.24898712,164.9313868,Female,1412.307756
1662,43,99.71781828,175.5758758,Female,1675.576253
7657,51,67.7084859,148.8143023,Female,1304.649567
4192,26,65.20389104,144.1480513,Male,1471.708566
218,38,86.86039144,170.3582983,Female,1511.988595
721,64,43.89864344,166.6759809,Female,972.2405518
1149,44,77.61948413,189.4170811,Male,1665.754165
4213,44,68.18284731,169.0636404,Female,1318.517881
3442,49,77.70155624,188.8549851,Male,1779.050089
548,46,68.13537818,164.8762137,Female,1413.440504
3377,44,87.86472647,172.3407466,Male,1666.155544
1179,49,77.45756346,180.3402153,Male,1694.534824
6290,62,76.24218384,164.2935089,Male,1475.030977
8603,49,60.52909926,153.1001155,Female,1225.32114
4453,41,120.8280627,156.1112656,Male,1966.964699
3175,42,64.23233869,185.4417823,Female,1400.197707
7080,19,75.2516529,163.7342903,Male,1682.574398
1059,52,78.93317901,178.2613014,Male,1621.635085
2162,39,54.31955603,174.4056794,Female,1343.431233
3200,39,75.89298593,170.969445,Male,1715.089214
1090,26,74.36774365,177.6717487,Female,1606.489694
1017,26,80.67560477,170.6635552,Male,1719.842274
7687,53,85.78566451,167.5084832,Male,1672.515496
5261,46,56.26151193,178.5905365,Male,1359.97205
914,46,74.11335618,171.5294686,Female,1396.84882
776,62,85.94436717,181.5371227,Female,1513.752485
7787,64,83.76691519,165.9051605,Female,1430.660908
101,30,61.74472047,188.6035889,Female,1454.572626
7444,55,72.87880874,175.5633533,Female,1412.256704
4065,18,49.51059798,174.9063118,Female,1343.918424
5737,38,57.17503036,148.9922196,Male,1208.703697
5446,32,66.90292163,157.5024022,Male,1483.809441
5189,63,67.51296905,176.8777426,Female,1394.309036
5912,45,74.86034917,170.1350904,Female,1477.069621
7549,34,63.97794576,151.0434149,Female,1175.142279
5277,25,62.57691695,165.9174121,Male,1533.078044
870,20,60.34796919,170.0384613,Male,1480.614483
8481,48,75.7995287,186.7583253,Female,1498.428294
6763,38,63.15484578,157.5171559,Female,1149.818936
5776,42,74.12674286,179.2517126,Male,1659.490683
7095,35,63.46784824,173.8077725,Female,1250.903417
8437,32,63.62709772,174.2556533,Male,1602.269399
293,21,81.8205699,166.7915397,Female,1533.488461
5171,38,76.24385895,178.1672978,Female,1581.422946
6635,59,64.42003823,172.0782791,Male,1439.765007
4459,57,89.38840331,167.4728316,Male,1676.818679
2277,53,70.49638166,164.7639458,Male,1434.706892
6675,49,84.10318638,173.9329826,Female,1456.290986
6381,56,64.65703271,172.8025786,Male,1536.212792
1596,32,64.80961429,165.2637424,Female,1304.66496
251,31,47.17847476,188.2320132,Female,1323.647025
3881,56,67.48719938,171.3408131,Female,1328.236385
6890,38,50.8923164,175.2970036,Female,1219.37583
7047,26,86.07202396,170.8422537,Male,1784.984737
5494,62,79.55951468,162.5134699,Female,1373.024148
8324,46,67.88875326,166.2123385,Male,1530.015518
7090,61,52.86685889,179.3094358,Male,1391.442047
8570,49,72.43594978,161.0560494,Female,1333.142154
2439,62,64.98706489,162.4504972,Male,1460.496699
7915,22,54.07590929,176.2072242,Female,1502.293894
8026,57,59.89106015,163.2331832,Female,1177.14593
3927,30,70.2217915,172.3309512,Male,1627.455679
4530,33,59.70980944,172.7791351,Female,1389.3386
4745,41,61.55004984,168.97906,Male,1450.650389
4346,29,87.60712727,159.5960818,Female,1573.767975
5160,48,72.22064763,169.5006043,Female,1454.179283
7298,42,83.54745375,174.2046991,Male,1613.299252
7016,56,61.4770082,175.126764,Female,1233.711193
3257,27,61.18965157,181.5341859,Female,1448.036615
3552,62,67.86408105,174.5415061,Male,1542.965911
7743,22,53.29310766,170.4979772,Female,1372.989317
7416,38,76.60409676,157.9566205,Male,1592.86893
3065,19,51.39543878,160.95659,Male,1412.146571
1290,35,56.16470865,166.4959019,Female,1240.014219
7439,36,64.55311337,159.1572685,Female,1258.635093
8287,36,76.79097226,168.8478424,Male,1729.966112
5564,44,74.70830485,175.5822221,Female,1451.624144
7500,27,55.99991502,170.3416248,Male,1482.954789
8822,25,66.72488681,169.4508975,Female,1560.150833
5758,36,72.48183919,184.316533,Female,1655.576849
7675,42,38.09612139,167.4980907,Female,988.1894092
7314,57,85.61190252,182.5521104,Female,1500.388606
1663,47,80.7959722,159.3674135,Female,1407.212091
3973,64,68.56737486,145.8880723,Male,1252.994382
2426,36,56.68934352,143.7405982,Female,1116.425755
5751,51,69.34480989,180.3218875,Male,1602.568861
5685,26,47.06329984,168.6495033,Female,1212.808749
8068,44,66.98048802,170.5274407,Female,1312.5033
3416,45,78.87298392,169.7401962,Male,1648.713987
200,58,55.33858499,177.4669141,Male,1394.518833
3661,47,74.44081341,171.6337635,Male,1580.845307
3380,61,61.7625434,150.3095521,Female,1117.023598
2164,20,69.23342335,171.8023079,Female,1543.558139
4399,22,77.7522435,174.8863914,Male,1848.83844
6320,59,69.2144581,175.6166941,Male,1481.248007
3307,18,38.53203315,168.4019532,Male,1313.588397
5056,32,77.2561807,186.693131,Female,1701.308824
8783,61,63.02682058,175.6201723,Female,1264.738583
7202,34,55.2504922,181.9960297,Female,1360.788226
5569,40,66.402709,171.6357478,Female,1391.54302
576,26,71.69193273,156.9730525,Male,1617.915604
4533,34,94.48874157,165.7690457,Female,1669.954207
6112,44,91.57932054,147.4964649,Female,1541.610364
2313,53,47.51769831,167.3478575,Female,1091.01872
7641,26,60.80694941,169.4761187,Female,1374.38158
8650,56,50.63014693,171.053436,Female,1130.784475
5440,51,76.92846365,171.1329529,Female,1419.726228
896,61,40.72059673,160.734406,Female,815.9855438
2358,38,65.64844383,165.1416942,Male,1510.454663
1158,28,70.479212,152.7107824,Female,1377.174138
6896,61,91.89312919,188.2234907,Male,1836.960217
5258,54,101.2986682,175.531883,Female,1690.337459
5045,62,68.82382677,180.0182037,Male,1481.493492
2232,29,64.39817922,187.0853397,Male,1629.005115
6724,57,99.66457426,175.1454259,Female,1617.132125
3129,44,81.00531947,189.6633007,Female,1652.984441
6184,51,68.84317949,183.8514942,Male,1544.766408
549,55,53.10618125,174.554312,Female,1206.569677
273,47,75.03391776,182.0512153,Male,1689.598275
8091,63,65.41208635,173.8466486,Male,1395.66684
3634,40,92.16844164,179.4705479,Female,1644.880494
2635,45,113.4350964,147.3000816,Male,1784.145644
6903,22,77.56059107,177.7883325,Female,1666.658391
5627,27,58.6430637,165.6027359,Male,1407.510569
3621,48,73.94984477,169.5676549,Male,1562.220112
8064,38,81.1527921,167.7603044,Female,1517.75731
7959,34,76.78044011,194.2021873,Male,1853.504429
753,39,94.98022159,191.5847524,Female,1804.169039
2689,36,71.13860671,167.5624665,Male,1605.478356
3581,29,72.17448507,178.1581465,Female,1598.346939
5541,57,75.16615157,173.8175835,Female,1368.957538
5562,38,82.54531563,168.156667,Male,1648.402059
2782,50,58.04560017,185.9094883,Female,1350.915606
4570,22,95.08182923,164.0294189,Male,1959.303621
8790,21,54.17603926,171.8739133,Female,1365.451859
8254,55,65.75064352,181.3054922,Female,1350.570136
3,62,62.08922513,168.9576151,Male,1413.495873
8859,56,72.92754004,162.7708846,Male,1398.938691
7531,36,67.0107028,168.9497727,Male,1665.636275
3926,19,68.45843171,169.1847359,Female,1538.715607
3466,41,64.25260345,159.1209883,Male,1504.082588
3321,40,78.80806263,173.6670404,Female,1563.973925
3748,21,86.58302971,189.513468,Male,1958.105126
7837,57,78.53312867,170.6149038,Female,1343.799709
441,27,64.61661663,170.8663152,Female,1420.52195
8853,30,53.82160559,178.8191256,Male,1554.247113
3845,58,78.63460553,164.8364471,Female,1413.88629
5531,58,79.45709547,168.5513239,Male,1656.077345
6744,33,56.8879866,163.1832756,Female,1183.239722
5111,34,73.84447621,169.0045349,Female,1411.45787
2423,51,80.55595762,170.7968188,Female,1498.243727
5755,51,62.45961974,182.1968127,Male,1560.409197
3452,50,66.39346516,163.1119457,Male,1439.802058
5871,48,37.37048955,173.3914475,Male,1243.790244
7951,43,90.00236822,158.4247786,Male,1690.624722
2870,22,87.39730194,175.642699,Female,1706.384149
8061,29,79.24983562,185.6120371,Male,1871.59343
8286,20,70.59763375,177.594615,Male,1751.673896
954,42,84.49633909,154.6655832,Male,1693.033806
716,24,91.55301089,166.5755258,Female,1739.267681
750,25,74.3011576,169.2792653,Male,1671.963013
4984,58,95.1067144,176.0105631,Female,1555.984872
482,24,65.05153494,172.3543443,Male,1578.317145
5855,60,47.97832464,166.24218,Male,1269.36295
2287,42,98.01801293,184.9130031,Female,1780.10503
7533,20,78.68747639,163.7414447,Female,1560.735374
3060,25,89.99989096,165.4733858,Female,1664.241206
3193,47,99.19903159,189.7043308,Female,1821.376208
6542,18,47.26931645,170.1648801,Male,1372.70456
7291,50,58.44576324,182.7046113,Male,1535.458117
8794,50,59.80061406,169.6570918,Male,1501.665469
4014,58,37.80997778,171.3410918,Male,1162.865308
6993,60,62.54104419,161.1787367,Male,1287.230461
3855,20,86.92553886,174.6673496,Male,1856.474722
4456,59,68.19035205,150.2494922,Male,1295.970988
7937,19,101.1205076,163.4492749,Female,1715.402994
6511,27,79.91493302,148.1351742,Male,1571.806901
3875,62,55.59400274,162.0309496,Female,1102.452915
1379,35,68.19953966,172.9297281,Female,1402.724519
2028,37,58.48825442,171.5044519,Female,1380.832565
981,44,60.39026879,161.4337913,Male,1390.24798
6653,22,68.63580346,164.6029536,Female,1475.20549
4889,38,91.63973753,161.3106548,Female,1517.792754
6588,25,80.80778716,171.0171632,Female,1517.095703
5082,64,87.07251283,166.8612476,Female,1422.548557
4074,20,67.45256367,194.351031,Male,1878.333313
7626,46,61.99537812,179.4030887,Male,1500.719932
2351,37,80.47493921,168.7907503,Male,1602.396831
6799,59,72.73034894,170.0807556,Female,1311.301813
4705,39,83.04344045,179.9978505,Male,1708.258693
906,59,103.1856471,160.4357009,Female,1587.842003
5478,22,75.32060065,178.9430498,Female,1485.245847
3958,25,54.28756474,172.538428,Female,1353.233257
4589,27,92.29553548,177.3721832,Male,1905.06687
2614,20,70.55924121,182.6336078,Female,1544.429341
677,47,75.59903028,169.6319528,Male,1591.071884
7881,48,58.92697957,177.4529478,Male,1456.811108
864,52,75.88752153,153.2097111,Male,1323.573703
1740,26,49.38910702,169.6112504,Female,1260.553009
2988,36,66.90368185,187.934459,Male,1750.064161
6336,33,96.73621625,170.1957004,Female,1629.913518
6818,42,54.84515616,182.5367783,Male,1493.664398
2913,47,74.87515071,171.4591112,Female,1412.974353
8106,45,68.95806802,171.9271563,Male,1561.605072
7857,43,63.90862592,171.7398141,Male,1512.782264
5305,43,60.15847882,185.0518174,Female,1329.78598
2552,26,54.70858612,161.8957314,Male,1386.101191
7567,63,60.09224436,153.6057606,Female,1081.635326
347,38,69.50501991,168.9443079,Female,1343.174496
1498,20,78.40585966,165.8305176,Male,1700.02274
6679,56,32.9962973,173.7216829,Female,1062.170449
3962,58,72.39183003,167.7165749,Female,1325.351802
3284,30,39.51457244,175.1970195,Female,1137.263196
752,30,82.62028024,154.1940733,Male,1684.632098
4625,18,62.27669144,177.6705933,Male,1720.391407
6673,49,68.72456197,152.3201001,Female,1257.905406
4207,53,83.54524286,164.1442415,Male,1572.322203
361,48,77.71127632,167.9974065,Female,1401.571195
916,50,60.69123355,177.7379001,Female,1329.061562
1161,39,60.73617012,173.8438146,Female,1322.992923
1654,29,57.12228928,167.4711317,Female,1254.82014
7995,25,78.75717985,169.0010922,Male,1652.327931
3063,48,47.29590863,156.7841975,Male,1186.891221
7538,28,83.60906307,168.7725907,Male,1754.079904
4688,53,101.6929963,172.9972186,Male,1826.23814
8787,47,84.83355973,175.1961435,Male,1663.369693
5492,48,80.68121783,166.369659,Female,1390.813276
8638,27,79.89149664,178.7346641,Male,1800.189399
5422,64,79.70290141,182.6480713,Male,1634.922353
3826,33,76.56331747,181.0601122,Female,1623.978949
7746,59,78.3269824,168.6140279,Male,1560.86822
2486,33,55.56375129,161.5812098,Female,1239.054184
6560,54,73.74737148,174.1282911,Female,1366.240106
4936,36,57.68584101,152.5269236,Male,1343.606728
1980,50,74.28041888,156.6915352,Male,1480.610353
488,35,72.23730321,184.2740364,Male,1772.028089
5364,32,63.31145219,175.5427066,Male,1535.806358
6507,58,60.61655126,175.7545163,Female,1231.136606
1526,25,64.41689394,179.3364234,Male,1643.671076
7033,63,79.89064169,173.7572571,Female,1371.616001
1488,37,84.70810002,179.2146539,Male,1838.839099
4143,23,67.6041075,170.2084993,Male,1555.24465
7026,62,60.77687949,182.2104469,Female,1274.953053
183,42,74.94903487,163.6269403,Female,1390.878803
3270,34,68.7977738,179.4936126,Male,1642.326747
1070,54,70.37547264,172.9876436,Female,1327.207684
5381,40,66.93248252,176.3890267,Female,1443.995984
3250,36,49.93222123,160.3092895,Female,1131.591437
891,41,73.99167746,173.2827503,Female,1487.836514
8116,61,74.79251943,188.1412087,Male,1639.015774
3723,61,57.39108618,153.9136621,Female,1154.115553
2133,63,79.98526746,156.9143528,Female,1319.438996
3311,63,77.31979326,176.4471361,Male,1681.355493
8870,22,85.78098659,171.6965412,Female,1667.119317
7907,44,88.37821915,167.5605994,Male,1634.661075
2712,50,60.03686626,151.9156013,Male,1298.886397
6106,50,76.87213715,184.3196652,Male,1691.385711
7568,49,92.61030712,167.1453424,Male,1776.257635
1805,38,70.27128325,169.7588741,Female,1469.681473
3589,19,46.13881558,186.7006012,Female,1368.996819
6958,35,59.01470268,170.7933496,Female,1367.370902
8529,23,56.84211023,180.564575,Male,1598.577166
3968,59,95.53804152,170.7103701,Female,1644.43408
6010,43,63.96844299,163.8526836,Male,1466.291721
154,50,67.83987456,173.3316891,Female,1432.202424
7610,39,68.08387635,178.8631496,Male,1610.95389
2463,46,72.21055805,175.1912489,Female,1369.528189
4978,44,74.20362539,187.447535,Female,1548.51172
6011,45,62.51494072,165.9143851,Male,1474.528889
168,53,86.93857579,159.5767663,Male,1578.23931
3607,40,46.80434414,180.2408051,Male,1381.615515
1279,40,116.7627828,160.4157194,Female,1783.728708
1675,28,89.74179862,163.1507007,Male,1836.445013
6483,44,84.01215471,191.5391244,Female,1700.487256
3441,35,65.49284655,164.4052751,Male,1541.1947
3171,41,80.85783756,172.9551072,Female,1576.579881
7751,64,89.97847989,156.0135589,Male,1488.992607
796,25,78.70662703,171.1653048,Female,1585.105432
814,33,94.63722178,181.1681086,Male,1955.118183
2765,24,91.72439625,171.3524931,Male,1839.468455
1245,44,93.79944783,156.7435848,Male,1670.911375
7358,18,82.80706655,159.9648964,Male,1790.485598
7747,23,59.30536845,172.5950019,Female,1340.433098
5853,56,56.77770811,175.5479766,Female,1257.401868
3116,31,71.53863767,167.4984604,Female,1396.570545
1551,63,60.0260622,156.2591107,Female,1085.687956
1700,48,68.86707507,165.5695846,Male,1471.688634
4963,43,62.34098591,160.3853877,Male,1324.666797
8041,53,61.63823636,176.7571739,Female,1326.591065
1977,47,79.15376121,178.5121569,Female,1519.561979
5635,48,98.27292338,179.586689,Male,1877.251571
7018,54,60.67449358,167.6245952,Male,1441.243674
4319,37,74.84549947,180.8415234,Female,1538.114645
3313,19,56.67913909,178.9850878,Male,1530.985949
8606,28,43.23546395,137.2576222,Female,1029.361194
3471,37,87.21886826,153.9935971,Male,1710.932884
1568,26,52.47544273,176.7166542,Female,1387.789959
8303,21,74.51838616,184.0620076,Male,1756.385553
8946,55,76.41789193,184.9724942,Female,1372.610965
3101,28,56.66207767,166.0593642,Male,1504.935951
8466,39,92.1321093,165.8613764,Male,1834.843094
7484,62,51.35471057,161.4185614,Female,1114.768965
5927,31,89.90062293,165.3924363,Male,1813.355415
5400,20,71.16716569,154.5468081,Female,1394.495721
1557,21,77.73710505,175.6060223,Female,1598.491675
4598,25,50.87082124,175.187845,Female,1313.805597
5281,18,89.99827164,143.0711464,Female,1603.020007
6226,32,52.84801006,175.6697895,Female,1365.535705
7137,24,47.84886038,171.2907106,Male,1353.1406
3479,25,57.0310448,170.6973263,Female,1332.223671
2138,49,72.35673387,164.4116548,Female,1261.424891
1065,57,64.18252295,169.7764603,Male,1358.983763
7874,30,82.76933682,168.3767559,Female,1500.822927
8181,18,75.33244995,160.815177,Female,1362.167684
3721,24,87.99206086,169.6643989,Male,1844.786089
3008,64,60.37325889,168.620217,Male,1365.183205
8616,21,65.2493323,163.078397,Male,1641.480122
5329,39,92.12084084,156.4760129,Female,1506.701337
5297,62,77.57073536,166.6413682,Male,1551.658143
2269,42,67.71766157,176.237611,Male,1553.281409
3019,33,82.77108106,170.2836349,Male,1757.055885
2996,18,42.40740303,166.4922621,Male,1335.953199
2774,45,57.66403838,165.1124384,Male,1365.700234
1511,49,89.43005214,169.5911143,Male,1656.45624
8464,56,47.73688968,181.2120743,Male,1358.792643
3159,31,57.42754389,190.7630538,Male,1530.925879
1723,47,66.96668411,159.7742605,Female,1261.291384
6058,45,66.96332235,166.6656132,Male,1531.363462
2681,30,66.99320287,169.4650891,Male,1527.593212
2017,61,74.94701105,174.6003901,Female,1285.187446
5547,24,74.26840344,175.0317129,Female,1605.345747
2144,32,67.96090926,159.5921321,Female,1431.967864
6174,58,69.14524326,184.4354076,Male,1542.631887
5939,42,53.54828434,164.1016045,Female,1110.164525
425,45,45.72394586,176.6931652,Female,1171.334971
3436,38,81.59649474,182.0171339,Female,1659.39473
1298,38,37.27881629,162.4998224,Female,1126.536804
1594,60,34.3453105,148.6722329,Female,791.685371
2466,31,58.88430948,163.6594454,Male,1528.234716
5356,23,35.13948651,183.9488265,Female,1377.293095
6905,19,89.56782072,172.4959432,Male,1938.194571
6495,23,63.67791583,160.7692296,Male,1509.405622
7046,21,73.4062049,161.0229934,Female,1387.27524
1778,41,58.76321536,169.7215614,Male,1350.584356
1970,48,30.63720532,158.0558983,Female,854.7015525
5992,48,60.83361932,165.4383514,Male,1438.238465
5866,47,80.47115615,173.010697,Male,1638.576126
4341,35,43.82901397,168.5782576,Male,1320.980782
127,60,61.66678684,173.7884713,Male,1439.408007
3287,33,96.35600158,159.405935,Male,1779.700983
3979,23,74.84880794,180.2529257,Male,1774.876169
7671,58,66.37133678,167.5170767,Male,1414.076347
6795,58,111.2958657,173.7114283,Male,1954.767855
7348,53,54.58927996,161.6084329,Male,1281.179628
8122,28,78.32137689,186.902516,Male,1875.539119
1734,36,54.58434137,188.0049676,Male,1658.575386
4392,59,75.8346724,163.9828881,Female,1287.476667
1250,51,48.60070905,190.5224887,Male,1399.22619
2427,24,47.01725338,171.3980319,Female,1186.309016
3120,33,80.04619201,163.8410366,Female,1549.715555
6809,38,78.95391565,185.423191,Male,1846.271802
7078,31,80.10981784,178.1159116,Male,1775.148919
4506,62,93.98340168,145.9764197,Female,1328.232732
7721,63,73.80257132,170.9035735,Female,1324.543309
7858,45,86.44508517,145.734341,Male,1452.831136
1352,25,49.94380234,193.6615283,Female,1452.845043
4224,60,43.19378483,159.8021293,Female,926.3003265
7144,45,62.62427263,168.0215204,Female,1283.499983
2009,32,53.80995401,168.3064271,Female,1310.725433
6880,18,65.65946545,176.7680633,Male,1760.248049
6502,25,56.64948309,152.1636605,Female,1315.411935
2807,56,50.68861441,171.7755869,Male,1191.946973
7481,20,73.48288742,171.9280896,Female,1455.813314
3032,49,76.03598936,180.310237,Female,1534.177324
2244,37,76.80484707,161.7626687,Male,1669.640894
6003,33,76.05633317,176.0410264,Male,1674.039195
8310,31,74.62406073,189.7910304,Male,1749.036022
5145,21,70.71700203,170.2165015,Female,1448.8231
6950,43,59.77529397,174.0439735,Female,1355.725195
4694,60,62.37029018,175.8332227,Male,1467.115403
8625,55,52.71024922,184.7412898,Male,1387.517812
2930,45,77.59976404,189.7909879,Male,1754.753499
421,63,49.84663986,181.6371948,Male,1229.383141
1736,64,47.60482276,159.837593,Female,980.407129
2261,21,73.48606336,165.0700253,Female,1478.729349
7630,31,64.67638117,168.9527786,Male,1461.59115
305,18,70.76896956,173.4629364,Male,1693.088159
7025,33,58.66581104,163.7506486,Female,1336.917498
4068,54,56.22642637,160.9619275,Female,1133.676096
1489,61,82.79950255,162.6764422,Male,1568.538599
32,48,62.33831478,169.8209259,Male,1519.690449
225,20,63.43056393,167.4954955,Male,1647.555039
6316,22,48.91083116,165.1693178,Male,1370.204872
6046,21,73.05289322,170.7181499,Male,1773.92436
1758,53,76.08788274,177.5994498,Male,1638.895946
6477,19,107.91293,179.2906101,Male,2101.973177
4476,47,63.87945031,180.12544,Male,1624.487735
3286,40,86.99570015,161.2137732,Male,1696.856886
5673,56,43.27374962,177.5523732,Male,1254.672252
4444,41,83.23269246,173.7507107,Male,1725.233181
3420,20,46.08928639,179.9138194,Female,1325.931855
2823,57,59.46999176,162.0763614,Male,1280.654601
6252,52,60.17221507,155.435099,Female,1110.117557
9000,19,66.82561425,184.0446366,Male,1731.790261
671,36,68.2270932,172.9219095,Male,1553.253105
3834,56,80.78960738,160.2423386,Male,1572.427862
7278,27,80.94520189,168.528946,Female,1600.493719
7725,38,60.15163737,174.8115291,Female,1345.782803
3977,40,60.42088911,150.8160797,Male,1304.954427
3215,53,91.63492358,174.8516949,Male,1776.992833
1915,61,75.86914767,177.4573231,Female,1309.054773
4942,59,60.26658444,162.6632775,Male,1422.87058
6959,52,57.82642754,152.8446432,Female,1100.200192
6868,53,62.10134822,181.6945885,Female,1368.703675
6088,58,63.53669002,177.0107526,Female,1339.96224
4650,49,75.91317613,151.407295,Female,1267.967377
4652,31,66.9141556,172.1640907,Female,1450.183707
1086,53,78.25535,184.1656007,Female,1477.420192
3906,62,58.59250407,182.7966558,Female,1252.873161
4248,26,71.89928126,177.2257524,Male,1676.162859
4325,49,66.47179629,175.9934922,Female,1331.736433
8643,31,66.77093598,177.4749508,Male,1575.806063
2403,41,76.49107429,155.2895888,Male,1481.410942
7266,51,50.98123383,167.9851198,Male,1296.060094
405,19,77.30414893,167.2949335,Female,1506.896122
3069,51,65.95756341,166.0263861,Male,1411.878119
6038,58,71.44122428,158.4497939,Female,1256.773393
6291,36,101.1848351,159.2179159,Male,1952.794089
7223,36,60.27123715,168.5130611,Female,1389.723845
4886,34,55.90174857,193.7225105,Female,1375.832154
5930,58,73.7971434,176.1280685,Female,1379.27246
5018,45,25.48544252,181.3895624,Female,912.0608102
685,41,55.80649762,163.3565851,Male,1375.077377
8837,44,57.48129531,158.6860834,Male,1423.106336
6074,30,70.83534973,175.8613837,Female,1451.236659
4921,63,66.31613268,186.5336501,Male,1564.709828
3498,50,66.73598701,158.3629717,Male,1378.960029
6672,37,55.1491871,174.2383908,Female,1314.83255
7681,63,87.72992977,194.0186134,Female,1636.006033
8875,20,79.63809154,160.3752463,Male,1619.060307
2481,21,76.68195025,166.385622,Male,1704.381523
6699,54,86.85465215,172.8172444,Female,1537.620429
5200,63,49.72073693,174.0821137,Female,1115.328044
5298,60,75.02478361,177.7380002,Female,1451.991767
1460,32,67.28139102,183.857687,Male,1619.701341
3717,42,51.1642286,157.4336825,Male,1238.364787
2039,60,83.54382069,172.0294287,Male,1563.15557
3373,42,59.09530643,172.7314368,Male,1542.580371
1963,27,73.23609151,168.4320603,Female,1543.108542
1858,25,78.3578834,166.4698112,Male,1773.12654
4574,32,92.27550759,169.7330957,Female,1668.134263
3302,54,64.88059452,173.8901964,Female,1216.076896
3985,27,53.28916579,160.1206827,Male,1351.304621
646,34,59.15664804,153.7156471,Female,1218.348192
2876,31,69.81209608,167.8356431,Male,1704.412061
1299,20,67.82129068,187.8552347,Male,1859.627101
7209,43,68.90336525,182.1682657,Female,1426.665525
8902,49,55.29267247,168.3823784,Male,1389.660562
4013,31,54.5787029,177.5006441,Male,1557.327992
6713,29,63.76863775,188.7704567,Male,1603.093493
2632,18,66.62529728,159.7982483,Male,1568.164892
5323,55,75.15204126,166.1801519,Female,1368.282111
3797,28,88.9803565,156.3999797,Male,1669.870886
725,31,63.40552685,174.7615527,Female,1356.404141
2781,42,69.68382796,161.475742,Male,1429.06045
7989,33,80.90513428,172.617966,Female,1598.356042
3414,64,75.3446492,146.9072498,Female,1171.254451
950,35,57.06843532,175.4790622,Female,1396.347946
33,51,53.59097863,158.3006946,Female,1023.16413
8626,25,75.84703371,168.6951993,Male,1726.728213
8390,60,56.43118681,190.5461958,Male,1419.43567
789,44,99.13760364,185.3440433,Female,1823.35497
1982,26,73.37229289,187.7801831,Female,1636.038744
6915,40,82.12751665,173.8265714,Female,1603.651245
3368,55,74.34545866,173.7338424,Female,1464.872917
7574,19,57.35849786,172.1076413,Male,1639.550367
8509,25,82.92630426,151.2771669,Female,1533.104205
67,34,74.00684016,166.1122353,Female,1511.902519
1082,59,73.38483566,164.987141,Female,1359.459112
473,45,88.13601534,148.955025,Male,1600.614681
7953,41,81.83976439,173.6220163,Female,1485.83018
1961,51,35.76412677,172.4483893,Male,1237.626533
7244,50,67.66384116,172.981773,Male,1434.333434
2819,60,74.19475355,170.4696823,Male,1494.207312
3362,31,50.64518782,155.3221961,Male,1261.407734
1259,44,39.63496804,170.5451057,Male,1213.23211
254,50,50.08674597,169.4498819,Male,1279.925778
8392,51,61.80434269,163.0430989,Male,1446.327392
2875,57,79.9505367,168.6229794,Female,1420.9845
8634,31,64.87887488,181.027645,Female,1350.544597
5087,46,59.9866518,163.2959511,Female,1199.322142
2580,53,51.36141081,175.3843027,Male,1355.61415
6359,46,91.56994647,170.3724812,Male,1749.880364
8103,19,79.16512562,170.9152889,Male,1765.190374
1285,20,72.89447625,183.0920154,Female,1634.590876
3705,35,59.62332124,174.885766,Male,1522.059046
4071,51,73.55610299,176.3335122,Female,1401.015878
7337,49,59.53246757,155.2801059,Female,1173.280859
799,55,93.63717367,182.2294258,Female,1733.256056
2862,57,70.66839804,156.2399921,Male,1461.402882
182,20,61.29861911,168.8145811,Female,1330.174225
8383,35,68.7728836,183.256253,Female,1560.84705
1510,51,73.20895056,165.9214926,Female,1332.885523
6666,19,60.73549647,174.7153688,Male,1664.21428
1340,37,74.20920036,160.7905967,Female,1347.038458
6079,31,79.29881554,155.351016,Female,1307.914572
8763,52,75.94074134,178.3965755,Female,1520.380312
8139,39,56.27592074,170.8100332,Male,1410.102261
7365,38,36.44213557,151.5668904,Male,1203.95588
88,23,64.41782468,165.7116648,Male,1523.096756
7991,48,79.34802848,176.3495808,Male,1702.224779
4734,42,55.29220433,164.7167521,Female,1173.857725
5439,61,80.43633189,141.0022714,Male,1543.053468
3861,54,60.97831858,161.7540042,Male,1402.867311
8006,34,52.42136568,165.7189933,Male,1365.268784
8291,46,79.33519252,180.671077,Female,1507.893793
3710,42,83.95748925,154.3570007,Male,1645.544557
8852,37,66.19374169,169.1700385,Female,1443.878457
2936,36,69.84964462,177.2267407,Female,1389.150669
2747,29,75.48857433,160.2288764,Male,1558.911131
2943,50,79.3729276,149.1469539,Male,1462.48569
370,56,71.34305399,152.4057646,Female,1185.444836
3921,30,61.37854871,161.6245952,Male,1405.71709
2361,20,52.94166372,175.5948473,Male,1520.080774
2141,64,97.51266175,160.6497264,Male,1634.121248
5696,27,75.77309901,173.3220208,Male,1652.149856
2917,25,60.76704002,180.8901265,Male,1629.962834
31,48,55.58494138,168.254425,Female,1241.539343
5179,39,77.37807906,187.2997012,Male,1646.253429
2645,30,70.89532963,166.7146216,Female,1446.226245
1657,57,59.97961948,184.1833481,Male,1447.862577
5132,61,54.48496744,159.0929798,Female,1050.619861
5238,36,66.69012624,163.5194083,Male,1474.083095
4605,49,85.33389802,185.0395909,Male,1692.734081
8812,52,27.48768157,178.6383528,Female,1033.27566
2180,33,82.18823028,160.4657219,Female,1458.214925
2571,20,50.5780821,167.2463042,Female,1275.287435
3347,46,76.28775206,151.8181451,Male,1536.199725
2769,20,64.38938801,173.4376837,Female,1452.748232
3283,52,61.18863611,170.2690084,Female,1270.031691
6125,18,47.0662338,171.0845985,Female,1293.681793
878,49,64.8705981,183.6963657,Female,1366.870389
1597,31,95.23841966,190.589248,Female,1732.572904
3943,41,72.15958444,188.2501203,Female,1576.270795
1322,41,59.45632812,166.7741839,Male,1393.077633
582,30,54.86759449,184.5652137,Female,1405.342432
5572,24,63.66934312,168.4289562,Female,1385.65005
6846,45,61.06634745,178.5656751,Female,1282.45026
4635,35,69.53324774,196.7057745,Female,1610.643392
8953,21,70.32911278,168.0306126,Female,1479.269518
3181,58,61.36750521,176.487101,Male,1462.486935
3184,30,67.58616214,177.451802,Male,1606.963666
1386,27,58.8921198,181.697468,Female,1445.96066
4551,26,95.85839146,178.1233182,Female,1815.288128
867,25,86.7307335,160.9616321,Male,1777.227119
1163,56,56.73309329,164.5145216,Female,1158.312593
6963,50,100.502868,144.2622712,Male,1676.266516
8062,42,65.42227887,160.8275639,Female,1263.401898
5510,24,46.13781425,170.190184,Female,1181.950783
8305,47,86.72959088,170.8910054,Female,1555.812842
2723,59,75.77247462,166.9804812,Male,1541.654583
1578,19,96.98259692,183.1988216,Male,2016.757622
3539,60,101.9904891,171.6585332,Male,1832.418132
3914,60,76.51131502,175.0204424,Female,1360.241945
5383,41,67.82762129,179.380598,Female,1439.710066
2157,54,74.04401739,176.9551755,Male,1517.617786
7463,21,80.76519482,161.3097527,Female,1552.48358
6242,53,64.23217685,169.9207969,Female,1261.109214
3579,59,80.29682878,173.8512352,Female,1381.853578
6888,61,84.40361627,154.0479226,Male,1405.814887
3679,36,71.22415803,172.9701097,Female,1430.700981
2549,32,91.31406203,155.2341234,Male,1646.820936
3897,52,72.19692693,179.0567569,Female,1355.673164
5334,31,63.77132234,166.4718766,Male,1491.846459
8780,26,64.5222009,182.9434795,Female,1513.573868
3391,41,63.71386399,174.1308696,Male,1605.954982
6049,48,35.03130908,169.1460039,Female,983.8124219
8384,55,78.84558416,152.4551245,Male,1450.731793
3725,51,60.22805259,179.4102043,Female,1296.671782
1885,22,60.36863009,170.8588943,Male,1509.84661
4221,39,67.65773622,170.2284453,Female,1363.041358
432,23,71.96912907,177.0320776,Male,1748.152451
148,27,72.37323316,177.7375706,Male,1646.136585
8863,23,66.30512653,156.2816277,Female,1252.825719
6454,32,66.13912228,165.3377195,Male,1556.290182
8847,22,78.89596785,169.1302333,Male,1743.116316
1849,31,80.43156612,159.5753482,Male,1742.657663
5732,63,65.66071919,167.5408526,Female,1234.674895
3137,48,59.86808965,184.3495041,Male,1570.74753
2947,41,83.31921012,187.4642822,Male,1856.531044
454,36,60.49796629,165.7063819,Female,1286.898168
6064,43,47.43134026,191.9998312,Male,1436.058497
2247,32,75.75303761,175.7743334,Male,1746.630831
8777,28,58.75335963,158.175675,Female,1236.577489
8922,23,72.3089079,171.5893105,Female,1508.943849
4034,53,48.44191403,165.758085,Male,1271.096266
5680,42,74.85456125,144.5571017,Female,1252.757953
1261,49,,166.3122148,Female,1400.689466
1701,63,65.86622601,183.7957516,Female,1352.040547
2165,24,99.48564853,166.4567181,Male,1913.204347
6295,55,75.81853925,169.4652295,Male,1673.079219
3793,37,81.2225423,172.7604449,Male,1752.860722
4478,34,78.54091162,180.2136816,Male,1741.075556
489,61,73.48154206,169.463519,Female,1326.020124
8551,38,67.96089598,161.6112918,Female,1349.863667
7718,41,63.19732201,167.482777,Male,1515.857155
2377,19,35.3834524,175.9886201,Female,1201.745616
2647,28,71.27770814,176.8749509,Female,1542.166278
2190,40,94.65395446,184.4201685,Female,1741.165703
7748,58,,175.6432565,Male,1508.573496
6889,57,70.72057075,162.3688642,Female,1277.70889
8936,57,77.72078835,175.1795725,Female,1399.507865
4227,42,50.77329881,155.240601,Female,1059.922809
1838,57,58.59481852,163.867845,Female,1115.863863
6620,52,66.72976048,170.7188615,Female,1299.309283
5442,52,63.72454082,163.8461954,Female,1144.930095
7522,27,80.29291068,167.2146627,Male,1733.085927
690,33,54.76234099,171.0390308,Male,1473.776426
7570,29,60.43420093,195.4705182,Male,1644.930494
4144,28,47.1316838,175.3991305,Male,1504.021756
2672,25,90.57309465,173.3430426,Male,1771.560182
3022,28,48.95572384,172.4613432,Female,1248.724762
866,21,74.09455608,178.5767815,Female,1562.516773
4980,61,54.08775693,166.0021731,Female,1160.577747
2957,41,82.60911148,172.7051761,Female,1607.688628
1061,63,58.34546276,184.1929226,Female,1279.607477
7997,24,95.83423688,170.3209529,Female,1697.130077
5452,33,67.99361076,180.9815928,Female,1493.516012
5949,52,85.07815429,185.4763813,Female,1577.662007
2013,60,72.24456329,165.8319963,Male,1499.673968
7975,63,76.36864627,172.242322,Female,1328.471955
3360,24,68.88741754,171.9581928,Male,1615.027531
330,28,60.83503211,177.8494325,Male,1543.102538
4012,26,75.28282912,173.5625658,Female,1567.21118
5873,18,54.74104578,189.6361938,Male,1734.15945
3058,55,75.88077935,167.2431777,Female,1322.140797
6911,41,82.10774413,171.4355497,Male,1658.447004
5418,42,48.87327818,165.9379477,Male,1353.255816
2091,47,62.97440417,171.8432141,Female,1294.44371
6921,35,64.58844987,180.8023253,Female,1418.591175
1677,46,40.52564471,165.8132332,Male,1259.270311
6972,53,61.94849733,164.9170762,Female,1197.58345
6497,55,89.51546735,153.2885126,Male,1566.013604
534,21,76.96148123,178.8263222,Male,1796.646923
2804,56,82.76478747,169.3850092,Male,1582.483409
6446,28,80.66060178,174.7157662,Female,1677.839518
8745,35,72.0913821,169.4086875,Female,1372.969165
40,35,65.78981965,161.187631,Female,1315.145743
4214,60,67.89977562,161.804474,Female,1189.373192
3825,64,56.86308264,181.333108,Male,1372.767292
3779,44,54.18929908,179.1393798,Male,1429.978612
1687,21,65.13093404,159.342337,Female,1363.195114
881,34,90.19870706,158.5730343,Female,1601.139218
3147,53,81.00305901,167.0288983,Female,1374.37101
5465,34,97.6749593,169.1828809,Female,1727.405065
2677,30,71.15172877,182.734245,Male,1724.71943
7321,60,59.15952498,174.9611972,Male,1360.725081
4867,59,78.9708782,161.338506,Male,1493.091118
2217,46,86.15987602,164.1941908,Male,1634.570539
8523,56,76.14181413,170.0334379,Female,1427.676189
7010,20,78.44427532,176.6307179,Male,1686.613825
5135,35,65.45371361,176.9982646,Male,1688.611622
4911,50,91.20265219,153.1574539,Female,1379.992927
151,53,65.62961915,181.0356201,Male,1543.537304
1613,47,58.52748269,187.4784153,Male,1534.666868
512,41,55.54480452,162.0503498,Female,1251.282982
5043,49,65.63605862,180.5769264,Female,1421.435493
8132,32,71.90113091,181.3885179,Female,1570.895969
2353,19,78.07222081,178.9324428,Male,1966.487075
3167,56,97.6321974,201.4996314,Female,1673.603358
7788,35,66.93422864,166.994927,Female,1347.002992
2132,42,70.56169783,179.5301031,Male,1659.332966
4832,39,57.16080832,170.6533316,Female,1277.367378
2586,41,76.32942917,179.250996,Male,1655.69562
8655,49,96.07210711,157.7843767,Female,1501.9585
4629,22,52.48612373,174.1259595,Female,1266.811427
3701,36,46.72445868,165.1905077,Female,1244.232939
7924,35,50.29865298,176.6394385,Male,1381.816575
7861,47,66.72468313,163.8229683,Male,1478.616565
1474,20,81.66336998,165.88507,Female,1646.248206
3222,54,57.02897588,148.9078755,Female,1089.006841
8241,49,69.93759248,158.0856893,Female,1290.651804
2372,25,70.01190653,165.4373717,Male,1592.808007
4079,23,57.16728759,193.3025635,Male,1598.525796
8658,60,61.91561239,162.4117881,Male,1374.872497
4293,30,77.79807949,179.1133865,Female,1564.159329
1246,24,71.28599162,163.1241051,Male,1530.350998
3145,24,79.77955664,161.4445626,Male,1738.300238
4986,29,97.278342,160.2330323,Female,1595.419938
4536,53,67.15173369,177.7358805,Female,1307.306355
8452,35,57.07186879,165.9999648,Female,1295.451093
5269,57,78.76696752,174.9063714,Female,1410.110152
8739,48,35.8678772,172.2260466,Male,1124.213022
7726,34,,172.6129053,Female,1438.318097
2811,54,39.31573889,177.7501082,Female,967.1692097
7400,32,93.03342725,161.9201074,Male,1854.803232
5176,29,72.27948644,147.4995756,Male,1453.920274
3042,30,64.4534482,173.0937681,Male,1654.310872
2895,20,64.92952733,177.5834567,Male,1691.560709
6663,64,75.104825,163.5436804,Female,1261.914095
3387,43,61.24327241,176.2806958,Male,1557.331588
5848,35,72.15024784,173.7345708,Male,1718.845757
4243,61,50.12504065,172.6146267,Female,1150.037552
7545,43,46.87461364,171.5791165,Male,1308.640985
7176,37,45.80993573,164.7729039,Male,1308.712885
1794,23,77.05830478,154.0908341,Female,1419.398991
5085,45,68.69395837,174.1543375,Female,1321.176784
7935,21,46.99244539,174.1198273,Male,1471.113852
2360,35,95.37246504,157.4156422,Female,1531.419557
136,46,91.70464068,178.4531344,Female,1586.392991
7292,28,81.17770397,152.6514376,Male,1682.517556
6904,19,69.38298863,172.572547,Male,1708.481827
8415,42,60.73264601,167.3494508,Male,1495.46755
6167,49,84.66552001,165.7978646,Female,1522.221719
7004,41,83.05643705,163.9437226,Male,1684.783276
6785,56,65.68420839,158.3907512,Male,1414.456608
4475,42,57.66644754,146.3412547,Male,1302.833697
5412,27,76.57144454,175.8049374,Male,1724.183236
2327,21,94.03045219,167.2150306,Female,1705.037698
5257,61,67.57206682,188.1808586,Male,1565.571621
8976,50,74.20496707,160.1625021,Male,1444.973875
3839,23,85.75842363,175.1531911,Female,1712.322188
1842,46,84.63634384,168.9034836,Male,1611.612274
5512,51,82.68601779,176.8478573,Male,1698.025315
7586,27,59.24349587,178.2354156,Female,1374.274318
1428,20,69.34897801,185.5452418,Female,1607.507149
6404,64,94.49580309,162.614072,Male,1680.688826
5036,45,67.50477873,181.1382668,Female,1537.887658
1959,59,56.01866625,160.7312737,Female,1156.312856
4750,54,84.29922505,157.0247473,Male,1585.312361
1167,20,53.98055069,177.8649538,Male,1647.909993
6433,56,83.74642567,167.8098871,Male,1552.580796
7883,55,70.3451638,159.966076,Male,1477.320385
8921,62,64.49528583,176.6127811,Female,1204.177175
6440,30,71.64074731,158.9217507,Female,1396.685703
5790,23,68.57066581,168.9441491,Female,1504.788082
4176,18,66.48743483,184.5086063,Female,1654.377832
5797,53,72.54615226,172.785334,Female,1363.918324
1041,45,80.695954,171.5776688,Female,1535.471326
2228,32,79.44791725,187.8194976,Male,1803.930824
6118,52,62.33971614,164.4052476,Male,1441.759084
3739,42,100.0575565,169.6078515,Female,1664.126963
8985,53,66.40111623,159.4837485,Female,1218.634462
337,26,74.68909168,155.1047677,Female,1402.427645
6651,41,109.1363637,165.2312404,Female,1752.329538
7227,55,62.44139725,160.2909157,Male,1429.660655
8735,24,66.61565013,157.1887297,Female,1287.807077
2608,23,70.03429208,177.5415471,Female,1585.266657
3057,46,78.25390624,169.5829606,Male,1536.739747
3599,43,76.40443762,161.8998341,Male,1587.493119
5991,45,63.53288348,150.6525038,Female,1197.471188
6287,45,81.66188365,175.2013978,Female,1558.594864
4904,23,51.76699508,178.0706597,Female,1323.987105
598,21,83.94244172,158.1604369,Female,1605.908142
8059,55,54.41943482,161.8693105,Female,1117.715434
2237,62,82.88497518,161.5689609,Male,1462.575186
1768,40,69.91108622,186.8597834,Male,1671.801154
4394,62,60.54527036,168.0285466,Male,1348.334768
5136,18,62.34617166,186.4313971,Female,1481.912155
4992,41,60.09875661,163.3977757,Female,1243.372745
7062,29,53.9115755,153.3702994,Male,1355.106799
3076,23,73.94181224,184.8085736,Female,1656.487826
3742,61,57.3978533,161.3819321,Female,1060.048185
3258,28,81.52712232,175.3490659,Female,1630.746913
5393,45,80.63096283,180.9935183,Female,1465.282564
3508,45,77.73159745,166.5086945,Male,1558.776212
4283,20,76.50981495,160.3396516,Male,1619.052738
2687,26,60.42950353,161.57197,Male,1435.465262
2299,40,58.87299545,143.7318083,Female,1020.555032
412,44,60.12254171,168.0908674,Male,1454.531575
6120,52,47.63050845,175.5307737,Female,1181.753145
7669,64,44.04908562,144.0528898,Male,1033.951498
2692,46,89.82537916,158.5367288,Female,1395.343753
334,44,62.95328715,160.2481366,Male,1369.486554
5086,32,70.26855745,154.7761978,Female,1386.286464
3631,22,66.25995831,174.7080264,Male,1619.985984
8346,27,64.4789892,191.0594543,Female,1631.391208
1478,24,59.54852043,168.7291076,Female,1395.195239
7707,57,57.01712905,164.1978848,Male,1296.505335
7115,58,53.63746716,174.5981177,Male,1378.488614
1807,21,37.51832607,162.8275567,Female,1135.987573
4451,30,60.83265005,164.4812443,Female,1279.558646
7710,31,97.91369518,172.9454658,Male,1823.450266
6706,46,69.70511241,170.976177,Female,1450.155971
2740,49,63.22692014,187.8993368,Male,1608.233144
6134,39,75.12380505,180.4893216,Male,1667.898099
507,45,61.24982352,167.7093819,Female,1283.250871
4805,33,55.30363001,164.0289597,Female,1248.160215
3795,24,60.73884736,186.7450697,Female,1508.909289
7152,56,85.98096349,168.8073798,Male,1646.786354
6933,19,39.0427354,169.6434947,Male,1374.607433
6012,26,64.17329953,159.9851633,Male,1585.096394
2393,59,54.57071692,166.5434597,Male,1343.155826
1047,18,62.97950125,158.9329778,Male,1494.440228
3823,55,62.42200337,173.8660785,Female,1279.613683
8329,18,82.90242708,168.7013414,Male,1788.666374
924,28,83.3377468,169.4468146,Male,1831.698808
4278,49,82.49051102,158.4432223,Female,1423.467863
2494,25,41.00993259,157.1293972,Female,1075.909692
2396,28,47.141778,151.8784985,Male,1294.795179
1889,54,61.79189203,163.0989179,Male,1312.167389
514,42,36.17426051,162.8841997,Female,975.1196093
7145,50,56.3375894,167.6277976,Male,1311.275424
5474,23,79.04586582,159.5135031,Male,1626.846767
3991,32,89.68476095,166.3242668,Female,1653.438933
960,48,86.58570764,179.111627,Male,1743.778883
7135,20,66.76099297,181.9405945,Female,1481.820595
2268,64,51.62321802,174.9074088,Male,1247.037716
7609,41,72.8868164,163.8456975,Male,1511.232427
5079,41,67.96861432,169.4339534,Female,1396.980093
7846,59,27.22613731,165.2741313,Female,873.501427
4310,57,68.34281781,157.6003611,Male,1339.38945
4280,59,87.07203045,173.2781999,Male,1705.328331
325,19,41.17197073,164.3110312,Male,1348.333337
384,19,58.26273633,159.0912307,Female,1215.811213
4367,47,78.93595385,156.2956425,Female,1293.641386
469,21,47.27343605,181.9256679,Male,1507.648474
8858,32,63.2322787,170.2015505,Male,1608.681583
5477,48,59.19974558,169.4437897,Male,1267.127428
4166,23,67.30893101,154.4741505,Female,1345.630977
3803,51,78.17828215,183.0344962,Male,1576.024422
4576,56,90.60567136,156.021442,Female,1386.161197
7981,61,73.16874337,165.9164441,Male,1451.103237
8805,33,65.74111574,183.7851604,Female,1435.291272
4699,31,62.67474761,166.990048,Male,1547.027178
2098,34,71.97100214,169.6478571,Female,1441.583765
2768,37,63.2715314,188.6689079,Male,1625.976754
7432,41,99.01604501,183.9145105,Female,1800.014236
1834,41,71.67539914,180.5080763,Female,1505.768429
7491,53,100.7448202,156.6468726,Male,1719.876849
5370,49,70.5693368,156.1295142,Male,1419.754145
970,31,72.19294394,182.1326447,Male,1745.520599
4610,42,57.48387884,171.4637952,Female,1309.580371
3226,63,74.37425661,184.3587427,Male,1540.481999
8944,41,62.03667636,177.5069932,Male,1528.271297
6599,59,61.92446205,158.7234286,Male,1363.954319
3359,25,67.29544374,162.3224074,Female,1376.417661
7363,19,63.53526217,171.6871313,Female,1498.228221
2359,53,76.55793904,149.1801539,Female,1253.033988
1790,61,39.02877397,179.6324893,Male,1256.84508
1844,48,59.70984449,179.3185083,Male,1598.416586
4681,46,71.12172151,158.3607664,Male,1428.761352
1136,24,54.83308689,158.4071347,Female,1219.916539
6554,31,32.76459298,173.1763301,Female,1122.899727
6998,39,55.74134975,172.1660832,Male,1424.429122
7448,39,66.57538904,156.0340537,Male,1500.076646
4773,47,84.64852564,175.2509192,Female,1499.856442
7922,25,88.81741722,164.0184738,Female,1612.262293
1374,30,82.95384723,171.7216198,Male,1778.542896
7017,43,47.71633284,171.8432995,Male,1335.729682
6772,60,82.44015683,165.4409077,Male,1632.91092
743,20,75.80220128,182.3299125,Female,1610.519828
6414,23,76.36273392,148.5036778,Female,1391.748814
8378,55,69.91913997,168.5373307,Female,1321.820793
7030,27,85.71787582,173.4486154,Female,1699.585611
4210,45,43.14570859,179.5426816,Male,1369.893552
1965,37,83.86659112,169.0319048,Female,1508.160197
7651,40,75.20213065,170.1989417,Female,1468.554019
2629,19,63.89133146,183.0789022,Male,1692.670444
5783,44,60.31194247,179.1025224,Female,1303.748087
1990,60,76.26237493,152.2435287,Female,1259.035512
2198,27,75.92277991,177.3042415,Female,1642.51327
8613,58,86.22508864,184.2305457,Female,1460.537336
7143,63,71.1657959,178.224884,Male,1574.965199
3933,52,83.59998152,157.861417,Female,1391.211964
4864,63,67.84322861,180.929105,Male,1505.903787
1487,31,46.85004076,176.7276349,Male,1417.694508
2582,30,83.03955341,185.4745577,Male,1866.308691
5824,45,83.47982708,146.6923539,Female,1293.059787
2473,42,45.35216007,182.2478476,Female,1244.91243
3228,34,69.75340199,155.1620356,Male,1595.538512
3764,25,70.84490613,165.3116775,Male,1627.934909
5769,25,73.57048889,180.901408,Male,1687.299812
6297,21,82.04934342,172.057806,Male,1818.984721
5664,47,83.28009869,185.7519826,Male,1782.992397
3056,58,63.08084539,154.710105,Female,1111.88631
3689,41,63.80489875,196.9260814,Female,1404.590714
8489,52,69.59832842,185.4174414,Male,1625.649056
1514,27,87.81480262,159.8287477,Male,1751.331142
5622,21,60.46373243,170.1184787,Male,1533.615128
7790,47,61.76311851,179.4351593,Female,1344.135729
7527,38,91.3110585,160.0468223,Male,1688.23354
4531,50,76.69564228,197.3131444,Female,1613.158895
6695,61,56.46354256,188.5012896,Female,1313.511305
4518,64,46.41030133,164.8096926,Male,1130.401025
364,22,78.97338924,168.8794905,Male,1768.306158
2529,45,74.69206396,180.605364,Male,1589.498022
8193,55,71.93374353,172.5939924,Male,1549.607037
6899,59,71.39933563,175.02671,Female,1328.388525
1418,18,62.53282983,170.2384627,Female,1468.348765
7183,51,97.90770923,170.7603457,Female,1566.164604
2945,32,83.43682707,178.6231366,Female,1570.551634
6460,33,83.37766714,187.2296397,Female,1672.773247
5029,36,66.04900015,172.2708804,Male,1560.383306
765,26,70.38010884,177.9974822,Female,1581.710591
7623,44,56.5291823,168.2566671,Female,1145.166768
2309,33,46.40130765,170.4291908,Male,1383.27444
8554,35,67.87840952,168.1513219,Female,1355.036903
7084,62,56.32470215,174.6314082,Female,1258.456186
8417,24,55.36947817,182.1606978,Male,1493.700944
5130,31,61.70208704,157.8637248,Male,1531.347951
1283,44,76.015981,169.2856113,Female,1395.274965
2865,50,89.54572053,164.7455829,Male,1678.555838
3733,61,74.31482802,169.5699537,Male,1479.873918
6311,22,61.63323575,173.9079561,Female,1374.863043
7960,50,53.46413783,174.2324461,Male,1405.382135
8088,27,48.11775096,159.9617798,Female,1190.062294
3136,52,76.13543969,169.4089147,Male,1536.920933
1901,37,72.24174105,179.6302794,Male,1608.954314
4365,24,46.24533571,179.3880952,Female,1252.081268
2724,41,89.40076223,179.2855001,Male,1703.707813
3608,52,74.25587915,171.6739304,Female,1370.188688
5167,64,51.08771313,,Female,1013.679718
5542,19,50.94787738,164.0351628,Male,1473.859314
5740,46,76.24589941,166.3167754,Male,1604.645774
4977,47,87.4224431,161.9054944,Female,1441.92318
472,26,53.71038732,186.1113828,Male,1545.965509
6503,22,64.87234892,156.3414232,Male,1536.970736
4097,33,60.46391069,155.1063264,Female,1168.102656
5513,27,80.39713746,169.6398798,Female,1582.539675
2638,36,80.61509211,177.1079598,Female,1593.571023
1801,23,64.08582817,178.3694223,Male,1589.321167
2590,63,95.0909291,160.6154441,Male,1594.727341
1436,54,66.56878959,170.1461191,Male,1540.896282
1147,33,35.22965854,149.9065663,Male,1135.900905
7157,62,74.41440352,172.4915681,Female,1296.466797
8463,45,68.1910745,167.8368018,Female,1349.190285
5784,43,76.27292774,178.5434039,Male,1672.602553
7666,51,81.04940926,164.5596677,Female,1422.50502
3969,19,50.87655202,162.7870347,Male,1491.641863
5538,58,51.97655493,182.3230571,Female,1143.107809
1366,49,45.07748699,175.0661105,Male,1310.782133
2240,51,78.69070191,178.8813825,Female,1454.471261
7482,39,80.46460521,155.596519,Male,1530.053267
7287,33,63.75365196,173.4596755,Male,1603.259813
7280,18,95.57180059,187.0413825,Female,1995.333886
6091,37,54.33976544,166.8478383,Male,1375.790716
4915,28,61.21899437,168.3400267,Male,1533.603616
527,61,84.18940879,181.0261737,Male,1703.967705
6766,48,65.89893576,161.2159378,Male,1449.959717
397,31,52.59918545,167.0668166,Female,1172.993415
3886,36,64.20702222,147.5379679,Male,1412.508905
6484,44,82.9372673,184.3821515,Female,1654.069764
8394,22,94.65379097,152.025584,Female,1703.040574
927,41,86.46735375,161.3585692,Male,1656.068475
5544,32,63.71210483,167.9159217,Male,1615.10593
5602,48,54.1077844,187.8639973,Male,1470.431118
8402,23,67.89279326,163.463404,Male,1652.667459
2307,39,85.54184806,187.7326248,Male,1791.821355
6067,38,62.13403342,182.5058982,Female,1401.347453
1320,21,43.52873769,171.410418,Female,1283.997158
1636,35,66.60044605,171.4046502,Male,1597.178095
478,32,67.89087776,154.1933389,Male,1556.691063
4291,64,70.91008537,185.6316781,Male,1589.401908
3564,64,58.96511426,178.0996723,Female,1179.971692
6356,48,82.88402398,168.3413809,Female,1404.374278
2894,18,83.43358371,172.2343259,Female,1668.452543
8283,46,94.98690867,166.5645122,Male,1722.837151
170,21,45.4710324,167.5589298,Female,1220.86272
8843,57,70.17116663,161.8971482,Male,1447.475804
6288,21,74.7510197,184.8501665,Male,1774.888453
5903,34,56.21416879,167.7754718,Female,1263.385267
5658,56,69.07484618,179.856181,Female,1455.425827
126,54,49.68225855,175.0698226,Male,1234.269814
5803,52,65.03824245,174.426835,Male,1520.22196
2757,38,65.59898324,175.5276386,Female,1452.283491
2115,42,87.42269797,171.38118,Male,1734.179898
1865,21,67.37075617,158.8403808,Male,1526.77764
4723,49,60.6727677,180.7332221,Female,1296.546367
2148,44,101.6679767,174.1476063,Male,1880.570024
2831,31,68.1098022,146.9434506,Female,1316.616902
4534,50,77.96705413,176.5166906,Male,1644.615783
2560,63,23.80555795,161.821729,Male,1045.339895
2667,21,48.67620574,171.2908453,Male,1461.360269
4854,24,51.20324781,184.6371228,Male,1624.435159
1312,57,77.04146398,188.6947232,Female,1484.630108
5312,58,57.39815664,179.0151252,Female,1171.087232
8118,55,63.91560011,152.901601,Male,1400.605441
176,45,55.35826273,191.5494021,Female,1378.533135
4857,51,48.95355333,159.2383698,Female,1040.298716
4954,36,41.49665887,180.4686119,Male,1307.446127
5219,51,49.10653893,179.5346394,Male,1391.688838
2942,40,64.73093114,181.1798771,Female,1380.120908
4803,19,73.16074756,153.7922185,Male,1625.918819
8809,19,68.87707746,165.4647713,Male,1639.362253
483,39,92.09059798,161.7395423,Female,1480.464204
5108,31,55.07531404,180.2031383,Male,1461.787855
2438,23,103.0441729,149.4761748,Male,1864.032555
4195,40,72.30763905,175.0726993,Female,1426.108177
8422,60,53.05711949,162.3526748,Female,1035.533596
7071,47,61.29321047,175.4525193,Female,1304.733153
1787,43,54.83985149,184.679369,Male,1530.908388
6752,52,68.16083041,171.0711291,Female,1334.037027
2461,63,76.55652289,169.9708456,Female,1320.537357
1968,48,99.80753958,159.9310838,Male,1846.874438
5192,56,69.51397388,,Male,1431.141084
443,30,59.51274709,177.7973852,Male,1523.24853
6436,40,50.4723132,176.6851144,Female,1295.727235
450,38,85.76568506,165.4310972,Female,1541.217605
1307,41,65.57193895,173.8073753,Female,1438.911102
810,41,69.69047055,178.1890115,Male,1609.657609
3493,41,46.73971098,165.8699778,Female,1205.713851
2844,30,58.00551296,161.264759,Male,1395.057996
3574,27,37.75773587,159.9216868,Male,1204.069627
1507,54,89.85133547,163.147323,Male,1599.9753
8941,31,44.83078983,148.0961752,Female,1036.382996
1919,27,68.4378339,175.6799214,Male,1653.598666
5798,43,75.21102766,184.3423078,Female,1458.092432
6002,53,82.95185628,173.733929,Female,1482.355977
8550,28,97.99761909,191.9712442,Male,2060.290361
6126,34,78.43298749,166.1693143,Male,1678.253097
492,55,97.41412307,183.4291917,Male,1848.975555
1570,33,72.99051551,161.6213698,Female,1338.586992
2798,48,72.53117864,165.8166132,Male,1452.470237
5483,59,64.29458396,166.5544054,Female,1214.009766
2004,64,86.88220579,153.8435482,Male,1454.214786
4653,57,74.83966961,163.782915,Male,1471.59749
8899,50,59.18414673,167.5933069,Female,1274.689886
4385,60,46.35260431,173.5409079,Male,1398.723993
8526,19,67.21587288,167.9018389,Female,1489.910893
1720,63,63.13914281,167.9596816,Female,1149.189797
6308,26,69.035122,155.9679624,Male,1616.819449
8504,45,92.39555741,166.5814325,Female,1556.133786
7300,41,91.67408992,175.7982489,Female,1671.400459
7917,53,70.03299943,187.7613813,Male,1524.332857
5893,27,78.75655944,170.7406103,Male,1721.259123
8751,23,76.38176149,164.8265383,Female,1583.670141
1905,18,77.62496333,163.2764166,Male,1703.508903
7100,30,72.45970511,178.4710358,Male,1727.871605
6832,37,74.95788906,163.6807331,Female,1432.170426
8689,35,63.55556332,189.3999204,Male,1663.763097
8109,24,59.44939455,164.7914589,Male,1618.860157
5593,31,70.34361759,179.4293217,Female,1473.338978
8685,25,79.54880077,184.7586081,Male,1784.143801
414,64,70.23777916,172.4359926,Female,1359.177387
2931,26,64.60523431,177.2660946,Female,1527.893823
3364,40,57.07137681,178.3955274,Male,1491.177313
3094,32,51.31825631,187.379676,Female,1381.449221
8758,53,54.77345614,193.994725,Male,1451.646277
2914,59,61.61062108,167.0068822,Male,1399.650188
4540,24,73.46870638,172.8792319,Male,1749.195093
6396,26,74.1258106,172.3617542,Female,1500.437007
1215,48,47.4919072,168.0083753,Male,1281.110695
2235,18,74.32134516,172.4972476,Female,1607.734979
5556,46,42.25709709,165.0378784,Female,1059.426635
6556,61,57.74663698,148.6018239,Female,1086.268598
4769,45,47.07131807,173.174243,Female,1234.560702
8713,56,76.90133604,155.8361978,Male,1523.220389
3585,44,58.78941358,163.4641886,Male,1470.659235
6268,62,67.67536065,178.0733877,Female,1312.809526
2249,23,53.89021389,169.1830243,Male,1501.430025
4279,52,97.25736135,174.6075016,Male,1800.705125
2305,55,74.59728806,180.3991312,Female,1440.896099
4998,62,58.28693162,179.1267505,Male,1402.40306
8867,38,70.15969339,183.8088076,Male,1660.50218
1816,36,105.1856234,178.7571792,Female,1798.687528
5432,49,98.39520668,173.2011145,Male,1802.643719
5671,33,61.50318149,172.8867563,Male,1500.563603
1054,19,55.78913581,176.5534146,Male,1606.787937
3194,26,40.54860082,161.3063504,Male,1247.796934
8972,55,69.222449,168.5529969,Female,1245.200806
6596,55,71.4259238,157.5444956,Male,1481.608355
7286,60,91.87028323,157.679558,Male,1642.277981
8108,24,57.61311435,180.0941012,Male,1626.043416
4662,51,49.01943093,171.3618313,Male,1290.190269
3389,23,77.17160319,160.8013385,Female,1508.223818
6996,56,79.92040441,177.6836352,Male,1739.155956
4711,41,47.98964234,154.05823,Male,1194.396143
4151,28,53.15321498,174.3190009,Male,1517.347527
6039,61,76.06254274,170.205269,Male,1583.033872
5633,45,51.07099716,140.0502016,Female,927.823237
8543,31,75.2939348,163.4372427,Female,1517.263555
1610,57,88.68489056,178.7914374,Male,1728.046296
5527,24,58.01321245,161.2419322,Male,1536.101939
6215,63,99.65205262,174.0070155,Male,1763.632391
1904,24,65.62874302,154.2846422,Male,1537.20837
1660,61,67.4409839,171.7833827,Male,1502.710057
5152,47,72.88331868,155.1078234,Female,1327.102056
6856,31,85.75053762,171.9849101,Female,1554.743705
2718,54,78.58159368,169.7520838,Female,1480.37349
8683,45,44.47141973,191.8488255,Female,1260.130637
7621,23,63.48368294,174.1345962,Female,1329.549209
7103,18,97.24562617,153.6822364,Female,1584.179185
3807,54,63.16226354,169.1218854,Female,1240.850353
1234,58,69.37091437,171.6118671,Male,1408.29508
410,51,110.7151255,164.515588,Male,1816.097711
3640,62,69.47789687,171.4854725,Male,1507.727781
8942,48,67.00089287,169.9088617,Female,1335.448272
5345,51,57.96755942,181.8538663,Female,1275.527036
1668,18,79.63332754,159.5377449,Male,1679.847962
1308,43,54.61894753,163.2913082,Male,1388.608739
494,47,57.70429776,178.4411166,Female,1230.562931
5945,27,59.00437755,162.1535227,Female,1337.430643
3604,36,91.8982539,171.152582,Male,1894.698498
7633,48,82.76415988,165.0792974,Male,1577.772727
653,64,47.86166154,166.1811748,Female,1042.373337
3028,44,59.98668533,159.659645,Male,1374.140385
81,41,60.115034,148.1963132,Male,1290.945094
1682,37,69.37443169,159.7281779,Male,1491.753718
6636,53,69.92958424,175.7939971,Male,1499.424069
2584,49,59.49184998,161.3802766,Male,1289.130472
7131,48,85.46605224,137.5219643,Male,1467.618515
5604,29,70.83908952,150.739837,Male,1556.02732
5156,26,63.69009333,177.4000576,Female,1434.785932
3001,57,70.89404773,167.8189193,Male,1464.217219
6347,60,61.08687548,166.3391418,Male,1405.248454
4752,48,78.80335203,165.6882501,Male,1584.404883
5656,42,67.02446009,164.675638,Female,1412.516863
129,34,48.44439328,168.4420285,Female,1246.51853
503,45,53.72988993,181.4624288,Female,1229.480091
543,48,79.3069541,174.5299767,Female,1486.094423
4301,60,75.11392677,168.2054712,Male,1511.520891
3112,39,49.04458464,175.8832629,Female,1302.797693
7398,20,79.50949072,153.5494355,Male,1684.020901
3386,36,87.30559708,166.85938,Female,1595.103646
6648,42,68.92690479,169.1608827,Female,1354.499103
1303,61,95.86983538,172.351523,Female,1583.613117
8009,38,47.54024159,165.8597787,Female,1120.001236
6047,56,79.94964391,192.6117802,Male,1727.412149
3342,38,60.44418988,162.9512568,Female,1338.667579
1449,42,62.32017753,160.620493,Female,1241.569412
2049,29,61.74873506,156.434392,Male,1384.609338
1502,37,64.37237915,167.5951661,Female,1392.005424
4315,45,67.95262491,168.7202325,Female,1404.266733
7101,64,72.44492976,164.4094664,Male,1513.012211
4469,39,74.00469798,183.4637852,Female,1573.246328
1287,44,48.61965931,180.8251682,Female,1233.173815
6334,33,71.29211231,176.3634598,Male,1713.174626
8601,49,106.8357633,160.3831243,Female,1748.549403
8149,36,54.61149762,177.774747,Female,1364.093202
8445,25,66.72106925,159.1749819,Male,1557.269673
5517,57,98.09549686,182.1811105,Male,1826.039069
4053,59,75.46169543,177.4635003,Male,1577.521491
6527,61,90.07912633,170.6079926,Female,1403.001384
4753,60,84.3482308,182.7777068,Male,1765.201073
1587,32,34.60702149,169.9499701,Male,1289.658387
209,23,87.74552226,185.3739698,Female,1721.296664
1815,60,58.44794087,170.3731137,Female,1239.623105
7890,23,49.08927597,171.2414918,Female,1277.312749
6329,45,56.63678057,163.9380138,Female,1219.262393
5765,39,59.04031992,166.6198073,Female,1289.179538
2973,26,71.89774855,177.6320421,Female,1510.499457
6365,23,45.07243366,172.4122003,Female,1259.986969
8222,37,70.78372412,168.381609,Male,1597.765602
1363,44,70.88650527,176.3862895,Female,1428.802623
5216,25,78.90152098,169.7961802,Female,1619.817252
8077,39,73.30984762,173.277009,Male,1541.686308
3924,48,66.4316072,155.4889637,Male,1318.188515
4035,29,49.02342019,174.0669888,Male,1545.848425
4751,54,94.87273468,181.4227776,Female,1663.576411
5389,54,74.26305207,172.5689047,Male,1553.349898
7485,37,61.5285596,158.8348824,Male,1339.354733
3820,45,74.61622758,158.1830743,Female,1393.134925
2812,46,52.40415762,168.6355986,Male,1446.62235
1791,25,72.81123154,152.7211979,Female,1376.808342
928,21,80.21701492,171.7255155,Male,1852.23743
2668,24,82.43100092,164.8748882,Female,1576.502031
7575,40,78.23904822,166.0596132,Female,1404.395673
7225,54,46.12045259,181.0530303,Male,1407.203735
5838,26,81.58454289,157.1818183,Female,1435.719332
2826,45,88.04663111,171.3641829,Female,1552.284133
2412,56,75.09887231,169.2794054,Female,1412.617891
6296,52,79.9861511,181.6828871,Female,1537.974207
7003,20,79.92961817,152.9703344,Male,1668.371725
2850,28,89.95535294,176.3986835,Male,1935.15415
3422,20,75.63194031,153.8021217,Female,1381.462872
7194,33,60.62420668,174.9929413,Female,1449.073239
3866,21,75.85856513,159.5056875,Male,1711.503979
7297,23,67.7255727,176.6886004,Male,1628.68018
316,63,70.13331397,182.2061913,Male,1512.010486
615,59,44.32925456,164.8453043,Male,1226.594013
7698,61,110.1690867,164.929924,Male,1743.338568
271,60,65.3826755,170.5153367,Female,1223.427918
7733,19,59.44887604,178.0882411,Male,1648.444403
1006,28,28.74624202,169.9188227,Male,1189.002733
351,54,80.36033804,164.8298595,Male,1640.102064
3798,,57.99302668,174.4301394,Male,1504.054959
5591,32,90.98402801,166.2713074,Female,1652.692706
6267,39,61.07420761,174.0143562,Female,1421.04038
2970,51,51.24132323,182.306607,Female,1282.247993
5025,18,68.43468716,168.5416919,Female,1373.936183
1480,46,94.15152005,174.9343105,Female,1643.62813
1317,32,84.79478034,173.8510814,Male,1744.038276
851,24,75.2615572,180.4616286,Male,1751.91898
8406,35,63.88264631,163.6723418,Female,1346.338277
2890,58,51.31916923,158.9172534,Male,1187.056254
7188,42,86.99209066,155.120106,Male,1580.375802
2352,29,46.50012783,173.2746675,Male,1344.481955
3240,20,80.88659704,165.1592782,Female,1611.5716
1672,56,78.7649701,175.8766376,Female,1436.628728
438,42,55.5132942,170.1666665,Male,1473.836225
6533,55,78.98771487,182.5814002,Female,1535.957171
3083,36,46.40770251,169.9195643,Male,1349.300722
2388,21,79.01993709,168.229726,Male,1765.923647
7172,26,59.84586776,154.759537,Female,1260.994046
6375,24,65.82218757,174.8824778,Female,1419.04471
3100,45,55.50602001,176.7162467,Female,1239.738679
3862,60,76.49640878,178.2441174,Female,1370.080188
4965,22,66.56577682,168.327747,Male,1617.073273
2985,63,70.08072999,158.4574804,Female,1176.981676
5654,64,68.38325971,179.007427,Male,1408.920688
4292,47,83.90167125,179.7127241,Female,1542.290398
2387,18,44.58585661,187.2366212,Male,1523.225441
7806,28,56.88858501,170.9737107,Male,1466.259363
7253,36,88.63084424,157.1021511,Male,1727.754684
780,37,44.28732082,184.9831654,Female,1221.675181
7699,45,74.9497169,180.4106672,Male,1634.313553
1618,31,66.54574569,176.1638517,Female,1485.09167
2001,53,85.63130197,182.2549436,Female,1529.624966
1377,58,76.25986222,160.8536329,Female,1396.668041
3842,19,65.68992837,163.6918191,Female,1408.378382
3218,29,63.63830004,166.2676865,Female,1394.975615
2441,56,67.74989484,176.1718726,Male,1451.607615
8355,61,71.75428958,180.1782303,Male,1578.879458
666,39,77.99763421,178.4794933,Male,1637.265957
6016,53,88.56059382,178.3537364,Female,1573.144558
4417,62,69.3375937,170.8684552,Male,1468.295122
315,64,84.87087293,155.4841151,Female,1313.29851
5441,32,56.25370376,193.3108541,Male,1686.540176
5844,26,57.2200703,176.371855,Female,1389.699742
1956,27,78.52276997,158.088515,Female,1389.129645
5799,50,87.08558982,183.6316806,Male,1801.136
638,33,68.5979939,178.4068283,Female,1576.052628
5468,25,36.7234832,163.6087011,Female,1114.882703
5428,21,67.41024298,165.7870561,Male,1669.104527
243,57,71.8246789,167.5633801,Male,1499.067152
282,22,61.98306891,179.9356848,Female,1402.278602
7079,34,62.9405413,182.1489641,Female,1393.654839
264,34,58.47886213,171.0836071,Male,1475.048021
6562,42,59.49043831,177.3487367,Female,1343.897438
8733,60,45.63066778,179.7157281,Female,1033.204351
3378,61,63.80710259,152.184477,Male,1332.910814
1003,18,74.23865832,161.620788,Male,1622.436256
1023,47,63.73989199,180.5369723,Male,1592.536909
7289,61,66.8596351,154.8599147,Female,1112.344166
8764,42,82.65772262,153.7747673,Female,1348.99513
1074,63,81.47541765,177.0342732,Male,1615.40248
2929,36,58.13668866,177.9934505,Male,1536.009672
697,28,93.9624628,167.9774549,Female,1602.929122
4846,20,75.89634463,165.1003067,Male,1741.231267
7696,32,73.99084377,185.9969508,Female,1599.985968
8443,57,76.59595906,143.508236,Female,1295.761446
4448,63,81.44287998,163.0879527,Male,1550.515636
8949,24,77.21157984,167.446416,Female,1549.207931
3267,19,61.10687502,161.7247067,Male,1571.052287
4463,23,73.85377857,168.7750332,Female,1588.77775
1579,25,65.86295715,164.4014272,Female,1408.226625
4960,20,58.82274483,162.6883127,Female,1322.033735
929,33,51.9979986,151.1823897,Female,1231.576316
7245,18,62.56856216,155.2168649,Female,1395.382866
6382,26,76.63273327,153.8836207,Male,1532.871371
4975,26,81.1685106,181.2493277,Female,1669.668741
8778,46,85.75038594,168.7529392,Female,1476.123998
141,43,69.52233598,149.6732881,Male,1493.881624
8269,62,57.03505962,141.6351313,Female,1061.92358
5149,56,78.24245632,186.9639958,Male,1678.279126
4861,55,60.06850512,156.6017591,Male,1311.676379
1442,49,80.51796288,164.8685381,Male,1583.41444
6761,44,49.33197229,175.4197908,Male,1336.009022
1415,61,69.47591559,167.9140197,Male,1388.40291
806,25,62.00790444,168.0727612,Male,1570.010596
3252,48,,157.1799441,Female,1357.004384
4335,37,55.07643644,161.2495097,Female,1224.663157
1429,62,79.49219397,157.5917746,Female,1299.372364
6437,29,58.01157637,167.9548314,Male,1454.532609
4435,54,53.0247102,162.4494365,Female,1051.175905
5062,56,86.9298029,145.5590826,Male,1475.268126
7555,22,76.17684968,166.3551838,Male,1669.532853
1841,32,72.57423034,181.9648382,Male,1726.747671
1942,46,90.54798491,190.3088841,Female,1717.647087
715,43,72.36777264,161.8360954,Male,1427.740213
2579,28,64.12949285,165.6633212,Male,1517.701936
6208,28,71.99138771,167.723482,Female,1478.745606
5708,38,65.57231999,161.0542512,Male,1430.177588
2977,57,58.26013976,177.1986425,Male,1480.665251
1405,55,40.94022393,162.5271847,Female,982.5288219
2633,48,88.76117277,168.0329592,Female,1560.027663
8755,53,75.7801535,175.5695336,Female,1558.570452
4698,30,46.59082199,151.0367155,Female,1101.170507
5884,34,63.99390664,158.8653287,Female,1382.320587
5224,44,51.54962781,171.7539076,Male,1484.07618
4262,61,56.44143284,166.987564,Male,1303.453352
2206,43,63.898879,191.6315465,Male,1565.916404
4032,39,71.39102639,175.9551517,Male,1717.535769
7182,49,95.58019304,180.4628178,Female,1634.024934
5402,56,63.02185854,166.5394069,Male,1464.832296
1113,19,83.81531921,165.5743828,Male,1752.794692
7870,44,43.04770246,195.3288353,Female,1206.429742
7949,20,85.37474655,141.0562168,Female,1508.044673
256,21,79.03257735,152.7850322,Female,1512.748043
7827,56,63.85469063,171.6888798,Male,1461.931421
6764,61,90.76278048,174.4174504,Female,1531.564181
3141,59,58.25192087,180.3739713,Male,1450.139694
6855,39,54.54283005,180.4649247,Female,1341.020095
4023,62,56.43173206,157.5767275,Male,1187.399236
8568,25,60.84971182,163.2758136,Female,1312.262548
6601,19,66.71316939,167.1845724,Female,1543.28754
481,53,75.41119821,182.6949261,Male,1610.574308
4636,23,54.54392305,172.854749,Female,1329.440688
3983,64,54.58292996,184.3516712,Female,1322.677655
2214,21,30.56574467,151.7803446,Male,1169.005874
2972,54,52.89726387,167.0441924,Female,1211.854854
3782,26,65.956907,151.4594465,Female,1284.933188
4788,21,72.62587861,161.5711437,Female,1429.858172
2868,18,58.66363719,179.5760108,Male,1577.343238
17,46,89.16809943,168.8849409,Male,1737.420274
4333,29,91.92985446,173.6148474,Male,1875.646013
8517,25,55.86937456,174.5500311,Male,1564.378169
3133,59,77.96235918,181.1865656,Female,1464.660322
7968,36,55.33965685,158.6223054,Male,1352.582385
8366,25,53.17309858,163.8491226,Female,1296.84077
7892,27,90.04984695,172.4547262,Male,1792.927367
8540,51,69.03056131,172.9215937,Female,1383.75054
1375,29,77.28804981,151.6765819,Male,1531.311381
2127,27,62.53724401,182.2494473,Female,1494.313162
807,29,76.77537796,164.1506214,Female,1457.676951
4875,36,78.19582014,181.0726693,Female,1524.1165
4375,45,87.6629577,189.3352539,Female,1749.071932
2053,36,94.39532241,170.0680122,Male,1812.251864
5592,29,55.34853543,188.5682903,Female,1473.794888
4755,19,98.94785864,171.6280371,Male,2054.334797
7313,35,68.1217657,173.736637,Male,1522.474923
1109,39,81.40774684,158.3857302,Female,1447.909246
5767,45,58.2244509,172.495821,Female,1234.854255
5385,22,56.7027699,159.3538568,Female,1393.682237
3478,40,65.09214649,183.4564791,Male,1620.929808
8917,55,65.87994993,172.6438891,Male,1407.467428
3836,47,36.63458418,158.4954838,Male,1144.036138
7934,44,87.3202879,193.6234393,Female,1726.494588
7310,37,60.5160881,200.1414395,Male,1622.870914
2828,47,86.77421236,159.173931,Female,1521.76358
6302,48,39.74476184,179.3254722,Male,1356.711795
8640,58,63.44122652,143.1368422,Male,1229.04829
8771,45,69.07306842,173.8537999,Female,1452.04484
4024,40,60.02860985,176.5376424,Male,1417.622534
7235,22,73.41115901,153.8625868,Female,1446.631014
6548,43,34.04091401,166.9754448,Female,983.4566132
3262,62,26.30382202,189.618758,Female,938.0323751
6066,31,51.74233934,160.8846804,Male,1418.593564
7391,32,66.21064988,177.7559223,Female,1442.09115
1802,23,73.88803918,181.0304709,Male,1704.955825
1218,45,61.17512344,156.8564304,Female,1192.517143
8102,36,51.9554605,176.0369556,Male,1426.49262
2499,39,54.780117,186.8637266,Male,1561.569375
3206,49,88.74424739,170.355076,Male,1699.627856
8513,53,70.83533838,168.1041357,Male,1464.467583
1595,21,57.90459585,180.8963323,Male,1536.381029
958,47,74.34682246,169.056964,Female,1362.691984
4260,41,87.31859545,176.545292,Female,1581.301481
5892,18,96.9982631,174.2614125,Female,1793.267105
1143,51,61.41912278,178.9150927,Male,1473.047594
6528,49,73.58565531,169.8957527,Male,1562.202064
2271,32,73.21438029,173.9667497,Female,1463.012101
4542,43,69.37443894,173.0862367,Male,1543.807351
520,63,91.9048012,162.6179563,Female,1442.513862
1997,49,85.12339867,150.2167281,Female,1468.624139
1643,32,62.36977525,172.7248052,Female,1367.16203
5484,51,58.94555284,162.2380725,Male,1387.042075
8967,34,70.89019385,173.9202001,Male,1663.242129
226,40,57.26547208,169.5369301,Female,1256.304058
7094,39,75.91738462,179.2306644,Male,1733.013589
4634,18,85.87729946,171.2279097,Female,1713.533523
3587,19,65.22228041,173.3989006,Male,1694.885896
6361,22,89.46487155,167.136025,Female,1671.64821
2814,26,49.90212184,180.4988133,Male,1463.977015
4964,28,80.09251796,157.7043454,Female,1523.776375
6773,36,88.46737192,178.2812492,Male,1764.271978
1441,18,78.09636373,175.4184859,Female,1605.293225
557,63,56.53980982,164.5225483,Male,1310.653556
8935,18,72.82813483,169.6614678,Female,1528.28674
7295,54,39.56890187,167.1077266,Male,1114.008495
1848,34,66.84925624,175.8378666,Female,1452.957964
7692,29,84.65239496,165.144041,Female,1572.739988
5245,39,78.21286869,155.0291381,Male,1594.747012
8097,55,55.68223231,153.7881794,Male,1239.99052
1649,29,73.4201244,167.7689434,Female,1463.337643
8797,54,72.66881095,154.1027323,Male,1357.007668
4309,64,81.53933953,146.354202,Female,1196.860983
6646,56,29.37051656,166.3640348,Female,808.4547575
6704,27,58.77404875,161.0828,Female,1386.905125
1153,21,80.925596,163.8955443,Male,1663.607141
1742,47,44.4352493,181.4281766,Female,1194.117564
2596,24,87.80457535,153.9735324,Male,1756.609604
8263,44,64.22828556,179.77359,Male,1602.455658
1515,58,68.56330425,167.8201198,Male,1450.558111
7786,26,83.25197388,152.5727997,Female,1452.595581
8320,33,81.35802698,168.2835187,Female,1501.290944
6105,23,60.91617293,150.0514175,Male,1411.891268
1220,42,99.82900771,175.5373653,Male,1941.025459
7276,63,64.72230262,182.6131658,Male,1481.375056
5255,28,64.63325179,173.50896,Female,1442.790791
5486,57,73.95217298,155.8778989,Male,1402.443438
650,31,86.71639837,178.5729111,Female,1683.819558
546,51,74.66154212,163.4960658,Female,1266.553835
5647,61,63.19528518,176.1412347,Male,1413.170001
6001,35,89.28924571,165.71809,Male,1806.160307
1425,19,51.91069544,161.0236206,Female,1300.608797
8179,37,72.60949551,164.4654393,Female,1343.789154
4045,28,49.26947339,165.6686648,Male,1414.601182
1547,50,68.65059638,176.6298971,Male,1572.364376
2986,39,43.49469725,157.0445824,Female,1071.331676
371,42,47.23335191,174.06088,Male,1433.446951
756,36,85.74451095,158.7925572,Male,1591.509305
4923,59,60.6942125,159.0182838,Male,1368.468297
4134,40,91.81610583,177.5642309,Female,1655.981476
5315,49,59.43533694,167.1246042,Female,1185.152667
1884,39,48.18694652,169.5345398,Male,1343.856233
7068,24,60.16250224,141.5360419,Female,1213.576031
6286,44,88.62177956,191.7872577,Male,1925.773144
4052,58,72.60547503,158.7587738,Male,1356.861187
2946,25,75.7362197,169.0795213,Female,1612.372404
7320,55,55.92154164,157.2202939,Male,1308.81358
4165,53,51.02948843,155.2200807,Male,1246.694083
1537,53,51.55885069,166.2185385,Female,1202.211726
2912,62,70.26765258,167.9324894,Male,1451.54448
1446,37,31.0964768,173.1309066,Female,1028.441048
7970,38,64.55111443,180.2794499,Female,1411.582566
8322,42,66.67303918,192.2673599,Female,1602.705666
3410,53,63.0812792,178.0798761,Male,1436.067548
8945,41,77.11351917,172.3799992,Female,1544.228631
467,37,75.6576555,168.3078988,Male,1608.362885
6928,37,60.66602879,177.7304984,Female,1409.11114
1538,23,72.63090563,169.759454,Female,1551.340489
879,60,80.55873482,189.5269142,Male,1727.946575
8292,53,58.25205923,172.0802812,Female,1225.588449
989,54,73.86031009,168.6773521,Male,1485.521337
5350,36,64.23071676,175.7915989,Male,1643.197944
8279,52,75.59895143,162.054838,Female,1340.71579
6031,46,43.74379959,169.5479189,Male,1267.103201
2284,61,60.70634286,164.5101505,Female,1141.605585
8388,44,45.45302587,164.2112084,Male,1282.281897
2193,43,53.58393531,162.252451,Male,1361.263909
5852,46,36.08590771,167.3308636,Female,1022.64752
8226,28,72.83699777,166.5255264,Male,1616.920254
4008,23,61.26752226,183.195653,Female,1472.950803
1388,23,63.03014413,168.3558781,Male,1567.445609
2218,36,74.92401275,164.6804978,Female,1407.498671
3957,23,71.8765161,192.7427805,Female,1723.096721
1380,29,80.06625273,177.2996185,Female,1583.46547
7988,42,81.26514994,179.1351786,Male,1713.671572
3840,61,75.73881927,173.5227681,Female,1264.74895
192,61,66.23692093,182.0378574,Male,1526.44446
7389,26,56.16126891,170.7649031,Male,1452.501925
2489,54,62.00462044,172.5856338,Male,1451.202417
7700,50,72.73862043,163.9793115,Male,1580.233503
3675,62,99.12762428,169.3896516,Male,1801.9148
7496,59,36.37942674,156.6803737,Male,1052.985366
8307,58,55.14964379,174.5826203,Female,1207.027707
7578,54,71.26158118,167.4675281,Male,1391.125656
4415,36,65.47526244,170.0519791,Male,1578.234604
2572,43,74.91027656,174.5005049,Female,1501.646268
7592,37,72.71661741,167.9563609,Female,1416.92141
5467,43,75.3001482,170.9321645,Male,1511.989557
1830,32,68.58814771,181.4451456,Male,1727.414046
5639,59,60.54035749,173.1670291,Male,1479.90379
6132,56,62.07556906,165.3270285,Male,1439.888282
1403,44,75.77747135,191.3045974,Female,1541.014631
7986,29,68.08920554,192.696074,Female,1539.712589
5012,52,82.69537418,163.354069,Female,1444.493448
2551,58,62.81645226,166.038227,Female,1133.938069
4906,54,71.21692531,160.5158081,Female,1295.860873
3777,27,54.09050634,177.194226,Female,1351.611049
3458,60,77.21127935,178.0362289,Female,1445.721738
4494,44,68.55784834,177.6363814,Male,1691.553643
833,20,79.23780234,161.8343424,Male,1624.50546
4841,20,92.37960005,161.5128348,Female,1679.729023
2302,32,94.12161911,162.744233,Female,1565.249458
3934,30,72.93262502,164.794023,Male,1627.074993
8862,44,64.18511239,163.0552602,Female,1291.070718
6317,42,57.09986291,176.4884759,Female,1325.611363
8585,64,84.51074858,176.2717768,Female,1547.847068
5007,55,72.43680507,188.0156987,Male,1617.507924
8453,35,55.24331357,169.8006771,Male,1503.347547
5050,35,79.23585326,177.7202635,Male,1670.495858
874,43,93.24726354,165.5585458,Male,1760.303887
3946,24,66.12296424,163.3677668,Male,1555.043449
2809,48,67.37463802,159.7539499,Female,1229.449839
3885,39,44.92698302,172.7199354,Male,1331.554437
8738,60,99.91462466,167.3523267,Female,1538.060281
2436,48,86.64750773,163.6841849,Female,1476.130758
7106,18,61.25002268,174.489567,Male,1574.688647
5180,23,72.89804019,167.1573347,Male,1719.292471
6,25,57.1654996,175.8066514,Male,1646.254305
570,22,62.60723024,158.3211976,Female,1300.421185
1165,20,82.25231911,157.7352873,Female,1509.722183
592,31,73.62193733,160.9388601,Female,1438.675396
3538,40,78.65390793,158.6470073,Male,1544.048141
3762,50,58.62864586,177.7989112,Male,1453.93508
760,60,73.73099525,180.0721867,Female,1363.410994
186,46,86.72763515,176.5403497,Female,1649.015828
5060,44,88.09698917,173.8628341,Male,1899.745885
2340,61,71.56712672,167.9777019,Female,1325.694856
6491,37,76.30877026,180.6614917,Male,1714.242266
4868,42,81.53417509,161.2236584,Female,1524.962087
817,21,71.80828369,182.824755,Female,1578.479912
3893,54,84.38886862,172.1586236,Male,1697.497756
8695,61,62.96538285,167.6621526,Male,1357.538406
706,31,83.84482967,168.4285927,Male,1737.314735
6522,48,61.99373095,184.4018579,Male,1501.917752
6083,57,57.09431008,178.4994962,Female,1177.482372
7174,46,88.84923505,168.8560128,Female,1570.254696
7668,62,79.78152518,160.0823928,Female,1297.103296
7506,46,82.10852285,157.6485767,Male,1572.452831
6683,31,93.02583112,163.5174669,Male,1837.377735
6108,24,71.01713512,181.9269996,Male,1760.330517
2317,35,53.70454243,175.2293894,Male,1490.330412
921,54,62.02011963,188.3524913,Male,1525.830314
2356,40,93.8032959,151.5341318,Female,1496.955798
3015,34,78.2046349,172.9850573,Female,1546.128506
2825,52,73.09699853,165.7852228,Male,1536.226817
3551,33,48.72376193,162.6719498,Female,1215.232444
3663,63,65.75589999,163.0516786,Male,1333.971928
3488,44,60.12971157,171.59243,Female,1408.085736
1823,36,55.80595915,186.3621016,Male,1562.614496
1739,21,71.01538344,162.7781072,Male,1663.738061
8811,36,80.85182251,174.420718,Female,1607.031785
2047,20,70.01511557,164.4479265,Female,1479.111391
4031,54,57.46847517,178.197693,Female,1277.721802
7229,64,90.87095673,174.5746082,Female,1547.657565
5423,26,50.98481891,178.4911325,Male,1547.666003
2830,34,52.32288704,178.6887266,Male,1538.160742
5858,39,53.59189879,187.9388496,Male,1638.45202
1189,55,68.71775063,159.6233525,Male,1327.308547
8589,31,82.09772424,157.3741543,Male,1670.758031
6991,52,75.61894425,148.4071872,Male,1401.36711
8539,51,42.32649051,161.1762326,Male,1160.306935
6521,18,50.37248325,163.6966742,Male,1445.701807
8010,31,55.84284716,172.6468492,Female,1325.86063
4537,53,43.27659953,154.5667511,Female,972.7539646
8126,44,72.63096517,168.5102265,Female,1383.211837
6979,56,79.45310011,167.4345411,Male,1615.023116
1208,46,54.17605342,158.1332963,Male,1220.960913
4550,35,62.05370604,155.3436226,Male,1430.130622
7646,60,64.8701912,151.8387151,Female,1178.082968
8004,57,96.95538384,176.6228564,Male,1746.12004
2922,33,59.05785009,174.882892,Male,1529.278535
1564,58,62.78287872,177.263815,Male,1492.394303
7588,27,73.5228954,166.5059746,Male,1646.378977
456,52,87.08612159,169.5751337,Female,1492.400538
8969,29,86.65510708,175.9176748,Male,1812.218277
1371,64,62.13864776,174.0287252,Male,1385.983668
6143,21,88.27662346,182.8973053,Female,1806.874452
3648,61,55.17391281,170.8788864,Male,1349.510087
3763,22,77.3852104,159.939277,Female,1476.20861
8024,50,94.27692073,167.4570611,Male,1740.488861
2475,52,37.12035351,164.5531401,Female,992.2016988
8325,21,82.10591471,172.2939242,Male,1779.882253
112,55,40.99571547,180.575692,Male,1232.160699
4093,34,72.70204899,174.0642736,Male,1680.127008
8154,34,90.6824234,157.6016845,Male,1729.27279
6525,49,72.54469558,171.376336,Male,1457.091415
1473,41,69.21585233,175.9569125,Female,1399.838078
3543,60,74.66646806,174.440953,Male,1490.277615
2518,28,67.48382561,165.4132158,Male,1520.991327
5035,38,85.65120174,180.3742417,Female,1648.178409
5695,36,66.24061949,163.5803804,Male,1392.992896
2185,40,60.14991702,174.0444125,Male,1472.914623
5212,61,77.14278361,182.3144578,Female,1433.727787
3761,38,72.51261841,176.2516245,Male,1621.602655
4679,22,67.45387717,172.8348882,Female,1435.693092
5849,50,77.52375483,152.334141,Male,1457.814632
7077,27,49.06741112,164.3207911,Male,1428.952797
277,23,66.07944303,170.9610646,Male,1610.90044
6647,54,83.27899187,165.2992517,Female,1439.990932
7763,30,80.83174807,175.1229014,Male,1744.922185
4091,41,62.7702892,178.637253,Male,1536.839701
5629,31,83.02465401,156.582975,Male,1673.478578
3127,40,92.2104021,174.5590656,Male,1779.057397
5073,60,60.96333475,180.0733595,Male,1427.505238
5986,33,43.96044763,145.3621468,Female,1054.826846
8120,49,45.77508828,182.2547483,Male,1387.110143
8477,53,86.8279095,166.6416704,Male,1623.965281
4539,28,43.86427859,183.5811936,Male,1448.078794
7417,56,80.25697329,180.5025436,Female,1537.459436
6107,48,62.22558554,175.4437796,Female,1249.320882
5721,43,63.70588311,179.7787237,Female,1352.170771
5567,40,63.02466592,168.0823187,Male,1443.126644
8890,31,84.50762356,159.3569323,Female,1514.616738
6777,30,72.73101848,158.3661929,Male,1659.708663
3727,20,78.82444917,177.4421868,Male,1816.100253
6019,63,73.43900545,180.4469851,Female,1353.53184
3656,59,75.04489884,163.8527427,Female,1252.127562
3844,59,69.37532725,167.2976348,Male,1476.279091
6220,37,59.43432312,160.094441,Male,1428.820565
217,39,78.22538766,163.6779207,Male,1635.722549
8651,19,92.32656984,155.2241466,Male,1824.991436
5434,37,49.80294861,162.7463484,Female,1238.044466
4485,27,80.23211961,148.9849785,Female,1534.01138
1081,60,53.4022458,167.3138159,Female,1178.88449
380,27,59.75027761,182.7396313,Male,1561.807422
8244,42,93.4856805,178.5791254,Male,1818.863362
4289,36,88.70967322,163.350243,Male,1728.284451
2948,27,94.17691619,178.8536905,Male,1845.58653
3537,32,67.78994539,180.7402938,Female,1400.227443
5207,37,54.05356718,178.6554166,Male,1560.111885
196,26,66.30886993,173.2927559,Male,1669.390408
4338,44,76.88907142,168.3438631,Male,1694.825793
5155,35,68.72028366,160.5052169,Female,1374.339681
7781,53,37.20832372,162.3738356,Male,1114.417477
8621,31,60.62464711,151.5079906,Female,1262.302366
779,46,79.91620457,156.3008326,Male,1561.043008
7011,62,51.44034642,162.046244,Female,1124.888146
818,59,75.55077437,150.716045,Male,1493.094165
2711,44,83.91207153,155.5112755,Female,1403.213664
4272,64,42.64047695,157.7583242,Female,979.6359465
6910,45,94.86205606,182.2122771,Female,1763.345995
7689,49,65.9230229,163.2819087,Male,1461.544876
8708,40,73.71393126,165.9177976,Female,1380.422573
7493,42,93.36511286,174.5936535,Female,1739.79381
1652,42,72.6912172,152.590251,Female,1394.239095
1573,24,81.59246143,167.6636042,Female,1653.817469
4554,46,56.42520272,158.0479762,Male,1382.909075
2968,28,69.23845886,192.9616766,Female,1529.463014
6810,29,66.96733449,169.242778,Male,1522.534935
6417,55,71.55096398,169.2962356,Male,1491.131753
6734,56,78.71221293,164.8802621,Female,1461.625107
7083,50,92.18979139,163.709108,Female,1586.132375
6834,36,47.7126661,176.6735798,Female,1263.647981
558,27,107.0041837,169.5227297,Female,1758.086507
4529,42,72.19694325,159.4308863,Female,1307.558128
2191,37,74.36213053,167.5091688,Female,1506.098794
143,26,58.61002361,165.4544809,Male,1421.934156
6755,50,77.97353,184.9641805,Male,1629.80418
7996,43,68.28435438,147.9815377,Male,1388.118972
8956,23,61.14346375,202.1417383,Female,1602.633919
7406,63,64.83787644,157.7175988,Male,1398.504962
4866,23,87.07352921,167.2058119,Male,1674.601621
2600,57,69.71461921,173.7376838,Male,1442.871906
2816,20,104.0684327,163.6836615,Male,2058.132079
8916,52,43.90622714,183.8912698,Female,1194.877641
1075,40,86.49130196,177.6991325,Male,1798.521065
8142,44,68.87664589,159.6071619,Male,1456.24456
7283,60,76.66427435,169.508425,Male,1501.023593
6273,37,75.44898754,159.2141446,Male,1653.027498
6163,62,58.80327734,166.3596854,Female,1140.985134
5712,56,55.5742673,174.9342348,Male,1420.574631
8839,54,84.61081131,174.9066345,Male,1621.084843
7705,58,85.4059287,158.0256563,Male,1540.13065
8820,29,94.06626232,155.0982185,Female,1638.969164
3956,29,79.25635946,168.1047558,Female,1583.799765
5660,45,74.06373419,177.2701028,Female,1458.458507
1716,55,44.54465571,159.9214987,Male,1220.690796
2407,61,76.14028441,181.3977147,Female,1515.551128
393,41,76.22652325,168.0397984,Male,1628.090299
317,61,55.24166904,185.5674492,Male,1316.247009
8387,22,64.86619637,174.4123865,Male,1631.993984
2776,52,79.90522972,172.4900702,Male,1667.594426
1859,28,59.01323613,166.0958645,Male,1433.335326
811,45,49.03602776,158.6053041,Female,1068.845783
4797,32,41.20611487,158.6851316,Male,1296.833902
7508,44,93.86794806,165.0689046,Female,1552.190457
4064,57,77.64607056,167.1251195,Female,1364.812006
1717,25,85.40217489,170.3651397,Female,1634.463275
4815,37,77.34267961,156.4150885,Male,1613.772031
8360,46,75.92972428,160.6774728,Male,1616.925674
5310,51,37.86070385,172.6141129,Female,1113.41915
3324,18,79.91270247,171.6890952,Female,1739.174785
2458,64,44.22458698,172.0895242,Female,999.0579837
3456,45,81.5712989,188.5747661,Male,1843.880581
8278,46,80.41465679,202.2355405,Female,1655.107343
729,24,83.09284359,162.0947523,Male,1759.161738
2392,25,93.18698652,183.5090651,Female,1779.79848
8815,25,58.25503639,160.1822629,Female,1234.184323
4820,39,84.68403773,179.1418198,Male,1815.919909
5386,44,32.07723189,177.9930528,Female,1072.433525
7550,55,63.92781786,158.4666732,Male,1301.543332
5249,61,62.19575348,166.8489933,Male,1359.218434
7876,58,76.04120242,190.4911609,Female,1517.689163
4556,33,74.29832194,161.1761897,Female,1460.463052
3913,36,89.18639862,160.8162943,Female,1561.412481
3697,46,45.27846173,162.6262698,Male,1264.267458
7583,61,81.20643874,175.1453882,Female,1419.537506
1872,48,38.10449388,153.225182,Male,1084.955201
8623,55,80.29352475,154.9226274,Male,1510.72774
7961,38,70.53081063,180.8135314,Male,1632.085841
5898,50,88.66660001,178.5390851,Female,1591.716568
5730,37,83.74976825,161.1725379,Male,1762.225871
288,50,74.47768222,180.1941321,Female,1442.969331
4802,49,56.76592601,173.982368,Female,1267.012781
6623,23,85.95622032,172.4477917,Male,1827.658772
2088,54,63.31883423,152.8701309,Male,1243.706001
6544,45,62.36247296,183.2642272,Male,1517.067534
1306,42,71.05933678,176.6733518,Male,1648.641182
4826,23,75.42795241,173.0387893,Female,1498.637033
7105,27,31.31745502,152.3685117,Female,1087.836919
377,34,75.0436961,170.3759445,Male,1652.744055
8757,47,57.92908497,172.8933344,Female,1312.58962
5585,51,83.16713057,179.8333624,Female,1516.772086
4457,57,74.14856459,175.1862392,Male,1668.644812
5868,62,63.48866951,155.8266187,Male,1337.991831
778,29,82.61868482,174.9765824,Female,1590.040571
7221,20,69.11055197,171.2325876,Male,1713.544872
3904,34,59.4819314,171.6476031,Male,1566.659371
6607,29,38.8238436,165.4515828,Female,1091.444222
3399,49,39.31088148,173.8059735,Female,1023.091113
5100,40,92.78511577,171.417606,Female,1677.227088
5339,58,75.47139894,166.9867202,Male,1393.959153
8288,54,80.00593903,162.3923314,Male,1624.218493
3831,64,66.59363579,169.592166,Female,1185.648603
2425,48,91.95674418,175.112315,Female,1683.190071
1744,48,78.46228634,178.3529754,Female,1538.652553
4701,50,74.17147246,172.9691529,Male,1596.653024
3089,42,88.33775429,156.1844475,Male,1573.498377
7851,56,62.40098057,175.2727435,Male,1350.077012
5161,46,60.13104443,177.2591679,Female,1304.431555
7845,31,52.92313464,167.5648403,Male,1398.85457
8376,54,60.67380459,174.4074559,Female,1291.288293
5682,53,56.15872209,167.6866737,Female,1211.747833
1202,63,51.21692751,163.5816485,Male,1203.256299
8494,37,66.63289433,177.3967333,Male,1559.652258
5508,52,65.84912347,188.1810071,Female,1383.870716
3401,48,91.07873476,166.9327658,Male,1735.231974
6658,63,53.04173282,175.7610344,Male,1340.466349
4339,37,40.37615534,160.0655862,Male,1242.948062
7866,53,88.87385002,173.9599532,Female,1490.169551
1531,27,86.62865565,162.2651333,Male,1746.073675
5075,26,84.80412345,150.7204769,Female,1490.492973
3754,60,56.75267874,180.9429217,Female,1262.409607
8354,19,79.56648043,174.4620518,Male,1740.038688
3421,33,67.86614469,177.7771097,Male,1612.320862
4410,61,69.04775399,169.9229922,Female,1265.326404
5306,22,62.1979702,171.2536686,Male,1606.644452
8314,46,79.96888095,170.4106333,Male,1589.59641
8920,47,92.43073564,155.9623998,Female,1499.065487
8190,44,62.75532222,188.6247176,Male,1516.553791
957,38,57.13077904,175.3264218,Male,1385.134803
1709,35,71.86495433,166.7785838,Male,1572.475126
1863,18,55.56760353,161.8351971,Female,1353.223911
8284,21,88.70073075,162.1018679,Male,1842.077235
7169,48,85.36703484,157.4028861,Female,1517.186166
497,54,56.93174568,169.486081,Male,1364.567393
7888,25,88.61054608,165.9642759,Male,1802.883374
1057,23,91.11647311,160.1578364,Female,1611.306198
3425,40,74.86401708,166.2800827,Male,1502.200596
2771,28,65.36719379,157.4024809,Female,1360.412985
3246,37,75.24249557,172.2916205,Male,1687.443551
8025,24,72.34076085,161.9401722,Female,1403.753714
7577,31,73.48407337,168.1896507,Female,1474.730628
5181,60,67.15567411,156.2609822,Male,1306.678778
827,49,65.27802288,179.2410998,Male,1515.865461
5426,28,61.59806339,184.4201512,Female,1442.272846
8404,24,86.12673657,162.61039,Female,1670.514491
6406,50,43.20645336,174.6335924,Male,1296.321503
3108,54,76.5792839,177.1562565,Female,1440.909207
3603,19,88.31740597,158.4078995,Male,1801.57485
5881,59,48.40696889,180.4900051,Male,1356.141336
6822,46,51.93987152,174.4255282,Female,1238.382764
1996,34,74.55425228,178.4023535,Female,1463.934834
2366,60,47.30403774,183.9002147,Male,1310.743712
8607,53,47.84907986,173.0758344,Male,1280.398057
7822,33,77.46966826,169.9789101,Female,1453.928204
6177,28,67.70524139,163.9047805,Female,1368.731478
5535,31,62.39321636,161.6603738,Male,1496.230633
1387,29,74.19583357,164.8247709,Male,1577.828244
6701,48,79.71050774,168.8705115,Female,1435.598788
6130,21,87.83986775,158.7865922,Male,1728.138922
1293,20,85.68986484,164.3527786,Female,1587.730506
6957,46,61.84890132,173.5477866,Female,1302.327544
7690,58,83.29772103,168.599911,Male,1547.032812
5319,59,85.39949784,163.5934743,Male,1590.41157
5254,61,91.51279405,166.1005428,Female,1434.612166
8316,49,48.81321382,164.3732717,Male,1308.166484
7619,34,67.63631923,179.0307686,Female,1364.994431
2732,61,78.88931426,160.0904267,Female,1292.222874
6146,40,82.78086566,166.1789028,Female,1526.812203
8934,51,38.11383683,177.1788665,Male,1226.948928
6970,28,78.91383372,184.3132913,Male,1816.871078
107,40,91.98646034,165.4302535,Male,1787.954825
3830,32,56.94055787,171.3291084,Male,1458.323792
7099,55,54.0504358,152.9104258,Female,1164.607935
2153,59,62.32067026,166.6519825,Male,1329.676916
7212,55,76.65985756,162.3489206,Male,1524.645532
839,26,52.76214191,180.821664,Male,1488.068903
4271,64,88.259438,162.2101664,Male,1721.044852
2795,24,99.29271273,185.5029374,Male,2037.49484
4818,26,61.81189295,144.8488254,Female,1184.159806
2979,54,78.58134629,159.5862731,Male,1477.788641
7928,64,64.48833298,165.0596312,Female,1185.037441
3558,63,64.35635993,174.9266944,Male,1491.290752
1496,36,72.85566915,164.1408843,Female,1397.837664
318,54,53.9343624,162.1439783,Male,1302.817884
4691,19,71.30306565,185.6348926,Male,1732.78266
8631,23,50.19732571,169.8352095,Male,1449.428786
632,54,67.36874559,169.8642142,Female,1412.204289
1281,54,63.85907406,158.6469847,Female,1157.501508
975,58,81.25901229,178.7832665,Male,1527.006514
5943,28,66.07884839,160.6204657,Male,1488.869355
1852,25,85.1370678,176.0850687,Female,1602.808883
6481,51,75.84131533,182.5371663,Female,1489.776466
5659,40,104.249384,178.6990188,Female,1860.783226
8018,35,75.40091483,155.5276294,Male,1497.176622
2982,50,43.11036717,157.0437891,Female,917.2408655
3272,24,76.86032769,183.4597659,Female,1543.539335
2759,20,59.83162303,150.8586939,Male,1412.787719
4568,24,99.38543824,170.0300556,Female,1772.028297
3358,20,69.65066792,166.2349937,Male,1544.339321
5170,60,62.24226138,171.851093,Male,1375.776918
2399,30,83.19494123,160.9056717,Male,1630.30514
3905,55,91.49628154,156.1637367,Male,1562.808451
2211,41,87.98911395,163.5193549,Male,1751.008853
6324,27,63.81460472,164.2805081,Male,1527.76501
7720,39,93.33624423,180.0958456,Male,1836.307354
6384,51,62.85055684,171.3152394,Female,1297.106821
299,54,57.09304454,168.6431077,Female,1141.618754
375,47,74.10499779,180.3374248,Female,1515.785573
7647,49,85.51872119,169.448736,Female,1576.811283
1288,32,56.00907871,169.9479445,Male,1483.737748
1776,50,56.42135842,189.0570599,Male,1525.423519
6430,28,67.73214243,172.5016406,Female,1394.313517
5883,41,83.94364169,178.1298591,Female,1572.488686
3105,29,53.39313375,167.7655518,Male,1396.436999
6854,54,64.61228279,161.1007569,Male,1455.310117
8136,21,81.33251593,178.4108798,Female,1599.041296
7551,54,79.9720956,180.5575161,Female,1554.227343
7478,43,52.76080622,152.0511281,Male,1296.932434
1932,33,50.96318064,159.0330757,Male,1325.167418
5495,25,79.28595653,176.1058176,Female,1626.480094
2306,21,78.11595019,151.33622,Male,1665.288284
4764,54,87.12115939,161.1183087,Male,1598.335414
4228,22,64.3102263,156.6288389,Male,1515.965872
8176,27,58.09672467,161.6595152,Female,1330.33506
4602,36,49.9902117,168.5756005,Female,1195.291263
7454,58,63.34646283,166.6113966,Male,1417.290771
326,58,77.52859988,174.1581546,Female,1332.018739
3784,43,83.97016508,158.8386063,Female,1529.078263
6094,24,74.7542603,169.3673394,Female,1599.500777
2213,36,61.61190798,156.1028243,Male,1342.198251
4169,42,75.32544217,168.1236203,Male,1671.963197
4865,58,60.76871963,159.5235494,Male,1361.241072
6848,48,59.26348167,165.2442613,Female,1172.094833
6450,52,68.76857155,163.3089479,Male,1435.956269
7515,22,75.04331643,164.7160191,Male,1739.515048
41,59,58.21845132,171.7527025,Male,1331.212171
6804,62,71.11120871,175.8714078,Female,1281.682038
7148,52,88.30627928,162.9487704,Male,1747.720995
6247,43,83.52748255,180.5781813,Male,1750.226007
7303,58,56.57693472,174.2890602,Male,1361.125535
3289,20,82.8510838,165.1951389,Male,1859.582339
7056,57,59.88225169,169.2978721,Male,1406.922493
5601,50,71.84135172,158.8212494,Male,1492.356068
2251,27,68.87419686,167.0165601,Male,1596.236369
82,56,38.41310247,159.1046099,Male,1054.072761
2500,59,67.80815396,169.3455891,Female,1330.606006
1323,31,91.53813609,168.4319644,Male,1793.973237
800,63,86.50520286,156.915971,Female,1410.197144
8954,35,83.68344342,155.8962166,Female,1552.833807
2853,43,87.7892111,178.2177281,Male,1858.469624
6301,49,64.80976574,178.9544112,Male,1463.262023
4038,34,84.89561422,164.9913849,Male,1745.077088
2455,54,93.15064583,164.2375844,Male,1798.548159
4041,64,79.22053052,175.3895597,Female,1408.044116
566,21,92.1136895,156.6108881,Female,1580.717994
8240,63,77.84601867,176.1655103,Male,1622.414051
1548,39,64.6110661,180.5225452,Male,1525.330961
790,35,51.44834077,154.8951008,Male,1260.625832
1469,50,99.42632591,173.5214722,Female,1660.768932
7516,54,43.06957231,196.2844648,Female,1147.140071
5670,46,71.44453329,173.6327077,Male,1579.814901
5578,61,111.5096298,165.8497183,Female,1671.080569
2673,30,66.78156292,153.6897509,Female,1324.489629
7957,37,74.90639132,167.4215834,Female,1482.422302
4852,32,58.20216477,182.4824716,Male,1559.694834
5332,58,63.54130623,175.495605,Female,1323.03692
2716,43,53.35235995,163.2276836,Male,1320.097145
5926,44,74.29902514,188.4436137,Female,1508.546552
3050,60,84.08571184,175.2455954,Female,1434.140854
4987,62,58.40276843,174.8917984,Male,1358.305144
3718,60,47.59461797,184.611226,Male,1295.749832
500,37,74.48571695,150.5005866,Male,1545.558466
8371,48,68.52387824,160.9659824,Female,1307.848124
5923,55,76.55350303,183.8330895,Male,1709.465071
5098,56,76.08782508,182.5561059,Female,1414.826207
1119,23,103.3999607,138.088382,Female,1604.900451
7055,42,58.85992198,171.9057146,Male,1499.079795
418,27,56.61218224,177.7654608,Male,1548.914398
35,25,68.62494169,161.0838966,Male,1501.77893
6817,49,70.02840315,185.7722565,Male,1642.724256
2746,50,86.44187953,181.2699571,Female,1585.319437
4958,21,79.94716456,181.8287266,Male,1944.905589
8724,27,71.24408704,157.3292019,Female,1329.759839
1698,23,86.26631695,174.7455463,Male,1852.036482
6769,50,64.32621723,171.6026864,Male,1504.37788
6407,41,105.4770659,171.1651336,Male,1977.655887
5283,35,75.25718218,147.6303308,Female,1322.290793
3067,32,109.8452954,174.9820749,Female,1855.314343
5228,23,86.93128804,182.6810794,Male,1882.855577
3546,42,100.850453,181.8501127,Male,1955.85835
7972,55,55.77584029,183.4111776,Male,1434.716878
4789,23,59.50947556,172.5763589,Female,1354.784726
5672,48,66.76404001,176.7481775,Female,1344.688243
6210,44,64.6286227,175.6370164,Male,1607.178041
1857,45,74.90789347,170.2874626,Female,1406.667641
8947,61,46.62161517,157.4709136,Female,987.1584281
1876,37,71.74056305,171.315189,Male,1597.745563
289,24,73.52698733,159.8622381,Male,1689.421554
5823,62,65.24883454,174.5352856,Male,1481.403443
8140,20,64.8599528,163.4517839,Male,1503.462288
8535,18,103.4218686,154.9553135,Male,2024.181324
322,29,81.46452511,174.9962833,Male,1829.736094
8478,44,63.86049313,178.4912125,Female,1439.133877
1139,59,87.52208364,160.8229165,Female,1443.528689
1378,55,59.78409274,186.8539197,Male,1502.85741
2760,23,65.92429157,161.7845757,Male,1529.684952
3889,49,74.60585309,170.9479062,Male,1556.256645
3207,59,77.27333835,183.8139431,Female,1410.577096
946,63,58.20754235,161.836262,Male,1295.933915
5425,57,79.29200913,168.1213616,Male,1561.618674
7072,24,60.70443364,170.9695359,Male,1623.65852
4021,30,74.7894003,170.7864888,Male,1687.132641
12,55,47.37878065,176.2773803,Male,1340.849187
4203,51,74.1466385,160.8638014,Female,1312.648222
7771,21,56.58868554,154.5062088,Female,1233.803201
2136,43,80.67641996,168.5415888,Female,1443.035128
4267,18,51.30928571,167.4199454,Male,1462.84729
4397,63,71.90984073,191.056623,Female,1391.964327
8341,39,76.6084344,161.494202,Female,1406.656514
2090,32,62.31704247,156.2288067,Male,1527.893593
6661,37,76.0739184,170.9359402,Male,1657.269641
4614,44,36.85671844,170.2986196,Male,1245.28943
4525,35,72.13171614,171.9854702,Male,1693.628141
1093,,72.06265673,178.4304732,Female,1535.41317
328,43,82.40891645,165.9470491,Female,1449.763258
5653,19,59.87671351,178.4535553,Female,1407.487894
2502,26,52.00151602,178.9030969,Male,1376.134119
7360,54,68.54751811,181.4824792,Male,1544.898385
4266,19,75.13766973,164.0441281,Female,1526.427072
873,63,83.99073429,155.2797145,Female,1262.044772
5256,39,87.84078757,174.3644602,Male,1822.451312
3781,61,46.27480073,171.0642375,Male,1239.25838
7664,25,62.84330983,178.9655474,Male,1568.731875
4082,23,73.33275921,190.0442963,Female,1615.885813
911,39,72.09286149,158.58657,Female,1389.026274
1278,58,76.61578305,192.4455752,Male,1687.214834
6160,48,73.90855518,183.5826002,Female,1546.130258
5698,27,52.29318699,166.0992147,Male,1384.70418
4306,36,54.35269899,171.9785905,Female,1293.072736
451,34,57.60250048,181.5731298,Female,1340.289594
2087,54,87.71428767,164.3190128,Female,1364.633505
7836,48,59.6732544,160.2490258,Male,1380.032506
670,21,75.09145957,177.6199188,Female,1549.208021
4510,63,51.01157207,174.2878323,Male,1247.664505
3333,44,64.36629938,176.544247,Female,1340.928241
4391,41,46.2357386,142.4335233,Female,956.0526245
3249,23,89.41836368,161.89352,Female,1574.307351
1476,63,99.67086172,167.26957,Female,1636.833438
2083,45,78.92309964,162.4326174,Male,1620.489727
8981,38,93.40080511,157.7102794,Male,1751.539627
586,27,59.55216818,175.5626353,Male,1562.392849
4894,62,50.54245238,156.4933802,Female,1038.880253
6251,58,37.32123115,175.4405469,Male,1182.327395
2805,33,87.18973206,169.3123025,Male,1781.990598
2550,18,56.57700813,169.9883284,Female,1454.175142
3166,54,53.63692141,164.2168777,Male,1260.72619
4663,22,90.15060243,159.8855485,Female,1674.659327
720,60,66.60176365,175.9550864,Male,1479.387647
8021,35,56.83113318,155.1583291,Female,1172.556408
1799,40,97.47111011,160.119563,Female,1597.297587
7374,23,96.20462946,165.2857657,Male,1869.917975
61,54,79.11144539,151.5307144,Male,1461.16893
7816,23,71.24033277,166.6565178,Male,1688.3373
6837,43,59.96019451,170.8308046,Male,1526.753757
1766,49,60.64175452,160.1809847,Male,1376.311459
3616,35,67.48290396,169.3677393,Female,1438.134993
1034,22,67.57885901,147.2138047,Female,1272.640365
4030,35,79.2876913,161.6489636,Female,1361.858724
2224,28,79.37541476,166.9234143,Female,1587.13238
4116,33,59.92161022,167.5502355,Female,1256.973007
5067,62,68.8317121,173.3229271,Male,1475.694076
2883,61,54.41882555,180.9122156,Female,1197.667553
3641,29,63.8120353,167.0486671,Male,1634.256585
6576,63,57.43088455,175.2301677,Female,1167.045406
4497,18,40.16200862,162.480033,Female,1205.668621
704,61,67.65893316,160.7130535,Male,1379.503817
381,36,78.08101831,169.092844,Female,1461.2223
8212,54,72.96774267,168.0369652,Female,1362.335761
3917,24,69.6239625,162.0802899,Male,1529.089669
5691,40,89.41415947,181.7528974,Female,1684.57821
6941,44,82.40845965,185.8827505,Female,1626.701929
89,64,65.08818651,169.1983771,Male,1423.430657
1733,27,64.56678179,183.4502042,Male,1604.677452
3427,23,41.67059089,159.2647288,Female,1025.672534
3638,24,52.5449941,177.7477086,Female,1329.246597
3144,60,68.69883855,154.1361366,Male,1319.323769
457,38,45.13972296,167.7742565,Male,1332.642207
740,19,77.95655221,181.7398685,Male,1815.075563
1583,24,50.1179666,145.9481941,Female,1132.863927
122,39,74.66888127,155.8049126,Female,1382.114637
1130,46,71.52262926,174.2866999,Female,1461.784048
2330,20,86.13241017,148.1099292,Male,1699.625659
3253,34,51.68104773,169.3253372,Male,1336.632026
4473,55,69.11316221,157.0891554,Female,1147.34949
6587,42,59.17280679,169.8688047,Female,1275.486594
816,33,76.85572028,169.4689495,Female,1505.592752
7757,51,63.10049078,171.7685663,Female,1357.937102
6035,62,63.472282,174.1882931,Male,1514.873399
2320,59,57.61975355,165.1347865,Male,1305.551414
1450,22,65.08030686,163.532438,Male,1514.103538
228,34,62.91887215,170.9924476,Female,1335.745741
823,47,71.24845703,169.118095,Female,1313.777651
1886,57,61.17889265,149.8373836,Male,1305.58406
476,25,86.25008495,179.2903649,Female,1659.650025
8786,54,80.13996916,183.503019,Female,1537.777814
7461,35,76.44329132,163.0708735,Male,1590.194328
8715,54,94.07535328,155.976463,Female,1525.713812
7236,56,61.57223686,163.0944079,Male,1353.598615
8676,37,46.59309085,162.237632,Male,1323.114262
6000,23,50.33782227,176.3257847,nan,1301.588994
6700,30,76.4969869,164.4989338,Female,1377.476187
7927,64,81.25554121,170.6589515,Female,1506.330131
3650,55,88.50162916,176.632132,Male,1740.730668
1434,33,96.40082382,153.8893361,Female,1519.596778
5704,37,77.65219097,173.5839912,Male,1682.966271
2566,48,61.6130488,169.2857901,Male,1449.662299
7032,51,75.95530991,192.9624518,Female,1505.402467
7813,49,84.99354582,164.2826844,Female,1469.462849
935,41,64.77428371,149.7914836,Male,1380.628578
4844,49,79.10196171,160.5492576,Female,1449.513942
7693,60,77.56976257,168.3374046,Male,1571.204489
1827,45,68.73872697,164.1886436,Female,1300.541409
5235,59,76.85416481,167.4108213,Male,1554.155441
2909,30,69.54130775,170.4652523,Male,1673.135957
8609,51,93.8980085,168.3980567,Male,1629.076855
5652,54,43.05263646,174.7623679,Female,1063.658809
2434,57,70.60235265,175.8070169,Male,1560.782889
27,48,85.76798063,180.0202261,Male,1710.990746
1656,36,66.09629373,187.4840154,Male,1560.399146
2708,64,69.13209227,187.7296379,Female,1398.686945
8653,41,62.66026943,160.2585537,Male,1536.047821
4969,46,85.2876722,169.3581727,Female,1528.64503
7012,55,99.80435587,172.7765395,Male,1813.59106
3732,23,79.22408839,167.276647,Male,1703.698528
1806,39,49.44763316,166.7554785,Female,1143.179101
3911,26,66.68142049,164.3685938,Male,1607.283611
5110,56,64.97186679,169.0184209,Male,1396.085136
6405,43,85.50722478,183.2681506,Male,1781.748072
8400,43,87.20643815,166.701268,Male,1715.222933
7226,49,46.86858288,171.3096112,Male,1292.383298
1685,59,70.49787107,164.7330426,Male,1401.405875
2707,63,81.94436277,158.3467915,Female,1274.890354
943,35,68.49629068,175.12089,Male,1624.263529
8242,38,73.90932465,173.5303803,Female,1532.016471
3454,59,72.79710251,169.1421618,Male,1544.758294
3852,36,75.68345555,170.6048043,Male,1726.265982
904,37,85.82359284,165.7432239,Male,1756.642297
6418,42,67.16419743,170.2291528,Male,1479.055723
2752,43,34.33938081,163.2408333,Female,1005.617647
7796,59,86.71365426,160.2470228,Male,1575.472455
7752,25,67.13030432,177.6955698,Female,1453.991836
7207,21,86.78316511,178.1430226,Female,1746.707146
7706,27,55.73090019,170.6180408,Male,1443.29238
8454,20,68.23717589,169.7752617,Female,1417.882263
4057,63,124.4193785,161.1815897,Male,1979.121804
5856,48,76.3667816,149.0069171,Female,1288.403136
6956,30,86.29539686,182.6289908,Female,1697.911558
7930,57,76.23861337,171.3610888,Female,1285.052971
5041,25,83.66590311,184.6816136,Female,1752.545651
1586,37,53.34072091,155.1175446,Male,1307.744529
1860,19,80.87453366,179.0517439,Male,1905.936986
6170,55,83.92164065,161.6298076,Female,1464.699998
3318,53,56.02655709,182.9741946,Female,1247.885063
7179,49,74.80386317,168.4763403,Female,1397.955601
1737,25,77.64184786,148.7308977,Female,1426.012699
3054,53,75.27407249,160.6283829,Female,1378.086007
4499,35,58.4234833,164.3653522,Male,1434.450265
3277,64,72.54281944,178.088975,Male,1487.826702
4268,45,82.83235389,172.7789945,Male,1664.230924
2390,19,66.86168169,183.5410787,Female,1615.952869
5940,39,98.81865649,165.1298977,Female,1668.35492
1422,33,77.85772587,167.8312082,Male,1578.903689
4790,21,70.78378163,160.0598824,Female,1374.058474
7589,18,65.20630724,177.5386743,Female,1526.544203
3072,52,76.50451282,171.7233926,Male,1581.034882
7329,31,88.83174424,188.3960655,Female,1636.283781
6339,20,91.41276092,179.6971195,Female,1831.530595
7848,35,52.25024625,170.1417608,Male,1416.86639
8248,54,82.61996732,179.9762531,Female,1528.540007
6628,49,65.88391963,171.5719317,Male,1417.426487
7663,55,89.18129235,176.3306789,Female,1621.139626
3085,37,60.41577445,188.0232348,Male,1656.961619
6926,51,59.59951415,164.2263179,Female,1347.294331
3658,46,59.06653428,168.4744794,Male,1471.91985
6966,38,97.22907017,165.0628602,Male,1820.085071
4452,41,74.32410398,157.2339688,Male,1514.677337
253,31,62.53864487,177.0699191,Female,1410.597454
5034,43,76.61132045,161.026899,Male,1573.871608
3190,18,71.17570477,175.8847339,Male,1770.487097
4813,50,69.72879334,161.3325603,Female,1244.943602
5688,64,53.4710773,171.5796036,Female,1074.492722
7613,40,67.1641481,184.5294386,Male,1648.598088
7880,61,66.95934566,164.9791702,Female,1183.678641
6319,49,70.95193315,188.1496328,Male,1638.915859
4665,35,58.41607388,180.5123413,Female,1446.021367
4925,60,98.97973988,170.0403635,Male,1779.193975
6839,24,37.2224901,170.2959784,Male,1385.499049
3871,55,65.46897197,168.4173928,Female,1305.944507
4812,19,67.28748501,149.2484929,Female,1330.185483
5781,33,98.46593838,161.4894623,Male,1872.61536
7409,39,81.33205217,194.2409679,Female,1665.977889
8821,39,42.20305209,170.9828258,Male,1304.989024
2520,38,86.90117093,177.4882038,Female,1576.955997
5729,21,74.53949092,176.6202712,Male,1876.500589
6453,27,61.95785674,157.2984388,Male,1489.164493
5630,60,75.18418484,185.8835384,Male,1547.105194
7971,64,70.12057431,169.746384,Female,1231.58155
8659,62,55.02595289,182.1455714,Male,1419.499047
5164,41,76.99603219,167.9415796,Female,1483.403715
4521,37,74.08342439,168.8993126,Female,1551.688677
321,27,87.07396921,161.1258532,Male,1744.424564
7608,19,73.68118846,177.5134585,Female,1624.702392
5069,63,93.36921859,169.4800088,Male,1649.610651
8742,22,65.19517687,159.5432884,Female,1330.724098
8405,27,90.71249494,159.9987797,Female,1552.001651
6887,28,83.06548994,166.3806263,Female,1566.940839
399,26,48.62792137,170.6349911,Male,1493.949479
6989,55,55.48391856,161.745415,Male,1327.555985
5934,43,63.71485925,171.2742833,Male,1502.257879
7089,37,76.49465782,165.4879264,Male,1552.078539
5084,38,43.43130678,171.2965623,Female,1185.697618
8575,33,68.71185884,159.8313068,Male,1418.12635
3647,18,65.35181697,181.0365192,Female,1507.388087
7238,35,61.5993597,156.8181965,Male,1438.85478
8673,23,63.4256446,168.0679092,Female,1395.120614
869,38,67.83038108,164.41545,Female,1381.046344
1328,63,63.84117644,179.5208824,Female,1310.391331
6582,41,49.86525098,158.6820156,Male,1286.346848
6225,38,89.43153053,179.7187049,Female,1619.047507
2469,38,44.42777045,161.6931182,Male,1269.499159
6151,51,81.49029821,179.8790108,Female,1431.639258
3124,35,70.93239984,174.3370127,Female,1524.612719
3990,31,47.45499434,174.584121,Male,1363.727193
7180,46,73.60581451,165.4206579,Male,1537.357252
7301,37,77.09718861,165.2665754,Male,1517.508074
3455,52,66.41785603,160.6076229,Female,1191.242787
4838,46,47.02973781,183.5659016,Female,1213.564686
784,43,77.77562284,168.9716962,Male,1584.452003
8681,46,56.65494323,181.0154712,Female,1310.713321
3837,35,59.65750453,152.6502306,Male,1402.3335
6748,24,51.3544543,159.8389099,Female,1221.349851
6043,46,107.7963314,171.3664288,Female,1807.092564
8825,38,60.65458345,162.325825,Female,1301.829537
7541,23,53.97754026,165.4956181,Male,1594.563759
855,37,57.51217657,183.9021573,Female,1369.457839
1773,23,71.53910183,171.5677494,Female,1490.545344
5756,33,78.60693842,164.0410199,Male,1558.881272
7723,22,52.21484103,164.2371686,Male,1446.510845
1616,56,74.96289787,167.7868067,Male,1493.101651
8057,54,94.92004606,186.7398371,Male,1866.308136
3583,36,58.92173881,173.8827721,Male,1481.793544
1552,23,87.09022647,161.3902015,Male,1786.849964
676,49,73.49536884,184.5768775,Female,1507.197612
8569,30,92.23290424,179.7287478,Female,1696.411639
4273,37,55.0711179,172.9186572,Male,1457.245281
8246,37,83.36056509,168.7534971,Female,1629.184514
8961,63,82.59576607,175.5022218,Female,1465.04964
5599,47,64.33612141,172.0420465,Female,1316.508267
275,36,91.57012269,180.1357602,Female,1716.036685
3367,56,93.72926516,154.2329811,Female,1518.98905
733,56,111.8264584,175.5095513,Male,1975.734963
7962,60,85.67151012,159.8793606,Male,1618.263107
7308,34,65.3702847,149.6002633,Male,1426.009117
2656,64,98.72016228,163.238156,Male,1633.673574
693,64,59.89875183,179.2151433,Female,1140.264473
3664,62,79.61483865,162.7279086,Female,1414.238998
7528,61,80.61438664,162.5104071,Male,1577.532425
1975,44,110.0662026,170.4213911,Female,1850.594828
8330,20,72.10402723,173.9785561,Male,1722.736885
7950,63,101.5771833,179.5352119,Female,1611.577187
8622,51,73.46194102,167.7016121,Male,1658.217142
1413,29,71.57570782,173.7109212,Female,1517.984361
648,60,68.00459845,166.1401752,Female,1261.368907
7455,52,48.47438176,163.037234,Male,1269.120341
1683,61,62.50288822,161.431461,Female,1226.320093
2955,29,81.94132249,172.4510329,Female,1543.928519
5223,55,81.06977511,155.760127,Female,1340.1631
7775,40,75.27714712,179.4307808,Male,1725.445941
4544,32,71.64415404,179.1517234,Female,1404.775738
832,41,60.95149747,161.3766413,Male,1412.913184
6614,36,54.0887893,167.6687749,Male,1453.254321
3077,56,35.68668875,178.3366332,Female,1092.762554
519,28,72.80047182,171.3089459,Male,1662.399514
8547,41,50.55006548,180.9269383,Male,1464.155485
3279,60,73.83821137,160.9626681,Male,1456.053907
2969,20,65.58597285,166.0852086,Female,1359.56794
5279,38,92.69393757,169.0892453,Male,1792.960658
3385,21,46.28579238,189.7646,Male,1536.807335
4246,54,69.00189071,155.0815941,Female,1290.864361
8974,35,70.09600364,150.0957423,Female,1379.426327
4618,54,67.53094713,178.207498,Female,1344.863332
6030,64,46.19378991,178.1198919,Male,1296.50883
207,50,90.06623245,166.7766668,Female,1599.904097
6662,61,84.74602014,147.8354508,Female,1232.602726
1466,41,64.93238819,176.3659941,Female,1371.028923
4932,35,48.18070851,173.1907326,Female,1273.832079
7041,57,61.78907281,168.2886165,Female,1224.337828
4424,63,51.81385704,159.4621243,Female,962.5460611
5896,28,57.96305593,160.5358702,Male,1609.47439
4420,43,73.10654752,177.0586019,Male,1697.206544
6543,58,59.50172746,185.9165782,Female,1242.141303
8761,33,73.89886224,170.258391,Male,1649.843014
7208,49,75.52949452,163.9983025,Male,1552.755235
2373,23,45.92811126,181.5527604,Female,1333.653407
7617,52,66.0475252,189.332517,Male,1564.777305
3018,27,90.49543282,168.9718018,Female,1782.941436
6924,51,68.4754874,174.2502018,Female,1386.673057
8100,58,79.02552633,184.2444163,Male,1701.110011
5907,63,83.13933525,172.3319668,Female,1446.800166
7523,62,71.17732431,165.8059118,Male,1502.276401
1016,36,93.42141509,157.443879,Female,1570.175807
5678,34,55.40327549,166.7488667,Male,1376.333613
4446,49,75.26664007,177.2036479,Female,1334.424477
4455,57,76.15852291,178.7997656,Male,1613.007491
7401,33,79.67000454,172.2447851,Male,1700.451276
7452,45,51.20313831,162.1454079,Male,1303.846095
4047,27,57.24073836,195.722645,Male,1726.980347
4139,22,73.56443512,176.5104223,Female,1547.445218
8153,59,80.86005179,168.6237814,Male,1506.097681
7782,58,75.93710284,145.9064921,Female,1229.71049
6464,45,68.05264766,167.8438472,Female,1346.54849
6145,59,56.92408602,168.2905443,Male,1401.461954
3588,46,77.33557297,173.0862959,Male,1575.729666
7557,34,59.33980233,157.6737565,Male,1468.126453
5743,32,52.57194553,173.5601867,Female,1369.915986
7766,39,69.32433208,167.3888581,Female,1386.677587
8915,53,65.47249254,172.7540975,Male,1543.659044
459,46,73.04491606,178.7469138,Female,1514.623762
607,33,69.70764282,171.6037384,Male,1728.371076
8192,40,59.43134923,178.4646173,Female,1287.118087
3818,50,72.29184663,168.5140765,Female,1392.858612
237,52,67.22638351,166.4566539,Female,1374.302991
1467,52,83.39107944,178.033572,Female,1607.268329
4583,30,63.2354827,160.7096873,Male,1416.6811
4845,29,62.72520453,180.4358647,Female,1443.143223
6042,63,80.61457732,174.5975444,Male,1609.798454
8662,59,68.82400588,169.7819098,Male,1492.436073
8913,61,45.31471057,175.052104,Female,1077.074834
6461,49,92.52725931,192.07144,Male,1877.512931
2778,29,76.23124727,162.7533422,Male,1616.926343
1810,53,64.32032416,167.6695499,Female,1266.071526
2409,35,71.72920496,169.505206,Male,1654.106825
1151,44,88.89913161,172.2912175,Female,1602.109717
245,57,70.03004088,171.5917911,Female,1364.994101
7704,27,70.76512099,182.7980885,Female,1469.32759
8769,28,74.64564483,177.0371024,Male,1772.46975
4380,63,73.618949,178.2827431,Male,1569.760344
963,22,79.51083912,173.4780845,Male,1846.444196
8011,61,46.03999739,169.3628939,Male,1163.732392
2068,64,54.42708487,175.8618973,Female,1126.859143
3273,62,88.48373473,177.6333174,Male,1725.102365
5811,52,102.5484256,166.2037661,Male,1742.115027
2731,54,56.2724023,174.2104204,Female,1280.057679
1711,57,59.3969408,168.1355539,Male,1398.212484
5726,58,55.00941258,176.693395,Female,1293.729314
3093,49,76.29832686,161.604707,Male,1558.538049
2016,59,68.27379067,168.2637383,Female,1210.061012
3473,63,72.52251562,173.4094834,Female,1418.434157
8485,30,64.43756475,183.8758612,Male,1631.506803
8793,59,82.7348377,157.1653523,Female,1316.412689
5643,18,44.35458455,198.3251368,Male,1572.421216
396,31,71.79949737,148.9215803,Female,1385.075902
4389,30,45.61885663,176.3494525,Male,1420.003353
8043,41,65.21461342,166.3814502,Male,1455.816741
5253,39,66.62150605,156.6903883,Male,1441.348529
8661,46,55.67280981,151.7778952,Male,1306.498962
1828,52,63.73194743,173.9591535,Female,1362.606135
417,49,51.75834089,165.1352618,Male,1295.188605
7028,62,70.65400311,169.7385476,Male,1412.693704
5501,47,51.64393089,160.4931004,Female,1120.799806
3633,21,77.24941034,185.6544339,Female,1749.737246
2416,38,58.90428722,164.6572075,Male,1403.419174
7885,46,65.10492092,177.032929,Female,1314.478072
7402,26,87.69983562,163.7013926,Female,1556.125868
3932,36,40.33372669,200.8519206,Male,1482.069388
8414,58,78.14367991,158.7247066,Female,1323.441391
7097,40,87.64244812,169.1269858,Female,1666.529271
8747,45,71.94420802,160.985645,Male,1465.610612
5288,27,66.40734404,189.7220317,Female,1512.475845
2324,22,78.22634384,177.4904044,Female,1662.794114
601,51,86.42101627,170.5508388,Female,1474.422826
8323,44,46.31248361,180.7804283,Male,1401.663261
6625,29,52.92082989,166.8350925,Female,1170.539578
8586,49,62.64130551,172.5197078,Female,1368.246688
4462,24,55.24081953,196.4527198,Female,1472.99217
8959,23,92.70902552,148.9060056,Female,1571.328451
3472,48,50.32089765,168.1615678,Female,1155.174441
5770,61,85.11735466,180.4541918,Female,1489.223959
584,36,65.2883796,161.9666699,Male,1439.37564
7124,57,59.27912404,164.2428039,Male,1345.229935
6234,21,64.6630226,171.5538171,Female,1437.066765
5725,51,66.8384257,178.3335017,Female,1304.096614
3858,50,55.23249165,181.620026,Male,1384.506511
4431,46,53.99060749,175.8541017,Female,1190.971685
3662,35,54.16151341,163.2041465,Male,1357.090862
8483,18,75.42351515,186.0767463,Male,1768.464769
7659,43,79.70752927,161.4196475,Female,1353.461579
3412,46,,145.0793179,Male,1381.878
5806,35,47.85444198,181.5685509,Female,1285.965225
6692,40,58.26421907,163.6628974,Male,1452.710281
8290,28,40.79847334,175.5345249,Female,1266.114512
6345,32,71.89986051,169.0283138,Male,1599.021447
1080,30,62.25310237,170.6358557,Male,1564.826379
947,63,67.81218425,164.1698417,Male,1496.97351
2648,61,91.06818359,152.2668555,Male,1464.312508
6898,40,88.57904176,165.3667897,Female,1461.328024
1116,50,55.73489226,168.851568,Female,1250.752427
453,45,68.97001665,173.6497979,Female,1368.127887
8047,59,78.53524012,183.7045231,Male,1607.914019
5120,26,47.30267534,168.3901889,Female,1270.030583
1524,22,74.60707349,182.1661869,Female,1612.084067
4664,27,56.29473524,157.7171957,Female,1323.899803
7631,55,73.12876717,173.4703077,Male,1525.189537
7744,32,75.70163237,169.3423282,Female,1477.658399
1953,58,72.41361332,164.907676,Male,1549.3902
3244,61,50.49763744,173.9026802,Male,1252.439278
4344,26,72.18486492,179.8121715,Male,1761.297363
2609,35,86.04272288,186.5487406,Male,1816.498839
1707,48,55.56711416,169.6960234,Female,1311.137228
3074,37,75.4836719,181.5538313,Female,1617.822551
6178,59,72.90783419,155.173768,Male,1379.80113
746,53,63.37144671,169.4595423,Female,1178.407042
5571,34,74.52507686,151.3976467,Female,1381.424021
3846,44,57.34596091,180.1510363,Male,1465.927262
3312,32,82.97407172,158.4230925,Female,1457.727757
4115,53,59.80371534,167.6597658,Male,1406.301823
972,36,68.19127526,170.4410349,Male,1643.604311
5342,41,64.58262649,171.9828675,Female,1324.366331
3923,19,65.79818674,163.2061791,Female,1398.918637
5983,30,67.3594824,145.2242185,Male,1448.452269
3509,51,67.20337626,169.4453918,Male,1506.967905
1335,32,77.4359125,177.1955832,Female,1541.545375
7459,32,52.37592519,180.7211538,Male,1551.918249
1543,64,92.02414302,170.0912884,Female,1366.681242
2652,59,66.7515681,173.424991,Female,1302.883983
4220,63,83.89805356,159.2291827,Female,1367.269909
1284,41,55.15807031,172.0119508,Male,1406.627125
6976,57,54.91856701,163.9915621,Female,1194.214661
8046,59,80.74223777,189.0251343,Male,1701.102256
971,39,54.57102964,142.2904448,Male,1284.673555
897,33,57.62792993,167.1270473,Female,1399.158239
6239,63,90.28890781,157.963637,Male,1661.002436
3859,63,76.5087636,173.8552213,Male,1605.706886
6955,32,67.77652376,168.7463309,Male,1608.227479
2163,21,85.14972151,187.9728472,Male,1947.365712
387,43,67.21374709,183.75776,Male,1584.037139
8660,25,91.57984319,184.8793272,Male,1935.994367
5351,53,97.89305422,164.2832995,Male,1681.362171
5138,18,80.70294895,159.9457347,Male,1697.137601
6109,64,81.30339971,158.6845649,Female,1304.086921
4587,37,61.0267232,180.3431342,Female,1306.161112
4661,26,71.18677016,161.8035919,Female,1404.82985
8052,52,52.2117804,165.9588683,Male,1310.99802
3102,23,80.53570758,167.5867319,Female,1692.865179
45,49,92.41658837,164.1577656,Male,1713.802714
4835,43,69.70668503,170.2521913,Female,1440.619553
7423,57,76.86758964,164.2051216,Male,1561.723583
5117,46,54.43915703,172.2362267,Male,1299.386708
5735,33,70.11808171,162.1719445,Female,1464.243677
4177,49,55.43487947,180.2226295,Female,1248.423537
227,23,45.43970333,171.5307371,Male,1398.453812
120,52,47.85517644,182.7469846,Female,1135.873438
6558,61,69.16746526,170.2374852,Female,1287.348933
7891,59,60.45938636,185.2356028,Male,1448.851985
4010,46,62.71198152,180.2826429,Male,1586.879414
2800,35,40.70343676,168.2302645,Female,1107.801741
6478,39,82.98758087,174.4891092,Female,1568.034737
6864,47,73.07863416,167.3986188,Female,1331.390794
7736,40,86.23034303,179.0366023,Male,1762.107268
7978,48,57.76505114,167.3467878,Male,1433.576049
8927,22,68.07702552,164.3812383,Male,1659.140444
4502,53,70.79912685,169.1617447,Female,1320.856639
1242,52,88.47785092,174.0879643,Female,1489.111017
1000,42,52.49290596,171.0492081,Male,1480.662642
1493,35,97.15503561,171.0590324,Male,1952.76803
3118,34,58.18471778,176.191334,Male,1564.976912
7854,18,42.1342821,182.2144829,Female,1320.390395
1752,25,65.98305746,176.6460826,Male,1644.292398
5745,42,94.76918119,158.4932572,Male,1676.812478
5022,28,64.17196502,184.0764353,Male,1715.568505
3052,19,83.96520175,162.9369323,Male,1747.793568
2212,27,73.73325998,168.4150035,Male,1664.829276
5565,51,71.67123098,172.2556852,Male,1629.91154
8879,58,73.6786457,183.4501826,Female,1409.165693
4465,44,36.91534952,173.1207744,Female,1127.128839
8195,27,56.7316274,157.5740088,Male,1423.343771
3556,21,80.54944452,159.5779584,Female,1514.375533
965,42,67.53081833,176.0318434,Male,1606.941995
22,18,66.33341795,157.0197402,Female,1396.923629
7841,61,70.60345191,164.8646458,Male,1416.559409
1754,25,37.36021441,159.3974369,Male,1248.290381
6727,62,61.5770802,177.4700149,Male,1437.219378
5810,42,57.29621949,165.2451502,Female,1186.20312
585,24,67.85258987,172.2427798,Female,1507.370506
1271,25,93.50662611,179.2835253,Male,1926.975769
6448,57,45.53446537,182.1718319,Male,1280.240088
2394,19,98.19218379,174.4939211,Male,1928.60565
6072,51,33.0247698,155.5378074,Male,994.9893945
5524,28,58.64653901,165.4305214,Female,1323.389715
8144,58,70.08540956,168.9907414,Male,1448.36767
4761,43,83.92814133,171.5735923,Female,1538.367472
485,57,66.89275347,177.2243269,Male,1508.044083
2303,19,80.3676072,171.9822508,Male,1776.752292
8348,22,75.16143649,181.2534985,Male,1813.221825
8701,19,65.7025146,165.2370387,Male,1650.051238
908,61,61.04434904,165.8080315,Female,1198.614196
1681,23,76.29841244,157.8120837,nan,1536.922892
8034,62,85.45942669,174.7356249,Male,1532.471015
2603,34,74.13023913,162.2092656,Female,1372.752439
4800,35,63.85695028,156.3669871,Male,1495.857621
713,40,68.77412686,172.0111936,Male,1548.905277
7273,18,70.330645,171.8066344,Female,1564.136269
1376,28,66.69285985,183.5023891,Male,1811.365339
8545,41,36.12801458,166.2020595,Female,1054.936691
4020,47,44.11940451,175.2945979,Female,1097.488275
593,56,63.01299206,183.8516748,Female,1304.257991
8498,37,71.34211396,166.4390372,Female,1434.550894
1855,63,59.15914728,148.4726305,Female,1118.122277
1255,61,72.17730665,149.821067,Female,1123.248074
7471,41,60.12738823,163.2870375,Female,1252.035837
6261,63,61.17334696,165.9451006,Male,1343.51054
7655,35,76.08275961,166.3901719,Male,1592.883163
4159,57,99.41469409,163.9607142,Female,1524.102909
7808,24,76.81985173,152.5816583,Female,1514.7867
4706,47,60.64554921,166.4708851,Female,1224.911877
2297,29,78.04255049,166.8275807,Female,1530.750616
5586,64,70.65617835,175.4723562,Male,1465.437796
1176,26,47.38801319,180.3600954,Male,1432.056959
8239,62,80.23665135,174.6584875,Male,1512.808002
3501,45,61.72147425,161.1847043,Female,1257.100988
4617,50,77.61297939,170.3347294,Male,1547.191543
2196,22,65.32857418,163.1347369,Female,1373.514318
3665,63,71.35422981,171.0836801,Female,1280.382189
1133,47,61.54740198,159.2190847,Male,1324.604165
8779,62,65.29655453,173.795675,Male,1405.03862
5929,50,68.55054912,185.6141814,Male,1562.345281
164,18,58.66864548,167.0653658,Female,1373.868305
7074,19,66.64205175,159.2958625,Female,1399.798075
4256,28,102.4687051,170.3541884,Male,1997.565661
1767,30,68.09180115,165.5770563,Male,1647.587507
3671,34,73.11228723,155.2179062,Female,1413.338411
3755,26,38.26270242,159.1689539,Male,1270.047414
130,28,78.14539066,179.4827567,Male,1827.578812
7958,39,64.45580787,176.1182559,Male,1511.027794
875,23,88.4502484,166.1454269,Female,1733.44637
2365,27,58.59175419,183.998219,Female,1461.802963
7514,27,55.95716391,168.7158262,Male,1555.788841
6990,27,70.45016476,183.6485611,Female,1630.452347
6575,41,65.92224229,180.3367793,Female,1465.685388
6195,50,64.029654,167.6330538,Female,1228.304586
5724,52,53.37021428,166.2296876,Female,1153.28096
6710,33,67.53351658,165.1422508,Male,1602.642958
1292,49,37.1476945,148.8662101,Male,1139.46851
2878,55,90.35471031,185.6589655,Female,1603.836307
8075,27,75.07982979,167.1195024,Female,1470.25162
2818,22,43.35848707,171.285915,Female,1267.782051
4507,46,87.56374163,171.6027091,Male,1625.781024
5959,54,55.3204105,185.9560013,Male,1437.855025
8850,25,123.053675,166.3908538,Male,2157.186835
448,52,64.68199521,177.4878603,Male,1439.871725
7530,57,82.86617863,161.1766827,Female,1362.957394
5460,29,92.87882903,173.7845344,Female,1676.998205
2709,26,54.74497895,170.3924162,Female,1400.615111
2568,48,68.55490874,167.5610649,Female,1324.100727
7109,51,61.14199193,164.0103043,Female,1209.667343
5360,32,28.72017699,175.4027382,Female,1139.63031
3511,25,78.66294282,166.3380354,Female,1447.85495
3681,64,72.62869436,175.2305633,Female,1294.036785
4733,49,75.56204261,167.5088756,Female,1501.181969
4150,23,55.36830581,177.0744968,Female,1370.599353
4997,19,72.02174441,181.146757,Male,1851.435705
3431,58,71.39081828,176.625792,Female,1297.127657
7022,27,61.35016926,156.6753039,Male,1444.967441
6550,38,91.47501139,145.4819914,Male,1626.769341
1194,35,60.3751438,178.9375386,Female,1354.85215
281,45,81.22958582,174.0362244,Female,1515.84265
5226,36,57.56344982,160.1207203,Male,1342.140243
993,40,66.18592189,160.234507,Female,1290.717486
1173,23,85.1976415,159.7977288,Female,1558.927259
2864,29,67.89148644,180.7027542,Female,1389.598614
8674,49,91.55799426,182.7306102,Male,1750.483689
4146,36,83.60086143,158.8632081,Male,1708.808969
216,42,80.56474119,163.4917678,Male,1616.372587
4238,26,46.69987264,175.9933234,Male,1469.474599
4077,64,58.9536928,175.5674869,Male,1373.485018
4631,63,60.35526411,160.5491723,Female,1121.684382
7274,62,56.74240824,177.4148115,Male,1364.397765
5376,38,101.8305626,163.6842961,Male,1973.425516
8014,47,93.9983943,159.5932166,Male,1723.993731
8696,46,61.62959362,183.0174793,Male,1613.433603
8180,61,68.46879312,166.9190993,Female,1281.821581
7660,53,47.03036072,175.0943461,Male,1344.565221
1321,43,51.51340847,162.1477656,Female,1169.46035
3513,53,60.69071736,175.4874488,Male,1419.707674
2764,50,79.69172389,164.1660098,Male,1584.937785
2619,18,64.21293981,166.8326862,Male,1536.616729
3485,63,85.2598207,160.7284968,Male,1613.630005
4286,57,83.89366117,169.6379942,Female,1416.462225
5663,28,93.84026679,153.2171574,Female,1583.280743
8398,24,62.2837636,168.2989397,Male,1529.578492
2432,61,60.98903351,177.2028076,Male,1443.316848
8866,41,55.74011712,173.322596,Female,1315.481486
3440,39,55.82348152,182.2227001,Male,1502.887465
5260,41,57.86329411,191.0629295,Male,1488.518064
8094,54,68.23600318,178.8266927,Male,1498.033941
3676,35,40.26499893,176.6466302,Female,1137.741465
1892,58,61.09792399,170.0348525,Female,1221.515857
7410,64,71.30748194,158.9732582,Female,1170.614588
8095,50,53.10062802,167.105339,Male,1289.633821
2983,29,81.52054691,175.0839643,Male,1798.734516
2184,31,64.30767243,160.4511884,Male,1575.502941
6026,52,62.41936756,161.1450178,Male,1346.742622
1528,27,90.301037,179.0240192,Female,1656.648608
1641,56,100.2412299,167.7729394,Male,1834.286682
2120,37,81.0370452,196.5669619,Male,1825.952198
7814,38,85.70550923,167.3981822,Male,1759.875345
4357,49,49.14792921,177.7874397,Female,1216.407281
1614,36,84.0174345,170.4053474,Male,1681.548019
3132,63,56.70366956,167.9063761,Female,1139.469313
1726,51,67.26693703,176.5658846,Male,1561.886511
7126,41,99.15391354,173.4571586,Female,1701.660958
8748,45,63.73292801,181.7235656,Female,1415.836267
8217,25,78.53776104,150.3976815,Female,1422.312165
7938,49,72.46891723,149.142165,Male,1434.753813
5984,21,84.92207338,191.7528985,Female,1861.785541
7640,31,50.5272508,165.2449715,Female,1221.467083
1463,40,94.6172275,192.5595172,Male,1929.210266
1622,31,66.11149482,164.8471356,Male,1543.254118
1112,64,56.55740326,180.8575085,Female,1120.369565
5546,36,74.70184645,164.2177026,Male,1630.004714
8629,20,65.78689667,152.4105502,Female,1377.930905
4307,43,65.88804014,179.813644,Female,1444.475839
5459,59,53.30744188,151.2126886,Male,1193.886594
5413,61,75.60387047,172.3234999,Male,1575.615582
782,44,53.41576477,174.9623321,Female,1287.084401
3767,58,76.49378425,170.5481057,Female,1362.450128
6044,45,77.86387329,169.1550543,Male,1546.113681
3593,26,29.26699486,165.7891176,Male,1092.738817
7259,28,74.84786008,164.5041175,Female,1423.282279
3615,30,68.04141505,167.0694721,Male,1591.128257
4156,33,55.27866169,173.2309237,Male,1513.985636
3239,35,82.35341361,156.6223456,Female,1396.233264
8734,58,88.8172209,166.0831908,Male,1609.306955
6886,26,93.76119874,182.4785373,Female,1757.362205
6249,64,67.99325058,167.7385725,Male,1378.14541
5813,60,82.21904164,172.3017449,Male,1670.40947
7076,40,53.82352878,174.7285493,Female,1175.265775
8472,34,65.67287605,165.0635584,Male,1472.428004
185,23,55.18498566,165.7999196,Male,1469.045229
8534,43,64.63079729,178.1682166,Male,1592.052282
1928,21,54.57280674,183.8570318,Female,1376.409853
4152,51,103.7637542,182.922252,Female,1741.299144
5611,47,44.02625955,172.107604,Female,1053.046019
7581,37,76.01742636,165.6037287,Female,1457.075941
8714,50,74.50973601,173.7922992,Male,1646.776918
4885,51,79.19003997,176.6941815,Male,1695.037359
5655,22,44.2888166,189.3174468,Male,1537.379403
2188,38,80.70342206,175.1636535,Male,1789.369099
6306,43,70.54417991,162.157197,Female,1350.053604
8931,49,75.50174133,181.5662771,Male,1653.906596
2145,27,81.95004268,178.5940703,Male,1807.17401
6835,28,69.83181657,167.8982909,Female,1436.882521
6419,24,59.3437448,187.8043843,Male,1556.32443
6169,28,57.22945927,165.0724405,Male,1460.415215
4470,23,49.3019263,154.5351011,Female,1257.335237
3853,18,73.52128584,179.3080065,Female,1726.051131
6940,23,72.94872092,164.3982563,Female,1560.688093
4626,29,55.62910396,174.9525903,Male,1583.213148
8914,47,84.25490916,161.5114968,Female,1394.246032
6276,61,46.51845536,187.0074748,Female,1223.692636
7911,30,71.93890188,154.3131606,Female,1398.5288
8389,61,63.8616391,189.946112,Male,1590.913092
8781,39,67.87988073,155.112984,Female,1292.747342
4311,30,55.0987621,171.07964,Female,1317.312962
7412,31,84.62047044,167.5750303,Female,1599.841308
1206,38,82.98297583,166.3752231,Male,1613.284911
4251,42,90.26877985,152.8564927,Male,1708.555372
7974,45,60.65639313,174.2727605,Male,1473.875196
2415,32,75.16213379,165.1261038,Female,1417.949982
8030,61,61.55677738,152.4583964,Male,1307.440407
5689,38,80.96765481,176.0258148,Female,1556.263491
3523,28,98.54271699,165.7103747,Female,1678.962853
524,62,85.74050899,171.8462223,Female,1405.257086
6811,18,52.96601926,169.7414278,Female,1350.639333
8356,63,54.61709867,160.3211842,Female,1044.960629
7413,37,79.98721902,171.0394128,Female,1581.024102
1470,42,86.76884704,172.4999936,Female,1585.28975
11,39,55.97546488,163.9062844,Female,1164.667993
4432,60,59.93468937,167.85832,Female,1152.73403
1311,38,89.06148845,147.2324974,Male,1628.38693
4326,62,81.14488639,163.5855489,Male,1590.551675
5551,58,76.66797998,177.9716215,Male,1548.533301
6798,28,37.70189779,168.6556758,Male,1238.990882
4439,22,49.85039039,167.2753233,Female,1184.521952
4834,63,86.61723161,162.2648406,Male,1553.513928
1719,50,48.63441117,155.0291911,Female,1072.373899
7345,37,84.30812377,162.1326023,Female,1654.191876
6667,44,59.8814822,160.1257324,Male,1399.714791
348,43,88.57093229,176.2614483,Female,1621.378822
155,32,45.36674948,163.8659536,Female,1115.414632
5504,47,90.64600008,159.5719169,Male,1693.740604
2697,63,39.17483077,165.2625945,Female,918.9690607
1411,35,102.0048947,166.9073358,Female,1751.51886
3314,37,64.16151323,175.6045779,Male,1567.456106
2793,59,89.26811806,162.6828746,Female,1463.101504
7952,36,75.21941251,186.7479025,Female,1659.882513
1269,64,63.18342896,172.9465876,Female,1310.326376
2041,60,76.36111937,191.6080267,Female,1460.026146
2592,22,41.48622199,176.117571,Female,1247.233673
327,60,62.66891595,159.8981986,Female,1053.158434
2318,51,53.3698271,164.579381,Female,1200.975183
2523,38,90.273851,148.8365205,Male,1756.706679
4848,24,76.63568177,182.6277201,Male,1799.90935
3491,48,70.08346024,179.5360586,Female,1466.247384
2216,19,42.61202374,175.2667356,Female,1234.476304
6885,57,92.81046123,165.6404311,Male,1634.98636
6506,38,62.66691105,174.835221,Female,1317.597501
2033,24,65.53129836,165.3876503,Male,1518.672536
3433,26,69.02605744,165.6667449,Female,1315.495653
4659,23,69.25178851,170.014357,Female,1533.504802
4572,36,55.15332712,176.1479074,Female,1414.120515
4966,59,64.02752133,166.4469507,Male,1428.973301
2899,57,84.00255516,170.8229283,Female,1358.545947
3880,29,85.02760528,161.5019894,Female,1510.33461
2292,54,89.98337648,171.3539354,Male,1641.14159
8229,44,73.88466742,166.5265581,Female,1487.117204
1750,28,73.96855893,171.9275822,Female,1524.482805
5231,42,62.58409857,170.3056323,Female,1308.971376
2493,46,50.60020785,169.0113248,Male,1336.998183
640,62,69.06139063,171.4888764,Female,1328.623658
7561,49,75.82753147,184.8736803,Female,1513.816417
5220,57,60.60579849,166.9915915,Female,1221.897518
3699,56,48.06941803,179.4912992,Male,1375.730737
8412,52,79.69174336,163.3849941,Male,1597.060034
2474,42,57.36749979,165.6733071,Female,1311.962302
2766,36,90.39427258,167.9770021,Female,1521.983213
5805,48,70.95341118,160.434823,Female,1158.525225
7828,35,56.76223359,161.6337771,Female,1214.704311
3014,46,33.25223155,170.7249664,Female,1010.460836
7684,36,79.93837033,164.9602464,Female,1495.574861
4413,31,46.66807823,172.193325,Female,1199.32476
3986,45,84.92227526,174.4069766,Male,1703.409666
6935,18,58.97782098,155.0049561,Female,1235.251112
6555,31,84.02131613,172.4528314,Male,1725.938315
7351,60,76.54654873,148.8660366,Male,1347.127568
5895,55,32.6421134,184.629139,Male,1249.782649
162,34,65.05216553,167.1067953,Female,1420.336781
118,62,74.30828085,168.9536744,Female,1314.053032
8051,40,84.06659272,169.8614339,Female,1519.159507
355,46,52.58640361,182.6859826,Female,1268.667374
403,47,59.14301999,192.3222857,Female,1404.28177
8823,56,51.2155328,142.7513283,Female,967.8657094
1013,53,70.23606788,176.1553502,Male,1576.253348
6063,46,93.94109874,169.598154,Male,1795.196649
1910,47,76.49589984,168.4517722,Female,1293.144147
1607,34,83.52282348,168.1677915,Female,1538.796774
1231,53,83.73410337,160.8255414,Male,1557.995022
6310,53,51.4974126,162.4307151,Male,1200.717844
5902,21,87.65980038,185.4127525,Male,2003.666893
8729,20,59.90559364,186.8595627,Male,1713.081751
5843,58,49.60212282,166.5059012,Male,1235.020881
6141,52,94.37763465,164.2734503,Male,1671.73612
4019,22,79.49734318,178.9099541,Female,1630.596474
714,36,67.51499184,170.8139043,Male,1663.028749
6285,46,51.50150382,164.0457346,Female,1181.097991
2143,35,100.0906842,167.4644697,Male,1918.476197
4919,29,67.82352541,160.7428925,Male,1598.399276
6721,43,59.83661921,173.4314789,Female,1324.183196
8500,63,70.24901033,164.6640901,Male,1357.02637
4188,37,80.61767221,175.7048068,Female,1541.763586
786,38,45.62568818,179.6513665,Female,1144.795817
433,35,84.61112625,194.4329987,Male,1921.475597
3486,60,55.09500819,159.8669442,Male,1307.806717
1251,32,42.45933642,167.9672266,Male,1249.421664
8029,60,95.29576187,173.7952118,Female,1563.2004
6070,61,76.14604839,184.884263,Female,1405.287664
5248,42,50.16455458,185.2285091,Male,1398.742024
8457,28,87.94549594,177.2786245,Male,1840.098231
5302,23,71.15122777,173.2849138,Female,1485.793607
7082,23,56.8583,177.1585029,Female,1387.631379
7999,32,93.25006362,167.4477743,Female,1598.078691
69,42,62.86402184,182.0204057,Female,1475.826427
1704,39,71.33869883,172.2702953,Male,1580.318321
3271,44,67.34960151,167.8585585,Male,1500.229029
969,33,49.37241932,170.1055642,Female,1235.919448
1609,35,80.81350048,168.9717039,Male,1668.529163
8928,57,52.936218,158.9178367,Female,1065.367218
3041,37,80.58692916,153.5780889,Female,1430.205117
6171,23,57.36813915,164.0499346,nan,1379.847334
8374,59,41.3279063,158.0347294,Female,911.1724566
8692,43,36.94842835,152.3826105,Female,910.423217
6732,59,75.61595896,177.6861431,Male,1640.906328
7679,58,53.59683382,151.8338695,Male,1200.645131
6335,31,65.13991658,174.0186447,Female,1517.695784
4285,41,89.07180891,170.7605964,Male,1837.277996
5013,40,70.64013182,154.1777882,Female,1349.948862
382,24,41.5514965,180.7623277,Male,1520.95681
8898,43,57.23469853,162.0900304,Male,1374.714904
5162,53,54.82712719,153.3564767,Male,1227.281778
4225,57,54.22883357,168.2303343,Female,1204.545154
1853,34,57.07536693,178.1007122,Female,1385.417486
1903,32,52.14726719,168.882306,Male,1405.906096
3690,45,68.90565713,184.1395655,Male,1584.141108
2653,56,67.01958239,171.3894013,Female,1239.474409
4060,49,77.27686071,178.0776821,Male,1661.180244
822,56,67.973674,183.034106,Female,1381.712001
8697,63,71.73291382,188.0123915,Female,1386.363652
4318,30,75.17652956,166.3915559,Male,1550.375214
3210,58,51.33809258,176.3860165,Female,1192.112627
1651,27,75.21525419,186.6481094,Female,1619.964906
8277,25,74.69394659,182.4693332,Female,1632.581035
1988,40,54.11048141,163.1644125,Male,1346.798694
6425,58,68.32097759,171.2226531,Female,1274.689585
1985,54,92.25908181,159.283286,Female,1462.4945
726,50,77.48460328,153.3737591,nan,1401.040668
3232,62,58.09766862,168.9720451,Male,1215.234508
1169,42,68.31081555,160.8299205,Female,1308.675183
1673,23,72.23885603,180.898277,Female,1566.444718
7333,22,55.00795142,170.6290475,Male,1550.967734
7618,24,74.13256039,161.6604745,Female,1408.694242
8861,57,93.07516098,175.9522663,Male,1747.027251
5620,62,74.56362623,166.0410465,Male,1464.71733
2291,40,49.77150214,174.2394546,Male,1487.668699
3849,37,58.30877411,176.7098416,Male,1481.086173
4281,47,64.61026601,175.0253873,Male,1560.571207
7625,46,67.37481254,156.3679795,Male,1301.346494
6379,28,72.66632308,164.7391522,Female,1490.702581
5454,24,76.09021583,152.7660524,Male,1606.757493
3080,34,98.62346815,167.5743369,Male,1821.510787
1553,62,83.1991245,165.4603842,Female,1413.523883
6175,31,80.72984291,180.9392888,Female,1645.545851
1747,58,51.32724514,164.7091415,Male,1307.711426
1631,62,52.84512315,183.5457446,Male,1401.463841
52,23,59.51745317,156.2115365,Female,1345.867127
6197,54,61.13002849,185.6031472,Female,1364.934312
3198,33,57.75159416,156.3097489,Male,1496.973908
5899,31,72.91560274,149.2653753,Male,1540.25264
1030,60,72.23069779,156.2732488,Male,1410.178024
7284,32,70.2789654,164.2099591,Female,1402.336704
4007,39,87.55673324,156.6575713,Female,1510.93304
2621,20,92.9435124,165.2546619,Male,1858.360866
7349,33,70.65691261,173.0835037,Male,1627.54455
1732,27,72.58200946,176.7511109,Male,1764.024734
5921,45,79.60211429,163.4838702,Female,1440.656216
7513,31,79.6826871,163.8890865,Female,1530.672798
7446,25,59.82448106,178.0351258,Male,1681.225422
8385,57,79.49081742,167.9980516,Female,1412.963514
2801,18,49.54214311,153.4852146,Female,1146.235369
1178,56,62.67150284,168.2678608,Female,1202.62301
5548,60,89.43125783,175.5019793,Male,1791.058568
346,19,67.65612902,184.0985889,Male,1724.771762
6645,62,77.29959032,173.5588883,Male,1530.674021
8170,64,50.64894854,173.2397524,Male,1205.389419
5932,46,32.2372405,163.9033548,Female,970.1220561
2964,48,73.88387556,174.9753606,Male,1589.414847
4842,53,77.33504017,175.9829774,Male,1587.650258
1520,54,66.96463591,171.7257743,Female,1353.897139
7462,63,88.25869375,167.9629174,Female,1386.71213
5482,48,86.36254532,158.8145277,Female,1382.238901
8349,26,59.61903958,181.365496,Male,1554.795177
7624,45,71.30449519,173.4992882,Male,1606.529758
5979,24,94.35223868,167.051024,Female,1642.108558
7667,40,71.77970066,187.1868942,Female,1499.516033
4294,39,65.81737319,181.0001354,Female,1431.364337
6659,30,68.01315098,153.6092321,Female,1252.476746
4190,27,86.96069226,169.3148871,Female,1711.166657
2123,39,69.0997997,156.0704541,Female,1376.874067
3126,39,58.31182983,183.4052008,Female,1341.903013
8754,32,48.06245998,161.0145292,Male,1350.457688
7844,55,68.76939832,168.8363238,Male,1415.039028
6723,51,61.48410101,161.7191878,Male,1437.925209
8168,47,69.45041107,166.0547005,Male,1521.347151
6122,53,63.46446959,166.8545948,Male,1382.866838
3327,55,61.13802801,174.1508304,Male,1404.917362
194,49,68.76822356,160.9214625,Male,1376.0478
8496,27,49.63257364,165.0436672,Male,1338.639572
7702,51,77.46259246,171.8779906,Male,1602.370506
1398,32,73.70339142,160.533062,Male,1658.205363
4235,37,64.05339273,156.7962466,Female,1224.316883
5109,25,75.10466941,160.6286502,Female,1453.678839
3476,49,54.42286338,176.6799002,Male,1316.593333
7722,39,68.80412569,174.3982421,Female,1472.959389
8262,58,66.01873176,171.8504582,Female,1243.172086
8943,20,72.17877041,179.830988,Male,1787.951123
3540,39,38.88938251,148.1921523,Female,880.8323933
8567,56,58.58577544,169.9460375,Male,1472.204273
5686,31,75.3015708,182.8401526,Male,1802.386345
49,48,95.22674419,154.1254835,Male,1745.360138
5714,23,68.01055486,156.4460739,Female,1324.669641
2018,42,48.71388526,172.733906,Female,1233.561509
5250,47,90.56741811,178.5483211,Male,1807.921621
2966,32,76.74959719,162.0736733,Female,1412.295396
3937,44,87.32335713,175.1486215,Female,1626.177009
2010,61,68.19418946,182.4307737,Male,1532.34659
6900,53,43.66825721,167.3647339,Male,1231.707141
7116,61,74.59435806,170.7984014,Male,1427.14055
785,55,35.21791421,168.0345264,Male,1040.846168
506,52,91.54606801,186.625794,Female,1604.178515
6413,22,52.53723821,169.647596,Male,1560.083153
1146,56,62.23954623,163.7865862,Male,1323.47228
3343,51,91.78963848,191.1411273,Male,1907.230599
7370,30,63.47197298,176.9413272,Female,1385.301399
7779,47,82.32018611,188.1895606,Female,1653.147062
2197,62,96.70941251,166.1640677,Female,1525.787314
3229,50,54.76468114,173.0919421,Female,1298.882136
6776,37,50.53500822,186.2189642,Male,1463.51417
7231,29,55.11596913,154.4514965,Male,1322.915894
238,52,67.27985742,160.9314121,Male,1488.143976
5299,51,63.54167226,155.232539,Female,1161.125131
8403,45,96.69288663,170.3233515,Female,1585.113325
5205,21,45.94505421,171.955738,Female,1266.032584
8785,27,80.98090407,181.7934471,Female,1679.315825
7730,33,73.91849808,166.2082302,Male,1629.551272
1789,39,77.78217079,161.6041527,Female,1433.452424
7199,41,69.76437599,175.2727965,Male,1585.091994
7277,27,91.68348861,164.9374746,Male,1808.901595
2391,34,63.03737479,166.8788652,Female,1284.835782
4259,47,52.607852,170.4965513,Male,1298.296052
5278,52,65.13319832,163.3026864,Female,1319.498522
915,52,79.04653062,167.1744663,Female,1388.739833
2414,26,60.46202076,175.4453304,Female,1352.6617
7573,48,74.88153234,179.2310963,Male,1651.634984
751,32,92.37710246,185.5461751,Male,1839.28001
7323,24,78.794389,184.3907562,Male,1823.295113
252,61,71.80489426,191.1162568,Male,1552.761163
537,38,42.94291782,152.4281606,Female,1066.950553
4317,62,46.16186161,175.2253037,Female,1007.992842
5101,19,69.50905552,173.1348896,Male,1597.691394
5444,50,52.0633165,159.2616347,Female,1036.410077
5648,21,40.33383361,175.1196872,Female,1197.3308
2495,37,52.8446394,185.2958976,Female,1304.004232
1981,62,97.99580689,169.4908223,Male,1668.447848
1214,33,32.35557418,162.9053933,Male,1144.274645
1078,48,41.11087949,176.716302,Male,1368.50943
7069,40,78.18756814,154.6194194,Male,1506.120743
5742,40,77.34727604,170.8582921,Male,1673.409012
426,32,79.47560006,156.4496051,Female,1482.91383
6402,35,58.69928303,170.7863307,Male,1397.1908
2512,54,68.61985386,183.8211819,Male,1654.349191
4048,21,59.59294906,152.9439807,Male,1467.337497
2468,50,54.40139953,165.5534076,Male,1355.852582
5344,59,80.88894705,176.6034066,Male,1711.155924
633,47,65.77622098,170.6860193,Male,1562.1049
3178,,68.6244628,170.3079658,Male,1655.971932
3527,50,67.08368644,175.0340406,Male,1506.454295
7042,57,48.6236011,170.2001778,Female,1063.967352
7735,24,71.12004114,165.2166261,Male,1719.912034
5847,30,62.89868729,173.5579149,Male,1624.830623
8275,25,41.96979994,180.6893651,Female,1214.582756
4153,32,54.55672697,175.8468683,Male,1446.304771
8056,27,31.48886666,168.6848029,Female,1132.860081
3061,28,79.68336831,177.1900893,Female,1618.329006
7136,58,73.71274549,180.78968,Female,1446.922642
887,26,50.68941334,159.1184841,Male,1433.496897
5122,18,78.45855646,177.6317754,Male,1779.592762
8582,30,71.99082784,170.2289325,Female,1494.563749
1236,21,76.89958395,175.2553222,Female,1602.6562
4772,23,92.13876542,154.7952961,Male,1761.434762
1063,25,92.30978997,180.2638587,Female,1774.861428
1410,43,95.88824681,159.5314708,Male,1779.52035
3309,25,81.2253837,176.1203614,Female,1698.396061
1092,42,61.20820423,167.5413179,Male,1524.508999
206,24,84.85921587,182.8073423,Female,1768.777043
2573,34,38.3658874,167.5238636,Female,1092.73411
5240,25,87.57768175,170.8652514,Female,1642.050778
1098,47,52.48515658,151.034912,Female,1065.615089
5134,35,100.6206113,174.9552496,Male,1963.425374
8617,23,75.37927187,172.6231586,Male,1637.513649
7819,58,79.05287354,171.2933551,Female,1443.148668
1209,51,34.26139931,175.6466662,Male,1191.437606
7418,27,72.86127271,176.9847671,Female,1479.651527
7901,22,64.8658388,170.3397393,Male,1649.107886
6794,43,41.77799533,168.8090249,Male,1288.103444
1839,32,71.05192108,177.3378064,Male,1623.142316
6949,18,66.63011032,188.906494,Female,1584.718926
3316,50,78.47922997,164.5029146,Male,1591.157169
5065,39,94.87442984,164.3944429,Female,1730.194406
6190,53,75.1856294,171.6627118,Male,1542.636991
4579,25,78.43051294,184.3832199,Female,1643.098966
8590,35,50.38283386,162.5225326,Male,1269.680063
5683,40,56.09455664,176.9457203,Male,1442.133527
3013,25,53.75512523,175.6542643,Female,1384.839494
3514,41,63.61940206,186.4082617,Female,1356.183859
6674,52,84.49174858,159.7543808,Female,1407.473141
621,51,72.41638724,171.7640664,Male,1582.281918
5618,25,60.83048046,186.3562689,Male,1629.075494
1670,51,77.0705582,184.1017143,Female,1526.08375
63,18,78.83511975,176.2414189,Male,1864.184008
6677,62,65.85022235,172.2437581,Female,1243.882953
359,24,83.71688863,173.0788797,Male,1805.357168
2194,32,89.28091475,184.8508093,Female,1707.146768
4100,21,70.93046104,170.4027571,Female,1496.101946
5027,57,66.65922859,168.495421,Male,1425.239633
2938,19,79.67730732,156.4571389,Female,1506.269896
5985,34,79.88779786,178.3428742,Male,1710.138293
8620,24,62.7651737,183.8914595,Male,1633.603594
3097,54,94.81432651,172.3704633,Male,1694.552867
3868,39,49.71628659,182.3770988,Male,1461.02261
4414,31,65.45255519,157.3225781,Female,1380.962411
3395,27,95.78930235,164.6062504,Male,1821.321329
7658,43,86.82469161,142.4902751,Male,1534.458123
4447,54,45.98477884,153.2113269,Male,1100.123023
1291,50,66.96148577,168.9076821,Male,1540.02728
1368,42,77.08318601,155.2601931,Female,1407.659197
7120,46,70.92343909,162.1444186,Female,1443.09644
7258,32,68.24396294,176.9316689,Male,1680.142019
5395,32,64.34545836,176.7901519,Female,1418.964578
4488,62,67.66745213,183.821941,Female,1385.921756
3461,20,49.01648186,151.2440091,Male,1444.954232
465,39,76.72699753,174.7393824,Female,1421.061944
1695,36,78.83262312,178.371535,Male,1757.399211
1150,41,60.67787277,170.7997046,Male,1401.199353
6980,41,86.7700692,171.4053979,Female,1439.410533
4740,33,66.54110011,174.0975463,Male,1573.327164
8581,21,74.0903649,159.3632475,Male,1702.057097
2534,56,85.15314353,159.1136337,Male,1644.120702
1503,41,65.26848715,164.6702969,Female,1329.825612
2181,51,69.02381633,178.4613365,Male,1557.32007
5361,63,65.06016261,177.6421457,Male,1437.097531
8090,19,74.06131718,167.2098272,Male,1632.089319
3292,21,94.41978917,171.3725833,Female,1754.051961
6250,19,63.9742695,165.5683509,Male,1534.712725
8133,64,73.86988101,174.3028786,Female,1356.609404
1394,20,73.02962736,174.4331203,Male,1676.872984
7865,33,45.36635974,157.2307392,Male,1272.604693
4205,31,59.126411,157.9649578,Female,1248.965618
1749,32,75.4820199,175.7864489,Male,1666.71149
6806,45,39.62954599,163.90942,Female,934.4793379
7893,23,75.02236534,155.942756,Male,1625.168031
7435,46,72.1800862,153.3412314,Female,1223.720462
1684,35,70.79894685,175.6954295,Male,1581.500905
3613,64,106.6927426,174.2493687,Female,1657.140656
5762,56,87.04098694,174.5074587,Male,1689.562923
100,62,43.17940442,168.3560709,Female,1034.728364
6392,46,81.55815452,170.7553138,Female,1383.937644
1850,64,114.8271283,169.0837495,Male,1908.521561
383,31,66.89934316,171.8880502,Male,1624.195016
7765,49,91.28746189,169.6196465,Female,1587.842341
2925,37,79.59297324,167.6828323,Female,1544.137506
8293,46,47.32047259,182.6688783,Female,1162.662687
1381,39,69.41697476,169.9331487,Male,1629.485033
5433,31,94.73338967,183.3563093,Female,1776.541705
5731,61,98.24573832,179.4269934,Female,1685.911781
3335,49,71.07457005,166.0917061,Male,1569.244955
4043,53,65.13200946,171.4659972,Male,1522.522392
7248,32,82.35886793,175.3674637,Female,1618.718756
4687,24,78.38789,171.4297516,Female,1599.352478
7612,35,34.47367361,155.2109201,Male,1169.413675
7488,41,57.211767,164.6635563,Female,1241.683579
4869,23,88.4090129,157.8636469,Male,1646.811162
3856,49,89.87197279,160.8764929,Male,1674.084044
4299,40,84.87939752,169.4220939,Female,1549.892427
3400,31,45.74312333,176.4718531,Male,1412.918044
2784,60,73.85481899,165.9737214,Male,1526.467941
6698,19,96.57226947,176.3336539,Female,1834.298546
6496,23,68.69006823,163.0789169,Female,1406.854521
6685,61,90.60451106,185.8432321,Male,1790.017714
6995,57,57.16227564,183.6021861,Male,1465.744722
7799,40,82.40389704,166.3522804,Female,1515.42799
8237,55,69.3891269,171.5624838,Male,1499.305793
7965,63,77.20206221,185.6685856,Female,1438.799125
6277,54,76.39585241,163.5754255,Female,1275.966109
1066,30,54.86999152,188.6962605,Female,1430.136311
1623,23,66.44964413,148.454576,Female,1314.302265
5905,21,78.75963556,173.8881301,Male,1830.501799
1083,54,57.40988787,171.8914427,Female,1243.653559
1024,42,56.54333268,166.3813841,Male,1280.89203
1604,28,62.39374337,180.5125396,Male,1608.873243
1772,24,77.71443802,173.5939634,Male,1725.092907
447,60,75.62551803,177.4528627,Female,1427.974956
8818,41,59.17221475,168.2467749,Male,1505.083266
5918,29,84.58506232,158.6201113,Male,1657.58829
8113,27,72.54211371,176.5824206,Male,1669.281529
7605,25,77.02640119,156.1209317,Male,1700.777671
2553,38,66.69594276,178.732385,Female,1426.346256
4567,55,59.21610401,167.5934804,Male,1364.107555
29,61,76.13600159,199.4469659,Female,1586.553456
7306,34,66.71725618,191.778611,Female,1407.695118
8299,18,86.05829853,155.0371445,Male,1744.48041
87,21,64.88909423,170.7320276,Male,1627.429026
7524,56,68.66666191,171.510473,Male,1480.072004
2670,20,47.48378782,180.398487,Male,1480.792684
1315,39,63.44129877,175.7200792,Male,1527.17774
4178,27,78.10809523,166.6149693,Male,1680.209392
2465,26,91.72140131,180.4999462,Female,1723.454108
2089,59,50.44683792,176.7395475,Male,1333.972341
536,55,82.33837054,164.6404048,Female,1371.44378
1793,36,85.83748086,168.2014861,Female,1524.726627
3004,46,76.53219273,166.5198638,Male,1529.886359
4783,55,74.07012546,179.9476564,Male,1656.443121
6823,57,93.31831401,175.0489104,Female,1562.522213
6642,30,83.81832447,179.0079613,Male,1765.665844
2118,41,36.5882993,178.1243095,Female,1208.765978
2719,43,79.49196456,152.5988905,Male,1463.188834
8148,50,61.22087021,169.2471552,Female,1168.563894
2952,27,57.15194012,171.0045585,Female,1418.112661
2545,29,89.02363472,157.5904304,Female,1571.223968
5530,46,95.0934103,168.0137537,Female,1560.420215
6421,60,86.33093296,181.3579353,Female,1542.946964
7593,26,78.0610692,173.5495389,Male,1742.434741
5703,29,64.26824288,184.8413047,Male,1661.961859
1049,20,78.10823599,179.4623157,Male,1895.587826
7411,36,44.97853968,168.1735494,Male,1366.393186
3657,19,77.20862756,179.1061669,Female,1644.057115
3567,56,77.66192691,182.167539,Female,1429.111251
5353,34,63.55927302,160.7180197,Female,1332.736055
1798,54,93.82493373,183.6577807,Male,1912.554898
4198,38,70.50998162,164.4535964,Male,1554.016589
1327,30,50.43272284,192.0781549,Female,1335.709166
941,56,93.84928245,174.2642285,Female,1613.797266
2624,59,47.29238909,168.8170011,Female,1060.239009
6728,48,68.40247761,167.7237247,Female,1309.243263
4585,38,50.18006264,152.6253949,Female,1077.832099
8129,51,28.93359965,172.8958465,Male,1138.609256
2086,36,65.2643671,157.8427587,Male,1481.908199
1100,22,74.70658512,174.191962,Female,1624.411513
4239,62,49.39287314,179.0672046,Male,1378.234085
8619,53,85.54720625,182.9893173,Female,1494.889644
8321,40,65.34791682,172.8969132,Female,1289.665379
8627,57,74.37834021,172.2655358,Male,1544.270814
7066,54,47.88818903,179.7563263,Female,1264.921698
6782,49,55.45859521,170.8656147,Male,1360.373135
6851,42,66.74976595,148.5747347,Female,1162.940829
7964,51,99.84049096,178.9634178,Male,1850.911526
622,25,61.06389177,153.9647424,Male,1557.702733
4547,18,96.87174387,170.6760821,Male,1912.74342
5327,41,97.77728899,170.5534721,Female,1734.338364
774,45,55.97092129,164.6429157,Female,1251.46348
1918,43,98.33019118,179.6820196,Female,1783.602265
3605,43,63.86452179,180.8068599,Male,1535.732814
8628,45,99.68817963,168.2553066,Male,1820.819661
1518,42,63.03012831,172.6823509,Female,1300.459677
6254,46,66.99315462,145.446815,Male,1375.331772
5581,40,87.17779538,164.7254139,Male,1684.073386
819,49,73.75837736,201.5577864,Male,1712.432667
6346,47,72.10954035,174.5743985,Male,1563.471941
5105,53,71.64408687,175.1590974,Female,1306.8175
7205,45,59.04372238,181.2519671,Female,1373.034195
4597,36,71.53980039,180.3444104,Female,1550.706988
7040,50,61.70520849,153.0030173,Female,1158.187892
2155,53,69.20706407,159.9294668,Female,1322.460124
3910,33,91.83694514,167.4056894,Female,1645.847783
4450,36,107.1321673,186.9862443,Male,2147.684786
5833,40,70.74135012,167.0485641,Female,1402.585783
8782,55,102.8772058,170.0719799,Male,1828.393795
1452,18,70.24490887,172.9607999,Female,1600.363465
6802,38,80.48349334,181.9147188,Female,1588.026602
5831,46,104.4098738,183.6100419,Male,1917.177099
3030,45,55.0155352,161.7115302,Female,1184.285936
5804,33,73.15410297,161.0257112,Male,1606.976932
3348,27,83.33700109,172.6721749,Female,1624.531691
6733,49,88.14693955,155.1050008,Male,1679.013489
1201,36,88.59331748,167.9293769,Male,1762.046025
3046,38,67.58624188,161.9077509,Female,1324.896892
4135,21,41.18536559,162.7969733,Male,1326.599145
6565,53,62.65572524,161.4226799,Female,1293.294464
3799,45,71.14378211,179.7963403,Female,1479.168785
6670,30,49.99616282,178.2253808,Female,1360.260816
5976,55,55.16798983,172.5735736,Male,1400.580309
1781,50,35.19285597,168.6611931,Male,1151.289654
249,31,51.75674554,163.800546,Female,1199.335017
1880,40,48.42794105,165.0370661,Male,1262.472614
540,46,57.48074787,179.643325,Female,1317.141904
8618,61,61.92812685,171.4280231,Female,1236.172907
2057,41,56.49502818,169.3293033,Male,1392.181273
6665,55,71.95022019,169.4423755,Male,1490.34581
5309,18,69.92473783,172.6520166,Female,1482.541473
8185,49,81.59905497,179.5788211,Male,1710.866985
1840,44,75.73922052,169.4693391,Female,1472.41751
2410,59,63.90832085,176.8751986,Female,1331.104827
3746,34,54.6093799,177.9760268,Female,1376.14118
4792,46,96.19366754,163.3353324,Male,1800.255561
8501,46,54.60390229,172.2088124,Female,1182.186616
2900,64,59.2334694,166.324936,Male,1295.569313
8167,41,50.47402241,171.467682,Male,1418.364953
7178,36,75.38976705,172.2475793,Female,1452.309828
8710,25,56.24728004,144.1286316,Female,1255.788128
1053,41,54.90585353,157.2374875,Male,1291.374781
5456,30,62.85867859,171.2688603,Male,1601.883595
7039,60,69.64461133,171.262494,Female,1306.052346
3169,54,66.87093417,155.4452259,Male,1401.795916
8958,32,94.03200199,185.6855071,Male,1878.306167
5336,62,68.72842751,165.5526482,Female,1302.914439
7791,29,51.29746372,167.8302181,Male,1459.188844
3802,44,48.64896995,156.4755285,Female,1143.93153
4244,59,56.98733765,169.6209517,Male,1389.935713
2054,60,60.07355686,167.9842051,Male,1226.597386
6479,49,76.16388699,155.2655021,Female,1320.199631
4396,43,98.57870187,171.1010296,Female,1659.340605
3573,59,66.62274611,168.9492155,Male,1447.538344
4656,18,78.63064476,169.9177151,Female,1564.99102
341,20,68.85797983,167.1368609,Male,1664.360391
8050,28,70.44168097,165.5756643,Male,1680.438094
4578,33,80.14665135,155.4329222,Female,1388.156913
1998,46,65.31725642,176.9469861,Female,1357.40376
2451,28,56.82114017,160.4979319,Male,1442.174632
6255,18,80.05283019,167.0983243,Male,1726.661313
7319,53,66.3115903,166.5234183,Male,1408.309062
6547,62,54.60638045,152.6043822,Female,1061.652762
2253,45,43.12597123,172.2589075,Female,1068.077156
8868,27,70.44117843,180.3597797,Male,1830.699197
2066,55,76.25834047,181.8941508,Male,1659.965743
3870,23,78.60913076,175.8698126,Male,1805.797482
6014,39,61.33659643,179.3349223,Male,1536.718184
4406,27,75.31453225,171.2808078,Female,1524.445335
6630,47,42.88911812,181.2213196,Male,1328.798354
1534,45,80.14207123,179.2567592,Female,1377.706321
4714,38,47.08880177,154.4935524,Female,1049.178786
8536,30,67.05137946,158.5101004,Male,1510.212589
3197,35,69.73997445,184.1704993,Male,1682.096664
8238,50,99.26512264,173.1279938,Male,1796.032494
961,57,75.73382489,164.4144801,Female,1347.533121
3535,61,64.50882153,162.5612147,Male,1337.710636
4482,21,96.69366841,173.3858262,Female,1805.964373
2928,18,89.98403644,168.9011254,Male,1950.46942
689,62,64.64769838,173.6514369,Female,1234.689311
4535,28,86.72773629,177.0550172,Male,1814.540782
3541,37,67.59587544,164.8532964,Male,1511.469901
51,61,75.60741086,160.9427693,Female,1285.46708
1569,38,57.63587463,169.2332045,Male,1508.695922
6729,35,50.84836967,182.781829,Male,1486.499923
4160,25,61.20950784,170.6096366,Male,1521.956144
4660,34,54.71906603,184.5777997,Female,1404.09011
5877,35,97.96697936,178.3116857,Male,1842.474337
2476,53,66.16399958,148.9560499,Female,1207.96406
7899,40,53.43117079,165.6388469,Female,1173.169764
7905,57,84.58554213,152.0604487,Male,1584.309423
7634,43,61.19370848,181.1196169,Female,1349.538677
6264,50,65.82317582,181.6886231,Female,1429.896959
3741,33,56.60767293,159.7010285,Male,1406.121364
1344,45,85.63744146,187.0292119,Female,1645.537427
6960,22,65.46215573,168.8987267,Female,1330.623142
4000,62,88.07549918,175.1358433,Male,1718.734962
559,,67.89842289,162.9806694,Female,1335.43548
385,56,100.111356,167.6029815,Female,1611.505924
983,25,58.04478419,168.9118901,Female,1305.049685
2471,21,78.98862491,170.3463487,Male,1766.060471
1566,64,77.06589432,169.8479299,Male,1482.020825
1154,53,43.0647077,161.0765096,Female,948.8620631
5832,58,73.93949942,172.6896606,Male,1545.015278
6526,64,86.08716495,173.5977265,Female,1318.935855
2103,42,69.58032934,174.0494375,Female,1339.0291
339,51,55.42926158,176.1841707,Female,1214.418295
6842,52,82.38595583,167.5916932,Male,1587.791291
6061,60,50.05914819,174.7120446,Female,1192.387359
5010,24,70.92832473,148.2496892,Female,1309.172599
1141,57,84.47387737,170.4655529,Female,1433.397341
2435,52,54.84947917,176.1328232,Male,1368.551415
3281,25,76.74345642,155.5490288,Male,1601.160041
4378,27,101.054931,170.4008904,Male,1883.103449
1661,34,61.68148188,148.400697,Male,1399.226717
7014,29,69.15648834,172.8573834,Female,1520.774459
1256,45,69.01117779,166.2236674,Female,1355.210839
8849,30,41.02942261,176.5824105,Female,1193.190833
8741,26,73.38679123,184.9388127,Female,1570.096612
2025,30,58.04512249,165.8208006,Female,1342.062419
1019,37,64.08160814,162.4335011,Female,1267.570098
5879,33,56.20428314,172.6699078,Male,1472.615463
7758,27,74.92444622,178.7486897,Female,1564.50349
1389,48,61.46372487,157.8888622,Male,1390.416433
6386,49,63.74428504,158.7687518,Female,1170.754275
7490,50,63.03631785,182.4362829,Female,1302.948254
5293,33,68.42165998,165.570913,Male,1660.737342
3738,50,71.17276616,183.1865537,Male,1537.607268
6876,18,78.75071577,178.7548359,Male,1787.129747
2696,58,52.86646606,154.0233545,Male,1176.294774
8591,45,58.16761119,169.6933365,Male,1403.090675
1233,60,66.10660791,167.5397339,Female,1254.145362
5387,58,61.28651981,173.2050878,Male,1350.60536
8838,42,57.28555225,166.7689258,Male,1459.12671
2418,42,55.46013667,175.835626,Male,1543.290161
8070,20,85.93697931,177.6552675,Female,1818.541712
7021,33,50.23125844,161.4232134,Male,1237.811628
8649,33,75.25853152,167.2797726,Female,1410.047188
1203,47,39.4131421,178.5166027,Male,1262.31915
1347,22,83.93992158,179.9526061,Male,1887.792502
3191,26,56.93696286,171.2267818,Male,1545.758347
6232,34,73.39191912,160.1614242,Female,1488.393874
1627,24,86.20915214,173.3933289,Female,1626.092069
6652,30,60.04714152,163.8736764,Female,1329.050631
4569,59,53.83959731,175.2070027,Male,1256.024883
6101,47,60.9664975,165.4121601,Female,1245.278193
4486,44,56.63379726,172.0317784,Male,1379.499374
2861,32,78.02057286,176.886656,Female,1540.386632
2401,24,73.39051555,179.0528203,Male,1722.480488
7261,21,69.38088367,174.4765564,Female,1517.099787
446,37,79.44323712,169.1349245,Male,1650.409951
2346,22,69.16291324,160.9638387,Male,1585.032282
2062,39,94.44888826,173.4587305,Male,1828.874211
1589,48,82.23450117,176.5910175,Female,1597.318082
5614,20,66.48741455,166.8685253,Female,1419.823568
4184,34,65.02886268,170.1247443,Female,1407.273446
5498,25,82.4205305,174.9361452,Female,1588.055741
1969,25,49.88397943,162.8817023,Male,1378.418842
140,36,69.10135102,152.1606363,Male,1395.743111
7213,62,46.46852992,156.6037882,Male,1163.539068
3497,31,39.58833203,176.8286298,Male,1308.016489
7342,33,78.80005542,185.362276,Female,1619.856737
8048,60,77.38418485,182.3354926,Female,1446.362006
5313,47,66.72634513,182.5930892,Female,1450.997458
829,49,95.92859135,167.9020366,Male,1756.392118
3649,32,89.96607391,171.5511574,Female,1674.284466
5436,32,41.40547052,156.6661924,Female,1082.324365
8657,49,65.07819407,170.3587515,Female,1250.290734
8227,40,77.48477884,199.0791926,Female,1705.714463
5322,21,57.69190216,183.0484827,Male,1534.776346
3066,62,78.02186675,172.5319455,Female,1380.085688
1011,62,58.89861114,152.5461541,Female,1067.512732
477,45,61.73430884,166.005269,Male,1491.446231
1008,46,82.31875936,175.4814497,Male,1728.916205
8580,18,86.54582093,165.5523982,Male,1808.890347
8306,33,63.99787918,177.3274471,Male,1660.719464
8885,63,65.28933003,156.3335704,Female,1105.869241
2442,48,58.45016384,161.576761,Female,1166.523802
4794,54,32.30773241,172.5557239,Female,924.6251423
2980,50,69.62402341,178.1608625,Male,1685.316399
8367,39,94.10801744,194.8638472,Male,1991.408886
8084,62,86.47473399,180.5799808,Male,1720.749898
2174,32,87.41584341,146.5558279,Male,1636.630797
5270,28,52.6879309,178.069214,Male,1507.769314
917,32,67.23035942,176.8116843,Male,1601.415134
2279,32,61.6315494,175.4974262,Male,1664.58764
1869,29,79.97898089,181.0928296,Female,1621.205234
4876,49,68.5041429,173.9071259,Female,1399.177882
5933,52,67.43019688,173.2383945,Female,1348.260535
3909,18,75.29030422,172.060029,Female,1609.988989
701,18,83.44353496,163.7178501,Male,1739.99583
1637,56,82.19594293,152.5077049,Female,1303.289602
7058,29,68.89717423,159.8909064,Female,1359.687533
8833,62,68.44680804,178.4791685,Female,1242.059669
1342,25,42.63343294,159.623236,Female,1167.945601
7803,34,80.07718554,154.6769571,Male,1517.995804
2589,43,62.86605722,159.5018347,Female,1252.860724
5365,46,79.4237544,178.1238822,Male,1720.528699
5038,38,42.98914305,176.1086647,Male,1325.961672
5969,34,68.1123438,187.0894564,Female,1531.007197
3534,60,94.35309819,164.6061508,Male,1656.294292
6906,40,24.64824514,173.5582377,Male,1179.378983
1559,35,61.12796493,162.6906202,Female,1224.290857
8919,54,71.67475719,172.9689616,Female,1342.102411
6188,33,57.61696494,175.6960418,Female,1317.165086
7285,34,57.88120752,173.96945,Female,1368.177852
5709,24,60.06475285,181.8977993,Male,1593.956568
5865,29,56.71438645,185.4466855,Female,1332.077745
3293,29,63.46259027,171.0580459,Male,1671.840589
4303,31,90.99876477,161.232267,Male,1741.883764
6516,35,78.50427618,164.7915296,Female,1470.97794
4130,37,80.49075967,163.3982911,Male,1648.189392
3976,62,45.02626913,179.1546849,Male,1284.88242
5901,18,48.75807133,168.3791552,Male,1475.092609
7381,27,78.3282594,172.5061659,Female,1578.487735
6360,42,86.9438541,178.1846562,Female,1478.54049
8984,46,53.9168203,167.7795291,Female,1258.739785
2256,32,80.4516396,176.3332664,Female,1566.112958
1757,61,46.53302744,154.7178687,Female,926.4974491
4603,62,84.76023645,162.728591,Male,1594.91465
2285,34,93.25385988,168.9901658,Female,1715.418653
2703,51,61.53975822,162.5083804,Male,1332.320243
4061,25,69.99082591,153.3250618,Male,1474.603681
7216,52,66.20341018,168.9514583,Male,1526.493269
4323,57,69.21036138,180.3825086,Male,1464.175455
684,61,43.99018624,157.7788253,Female,934.3824872
7311,41,101.7526485,181.8037073,Male,1848.091181
2829,58,68.21389952,165.5824266,Female,1276.010788
2867,62,40.37346251,187.6146363,Female,1113.130189
3817,35,81.59150596,171.4357051,Female,1516.849255
7177,57,44.88632726,166.4173373,Female,1031.401564
6467,29,76.20912026,179.812125,Male,1757.030518
5521,61,45.02407447,168.0075105,Female,985.7149816
2135,33,72.55628284,156.2108426,Male,1508.586817
2789,43,75.04285104,191.542111,Female,1604.273418
996,39,68.3712394,165.4325607,Female,1310.680926
3503,52,79.08155339,179.184683,Female,1575.306776
2810,22,74.50640713,163.7787638,Female,1576.746491
8313,63,77.15047981,174.7910077,Female,1431.786442
3393,44,69.56703655,159.5814795,Male,1533.461751
2027,45,77.58922348,175.8182505,Female,1481.512383
6738,49,94.60585714,170.2078313,Male,1776.231554
6313,51,92.1514795,182.1982265,Male,1869.579268
6344,26,81.37394256,183.2365507,Female,1732.233939
4430,44,91.24050806,171.1558486,Female,1601.050512
793,42,72.52988223,174.3680296,Male,1663.588415
5397,19,82.48199439,171.6484616,Male,1802.541705
6196,21,47.28378786,168.1491904,Female,1287.183252
2561,31,82.05830233,151.2394552,Male,1544.485893
7357,38,67.47066596,162.5694034,Male,1453.879853
953,49,94.79745548,164.7724748,Female,1552.973939
4713,30,58.27789425,160.8126594,Female,1271.202857
5,30,63.43503253,175.1279935,Male,1617.137186
987,22,62.72869799,169.9774435,Female,1374.05143
7414,25,91.27457429,177.9129512,Female,1757.038712
1504,42,77.95005577,172.9312825,Female,1416.917162
857,45,73.61748194,162.6056488,Male,1515.600235
1309,26,59.01475631,169.6428922,Female,1398.600558
856,57,59.84323597,161.1701333,Female,1132.431029
4211,42,77.79573282,162.1482807,Female,1374.965649
7067,35,64.33282122,184.2244258,Male,1619.547415
6410,23,76.00000442,164.394303,Male,1677.928976
7449,55,87.91752431,177.3829108,Male,1698.48398
1111,47,87.41288765,166.0048784,Female,1529.56399
3693,38,75.8783487,186.1202443,Male,1826.699725
7572,56,74.83900184,178.8343155,Female,1444.583227
4644,36,77.21465315,166.2805534,Male,1603.417372
6111,30,68.013532,168.1599329,Male,1563.436713
1014,57,70.71851356,176.400236,Male,1590.978075
6085,42,91.18496097,169.5385546,Male,1850.543772
4880,20,69.51689138,173.0879096,Female,1522.92066
4103,59,22.96334922,161.1195783,Female,821.1441557
3625,21,62.74339602,164.4163707,Male,1612.028164
248,48,73.95846687,175.3977969,Male,1693.058599
1094,61,87.35045438,180.106581,Female,1552.974978
7419,21,66.08982401,161.4388275,Male,1574.199017
8906,23,50.87672016,166.8420343,Male,1468.268704
7590,32,69.74859177,180.3963601,Male,1681.480732
3614,40,89.88464948,175.6715849,Male,1862.131542
219,64,85.31790448,173.0128628,Male,1473.845894
2754,39,90.20244624,166.230077,Male,1701.875405
7770,24,24.72983113,168.9358439,Male,1247.867433
1917,23,78.38438581,156.4660977,Male,1608.865253
7186,46,41.85790666,178.5374288,Female,1096.102896
3278,18,64.8329616,169.9495521,Female,1513.505873
1172,28,75.69825953,161.2401069,Male,1609.809935
6227,44,75.02797247,187.7041725,Male,1735.895059
4860,42,59.23690547,180.7183094,Female,1449.695136
7201,18,84.28286873,158.8026096,Female,1566.758268
8416,54,73.61066217,172.5555653,Male,1624.005894
4002,32,52.87387201,163.6227431,Female,1233.480639
2344,39,82.69505996,177.7103315,Male,1812.762449
3259,50,83.51023854,150.4177051,Female,1347.267282
7051,36,71.8015946,159.8431819,Male,1504.262179
2444,22,73.84355187,174.9114961,Male,1712.072755
7539,58,76.98423533,182.3206993,Female,1446.694537
8066,21,61.02178073,179.1729567,Female,1468.637592
861,37,89.04027402,158.2167502,Male,1697.843538
56,45,88.89394884,169.0948252,Female,1594.707628
4148,61,66.99559541,173.1042478,Female,1282.54084
6874,52,58.44688224,185.6454049,Female,1283.810551
5289,52,75.93150749,163.5185139,Male,1511.857377
8679,41,63.13344984,183.471103,Female,1400.5288
541,64,63.10485019,175.2870926,Female,1217.525117
7470,38,78.94401237,150.2672043,Male,1445.93396
1947,43,76.16864875,166.6003783,Male,1599.167032
2612,56,38.49021924,167.2148522,Female,959.4070992
3887,19,73.86359004,194.3487002,Female,1708.27663
247,58,73.90613954,164.3416188,Male,1510.844341
4819,27,78.07358858,159.2729925,Male,1562.752574
7156,49,81.84907347,184.7300167,Male,1710.037856
7114,57,69.85840933,182.8713117,Female,1439.076252
3415,45,65.99599111,171.8576748,Male,1593.339763
4774,23,56.93559092,149.8957391,Male,1433.877298
1087,45,83.7886632,160.6320675,Male,1601.075101
2522,20,92.34251825,165.7720572,Female,1711.350712
8897,28,80.74354338,168.602013,Female,1600.6517
1225,35,78.49114864,187.6576426,Male,1828.354897
7070,56,51.25035942,152.6766319,Female,1046.773799
642,19,67.31081149,181.1263881,Male,1667.977965
8012,61,72.26507893,156.2798363,Male,1367.438718
8197,35,71.83227173,164.8403883,Male,1551.947888
6136,61,66.26953167,160.079982,Male,1424.251561
4348,58,55.59842402,169.4727819,Male,1329.325091
50,49,68.40566392,153.5681869,Male,1418.93247
4654,59,79.69348556,165.538074,Female,1354.118808
2820,53,101.1108632,145.69797,Male,1634.402482
4075,49,98.12134678,174.4884555,Male,1831.245255
4770,35,69.88864617,165.5948562,Female,1431.46443
6274,60,79.45685262,169.4673882,Male,1587.179525
6474,51,68.16460756,169.9942825,Male,1462.698053
4466,31,64.73766712,181.0202133,Male,1600.596166
4901,20,51.72787808,157.64058,Male,1464.028185
8624,62,56.61278416,166.3920583,Female,1133.87158
1131,48,59.25698725,163.8133376,Female,1248.657459
4025,38,80.15469648,165.0337091,Female,1474.371823
6952,49,53.09630993,161.1500382,Male,1344.513053
1039,52,45.75169295,166.4208313,Male,1157.447344
7897,37,65.89019424,158.9972957,Female,1432.954061
6943,48,68.23723528,160.4860682,Male,1416.841697
6572,40,60.88152745,171.7035246,Male,1481.162348
3786,37,68.45515776,174.6130859,Female,1432.341107
5722,47,70.01691337,175.3617447,Male,1587.892172
4990,39,87.43207047,177.7013072,Male,1747.320156
5679,54,74.8761228,169.7490377,Female,1388.879032
6812,61,65.64905222,161.1133537,Male,1371.578381
8836,30,79.56199047,162.6605619,Female,1528.657323
8302,22,47.94827339,175.117037,Male,1430.571566
5596,48,54.04177693,162.2374286,Male,1243.753716
3322,18,75.4551545,159.309302,Female,1510.167987
6893,57,75.35059092,192.8388464,Female,1480.806303
3821,18,77.19491219,168.573751,Female,1544.304277
1611,50,75.8402873,176.256782,Male,1626.611734
332,48,64.28687129,171.8032087,Male,1411.208092
6853,61,75.18024191,152.9496675,Female,1301.192162
8725,30,68.16008174,159.303769,Female,1375.639021
1983,46,86.81532957,167.5879033,Female,1475.548225
419,44,53.18471926,157.1150127,Male,1261.663461
7061,32,58.76495152,172.5513839,Male,1504.239968
1134,19,83.57410711,160.7561498,Male,1824.148342
3419,31,63.11804292,173.799536,Male,1589.970483
5367,62,57.57014078,185.898672,Male,1463.234123
3901,38,87.10055868,153.4553283,Male,1614.027208
2395,37,66.83590869,146.1120296,Female,1197.68186
4487,18,74.46106306,161.1770316,Female,1481.630367
8599,19,79.91300367,146.6661709,Female,1433.799176
6821,63,75.62967123,161.0695691,Male,1461.083998
2150,30,83.01182098,163.7648446,Male,1766.681949
6858,56,74.55979182,174.7318292,Male,1554.4474
2688,59,63.05459342,176.1845779,Female,1247.338306
2595,54,87.82096205,167.2803211,Female,1565.495075
7150,43,72.26929871,171.4427154,Female,1408.631011
1867,64,61.72901658,183.3734704,Female,1273.917755
4524,61,93.6320132,185.6285394,Male,1827.275808
358,50,73.06059885,159.8520539,Female,1383.591488
8924,37,73.51456999,159.3213737,Female,1479.465782
5449,45,50.38946391,172.0510792,Male,1363.013067
3247,58,64.58066038,172.765624,Male,1462.569077
8872,57,65.99446551,177.9941083,Female,1365.069324
2710,46,76.16717903,167.7564138,Male,1595.831246
6161,54,59.04274368,181.0325757,Female,1326.387758
2215,62,70.79571765,181.4914955,Female,1313.003715
5064,55,93.06268976,164.1530759,Female,1564.166084
8370,50,69.11215136,177.9420339,Male,1492.71011
3813,44,70.81828906,190.2676472,Female,1495.774074
3354,37,60.22243231,179.626957,Female,1436.49427
3678,52,57.74431659,183.96338,Male,1386.192948
8503,24,65.9633232,177.763771,Male,1693.485703
2639,47,64.75169143,162.7042523,Female,1240.732888
390,22,93.44183038,165.5698404,Female,1692.449121
4320,24,78.08078598,172.8729105,Female,1632.00931
8087,62,64.37271757,171.8287584,Female,1365.976087
3121,46,85.98674856,164.4009415,Male,1622.651344
787,63,75.82817142,164.032079,Male,1446.839027
4277,27,55.71471896,176.1990959,Male,1444.067534
4808,27,46.99232496,166.4417718,Female,1224.803225
902,25,62.9193468,178.7670618,Male,1633.338226
974,52,79.24877281,166.2796614,Female,1497.88668
6235,51,52.13360379,161.2692658,Female,1051.318467
8604,24,52.64058268,167.709298,Female,1358.025494
7390,41,82.04737741,169.0680427,Female,1468.350169
7554,60,61.23642696,181.5196378,Female,1272.73405
6709,31,87.93282073,183.5530788,Male,1818.109712
8128,32,76.972251,175.0419611,Female,1506.419951
2505,49,71.22140854,159.8374754,Male,1450.823176
8243,58,82.52664986,164.0694499,Male,1555.687099
7914,51,97.43878791,178.1958587,Male,1856.505558
3164,38,65.51396538,159.1152456,Male,1452.617911
589,25,89.6893161,176.6414044,Female,1809.248986
2156,59,60.58981274,181.010392,Male,1486.27532
3023,31,87.87918729,170.3960325,Male,1878.425617
614,55,70.3387177,154.4246716,Female,1257.37287
8824,40,58.86306352,163.6879222,Female,1320.100498
8447,34,74.92219616,165.4678398,Female,1407.252495
7526,59,97.62012477,164.8778883,Male,1643.321587
8205,25,50.48453862,180.3987885,Male,1483.198714
2906,41,68.63622771,165.0693699,Male,1467.952535
7759,60,67.37342934,154.4949183,Female,1195.144721
7644,26,77.55677883,173.2478851,Female,1603.170088
6982,27,72.18063244,158.435005,Female,1398.715489
4141,47,65.74092909,173.1954101,Male,1509.907973
6104,63,63.25480924,180.3359636,Male,1460.006194
445,21,58.98827267,173.1505181,Female,1344.691848
4586,44,40.58374181,170.3583822,Male,1229.672743
2854,53,69.63573301,181.5917558,Male,1613.3857
1126,20,47.92259321,166.1492177,Female,1226.332833
5716,52,84.82195538,179.1182837,Male,1772.082196
4349,50,70.45470627,165.7554321,Male,1517.124882
7387,31,97.56995293,163.0795393,Female,1650.851862
3907,47,79.79375618,189.7012208,Male,1758.298557
1665,35,98.55615547,174.3866957,Female,1769.461674
3320,18,53.77961923,178.4384328,Female,1445.964968
1004,61,78.18151488,162.0466984,Male,1535.446173
4084,57,78.4291502,187.5628821,Female,1571.11422
4363,32,69.53394721,179.3647674,Female,1486.364368
3712,42,89.56347246,187.6989987,Female,1729.368828
5349,21,55.24695859,172.0128637,Male,1563.778032
1121,55,76.46398666,164.7248944,Male,1581.582056
6740,50,69.45617628,143.7524741,Male,1364.416364
6398,37,76.65183625,163.8478551,Female,1419.467923
3787,46,78.41750706,148.3714897,Female,1305.636552
8595,40,78.83481814,173.012252,Male,1606.963687
762,49,95.60864731,180.7609952,Female,1642.009335
5836,63,90.87232447,157.6407795,Female,1382.152801
6909,26,87.87547327,172.8521127,Male,1859.304041
5788,29,57.71904333,179.4461446,Male,1521.753896
1170,31,68.27145648,179.4061886,Male,1713.783292
2448,38,57.06025399,151.7843893,Female,1178.646417
5371,60,85.60080461,162.9451837,Male,1640.439446
6013,59,52.627478,181.5841888,Female,1225.010315
1689,43,64.27194057,166.6019566,Female,1254.619461
2341,57,84.26067147,169.6172486,Male,1601.195647
1365,24,55.69473741,180.3615649,Female,1521.857551
7678,46,101.9446527,177.1170144,Female,1742.820725
6008,26,76.38088588,149.0703829,Male,1513.120604
6902,30,69.22141193,163.7951317,Female,1359.908308
3236,62,70.55943855,153.8328764,Male,1273.008941
4334,44,68.65929555,180.1845329,Male,1589.499492
3544,50,94.58627403,177.8503033,Female,1599.224735
6509,43,54.99068667,159.343316,Male,1311.58061
2574,33,107.0192903,170.5680377,Male,1977.734578
6054,51,89.78921172,158.3090363,Female,1443.294579
8482,62,80.08505961,170.707683,Male,1548.614674
6593,40,80.33273584,171.5244746,Male,1675.891429
360,51,51.81197852,174.6209661,Female,1183.032117
2950,32,93.1173134,180.1617021,Female,1753.687667
3237,61,87.19598872,182.5482529,Female,1676.506843
3396,60,74.32951642,177.9139739,Female,1440.591001
4296,33,69.25684028,160.4795232,Female,1290.931225
1690,58,76.62985279,171.4415666,Female,1328.725279
2161,24,44.66932328,157.6027918,Male,1285.982499
6424,19,75.98880473,164.1864925,Female,1515.567963
2528,60,61.5845479,186.2312253,Male,1458.035041
532,30,77.00161094,165.8377475,Male,1705.553536
5059,23,77.11922953,149.0062725,Male,1534.75666
5355,37,35.79134893,186.892502,Male,1341.543038
4847,61,71.56779487,167.8851461,Male,1365.031363
5681,53,62.41712553,165.8483512,Male,1387.475732
7654,25,78.69193689,165.9914189,Male,1750.314707
6096,59,32.05241205,159.8338181,Male,993.2089324
5702,46,70.03593567,163.1685959,Male,1581.248478
1612,28,55.65467291,169.1018362,Male,1494.792277
7831,60,69.216479,177.4081235,Male,1590.461813
5684,29,54.36300231,169.1989131,Male,1468.069746
515,63,85.36707118,178.9705776,Male,1618.381428
4573,62,103.3883333,160.8167288,Male,1731.465701
4086,23,79.60339715,177.8873874,Female,1586.677127
7670,40,78.20248429,165.1455358,Female,1436.115271
4831,38,79.13847365,173.2598182,Female,1572.063359
2021,23,78.29890128,166.6588495,Male,1696.012507
1567,38,67.47161479,170.3955028,Male,1612.922079
7019,29,63.84895614,168.2672201,Male,1470.288905
5958,33,79.97690484,180.9105986,Female,1638.117193
4175,54,96.68821101,180.8254335,Male,1953.995721
7269,46,80.21739721,176.9938038,Female,1401.655126
1341,30,70.29421141,160.4567867,Male,1607.33909
4354,54,51.05492247,169.5215354,Female,1120.204793
7812,64,121.7381348,176.7716097,Female,1753.29539
2231,20,57.2879105,186.7044157,Female,1499.403888
7085,37,56.7948792,180.6142562,Male,1493.898419
3945,30,71.00747172,165.5814118,Male,1592.385432
2643,42,57.26268123,182.5793287,Female,1317.53727
4624,20,83.6873914,158.4642047,Female,1615.973573
1893,48,77.36520564,155.7376799,Male,1518.538088
1044,53,60.27960112,174.0515026,Male,1456.864968
2023,43,80.45388466,179.2111676,Female,1529.777565
850,62,75.26812809,189.2894177,Female,1414.247759
2576,55,84.45393936,161.7606577,Female,1440.392424
7847,19,86.83954886,179.7472164,Male,1858.925586
1351,33,100.1606708,171.8038926,Female,1829.812315
3756,60,112.9137543,179.5557614,Male,2043.587005
3012,22,47.27822969,174.9412594,Male,1449.233392
3796,20,68.44733058,157.5526897,Female,1394.662505
70,43,72.43819932,164.9379981,Female,1457.729134
174,50,70.18517644,171.5862072,Male,1570.41273
2003,43,64.82716279,184.6554949,Male,1553.812548
4131,18,73.7678419,164.7290884,Female,1556.494908
1899,18,77.95920989,172.115309,Female,1614.642334
1145,57,93.67345516,177.9205606,Male,1745.779041
4833,51,87.8069525,182.8650087,Female,1668.109798
4409,52,86.3185185,180.8018656,Male,1721.028198
1207,57,72.23985354,174.40051,Male,1611.295278
5759,31,85.42922703,152.730852,Male,1696.660605
846,19,65.29696168,161.7211975,Female,1391.00157
4696,51,61.52782366,175.2325013,Female,1234.888339
4599,53,85.86306784,169.9461478,Male,1541.710657
6969,50,99.1819254,159.14652,Male,1771.460783
8098,48,72.46822688,170.4310376,Female,1406.82788
7232,41,49.20940479,172.5881868,Male,1342.575007
495,60,89.64620713,181.0317192,Female,1542.874447
5773,19,80.87995456,171.1307499,Female,1604.642391
2756,28,69.8661402,159.2798196,Male,1598.608742
4859,63,65.03082604,181.664149,Female,1277.144361
8183,54,66.70345702,149.6256913,Female,1122.713969
7739,45,80.22498715,176.4314937,Male,1704.196492
7882,48,67.73697853,176.8235079,Female,1352.540842
5615,45,41.18759815,178.0380343,Male,1352.902086
2693,45,68.1657252,172.0972248,Female,1386.769928
5953,26,49.46197852,169.5719488,Male,1312.538881
3095,41,79.3143401,156.9677169,Male,1656.65636
8519,31,39.89918592,177.361477,Male,1314.015285
6873,47,52.7739056,153.0428969,Female,1067.455213
3303,36,72.56831726,170.2018854,Female,1494.239562
3696,38,78.93583988,169.9081069,Female,1469.326486
1945,63,72.28754545,176.252759,Female,1235.186488
5605,25,85.21798454,174.887369,Male,1793.806999
4725,23,42.32990959,172.8081712,Female,1176.967607
681,56,54.65731009,159.3102749,Female,1125.262873
231,21,63.58948529,178.0293172,Female,1590.981252
5033,28,79.58983089,170.7638654,Male,1798.333431
6127,43,68.89646889,171.0520924,Male,1542.425406
5094,27,56.76354147,155.9854973,Female,1269.601159
7364,51,79.80243657,167.3549955,Female,1488.051348
5528,32,52.88987056,161.3018346,Female,1234.397925
3467,54,55.78410843,162.9900918,Male,1244.834815
3490,31,81.37090703,171.5783557,Male,1676.031522
1644,60,84.57516976,166.7955933,Male,1564.823944
4850,64,76.08073778,156.5689962,Male,1467.532185
7717,26,61.55325254,174.3307387,Male,1479.217557
5978,37,60.98922085,175.8308538,Male,1524.324251
6327,50,80.0956395,174.9943175,Female,1457.798255
6023,40,94.60113723,159.9708997,Male,1810.009546
517,52,68.39710117,172.1306641,Male,1576.663946
389,30,74.6250006,176.2183476,Male,1689.786511
7734,27,94.12429324,175.5605555,Male,1950.483069
617,51,50.85373065,167.5321485,Male,1263.854993
7756,48,45.72962119,188.7148625,Male,1416.883336
6736,33,97.57976437,157.9441839,Female,1605.601571
1694,48,48.58857874,168.104407,Female,1113.259935
2381,31,74.44946473,175.0051363,Male,1696.623041
3346,21,66.38873172,162.0409766,Female,1504.277496
587,58,103.387305,171.3900458,Female,1742.523876
4261,58,66.39771514,156.8363076,Female,1239.903014
4729,45,75.29737365,177.42777,Female,1492.020085
406,40,64.60333879,181.9526988,Male,1606.019396
3304,44,83.96613041,199.3058795,Male,1891.706903
6537,47,75.76983966,164.2128723,Male,1576.59491
2332,57,55.94911871,189.3527362,Female,1261.494644
4438,64,66.45024483,170.5489613,Male,1388.896597
3071,21,70.36587638,163.8940502,Female,1431.450577
8819,42,49.89396542,188.5689083,Female,1292.697668
6401,48,92.66098004,163.5212007,Female,1645.07289
5793,19,77.45707136,167.4442972,Female,1664.367741
116,53,48.89945122,176.2942282,Female,1141.439886
2669,44,73.46324243,177.5342018,Female,1505.173545
1458,49,52.05358146,160.6326198,Female,1110.884562
5493,18,57.785957,167.9492143,Male,1575.027178
7006,50,72.3062962,161.010147,Female,1315.907142
2298,21,37.81182107,173.662133,Female,1238.610859
5024,51,88.87179816,199.598439,Female,1766.767889
5391,20,64.5744345,170.605823,Male,1598.883431
3402,25,79.43292149,180.479104,Female,1609.093335
7548,27,65.38986474,178.9862736,Male,1659.385376
1235,48,76.50468524,157.8381985,Female,1476.789222
8361,25,59.64140397,176.613071,Male,1578.575874
6971,28,77.07539788,170.0146017,Female,1529.387533
6077,22,56.12553932,188.0248921,Male,1608.109357
2671,23,52.51718677,174.8979948,Female,1338.463599
8773,25,85.35708521,173.2286166,Male,1820.579457
815,63,69.08769761,158.7336536,Male,1362.929186
3305,21,79.45335093,184.9673882,Male,1841.049062
1089,49,59.90726269,167.1318977,Female,1300.593083
1958,20,70.04211326,167.9726947,Male,1664.189271
8211,64,52.64709409,165.6601311,Female,1048.077954
7112,46,69.32305281,179.9360853,Male,1637.021968
2497,32,74.74018431,173.7291463,Female,1578.918072
7793,27,89.62425135,169.6018418,Male,1898.817883
3496,25,55.99629319,180.6584433,Male,1526.39258
5502,23,99.206792,183.4492393,Male,2001.595523
8995,20,67.25117697,166.9967511,Female,1490.601975
3744,52,65.64755287,176.496601,Female,1316.635523
1084,26,79.26676628,158.8688733,Male,1723.621638
5827,56,40.03079764,169.2701757,Female,1049.978273
8505,64,70.38152437,165.269701,Female,1243.809286
3507,25,78.82227151,162.6885076,Female,1611.695059
2741,37,72.41881143,166.9366836,Female,1533.955591
6498,24,86.38010364,164.4470747,Female,1561.42394
997,62,61.56159358,167.2035717,Female,1154.554647
4182,52,35.49939688,165.8764918,Male,1186.833356
4242,49,75.68395696,166.6342253,Female,1422.825393
6116,52,63.17146992,162.5249698,Male,1373.619004
3384,56,56.83314511,172.268085,Male,1409.852281
3338,24,59.30062948,174.0447449,Male,1570.549585
5699,24,72.73052658,163.8390988,Female,1557.704425
4179,18,44.8597284,161.807925,Female,1230.771854
5401,40,77.41050724,165.7153458,Male,1484.484904
8975,24,55.63732281,162.2230093,Female,1393.230619
6366,63,61.15604823,178.5989204,Female,1198.603465
6708,60,97.00569042,177.6005658,Female,1667.618169
5291,54,74.74409158,164.9515433,Female,1331.545169
6323,50,89.35204439,161.4870595,Male,1670.226076
966,33,77.9476161,175.6867163,Male,1768.694712
5214,39,62.23928616,158.2014093,Male,1488.892579
8328,54,74.02694609,166.4532154,Male,1559.199501
4063,48,70.69864372,179.0166307,Female,1477.878853
4039,34,88.57386511,175.7503685,Female,1631.393579
99,30,83.24116552,180.0030861,Male,1741.504916
6258,18,49.75112792,150.2426623,Female,1142.988117
1558,53,42.24735245,166.7646828,Male,1187.30285
4516,26,83.00481376,167.3125771,Female,1552.546045
4982,49,97.67403422,183.4263728,Male,1927.868542
4373,24,46.76526908,170.654201,Female,1229.875691
8888,58,78.78943227,154.0015013,Male,1470.805703
5677,45,61.56536508,165.0646672,Male,1431.342279
2702,51,91.78681228,166.6971972,Male,1789.950658
7878,49,98.58941918,161.5127639,Female,1522.181603
5574,20,47.75519322,161.0451604,Male,1382.234918
4233,64,69.9850907,180.5912863,Male,1509.935485
5515,34,89.77082453,176.6437749,Male,1873.330076
3477,46,59.45598096,170.6796598,Female,1288.220085
7875,62,80.5218436,166.142424,Female,1378.057913
1696,52,80.02354366,174.492513,Male,1664.583212
2422,52,69.04198923,161.5127698,Male,1447.537581
3632,23,45.1910008,164.8854902,Female,1139.256699
6678,55,54.46661208,166.0009036,Male,1264.584448
2714,38,75.35488562,165.9778873,Male,1593.36445
5195,24,64.94235519,170.6074801,Male,1621.647045
7075,52,76.57484069,173.3867267,Male,1515.061088
7353,46,49.29752031,167.2040403,Male,1335.837239
72,64,76.08578359,160.8523051,Male,1446.039407
5963,57,56.62923252,168.362878,Female,1216.03898
7536,39,85.45694329,178.9253678,Female,1568.89736
5295,21,95.33674343,188.5349516,Male,1952.62523
2275,53,83.21232796,165.6329079,Female,1420.576089
4947,54,98.97115069,171.4005374,Female,1608.061941
7290,32,78.08708836,150.1077918,Male,1530.370215
8202,20,86.31681254,168.0603549,Male,1783.619112
860,46,56.03632839,179.6953262,Female,1312.006204
5046,25,63.00467527,166.675341,Female,1420.216427
440,63,69.16209689,168.9357654,Male,1401.81701
3898,24,97.04954351,176.1565961,Male,1940.348379
6523,30,88.87675196,184.5812421,Female,1695.057183
1603,22,53.218508,165.0859189,Male,1560.343286
3951,23,69.74886472,179.144263,Female,1566.580671
4882,35,74.18477965,175.2509309,Female,1544.834192
4234,31,71.64006191,169.2527281,Male,1647.343793
3000,22,75.17629724,162.8304118,Male,1636.906987
518,55,79.55878897,177.6741416,Male,1607.857667
8399,21,71.97449776,174.4440163,Male,1612.720009
2345,46,55.76083892,168.0937789,Male,1354.70646
28,63,58.28425025,178.1818488,Female,1127.92316
8152,44,54.54295102,184.2803602,Male,1467.887635
8336,52,48.80598115,165.9746352,Female,1113.153163
6056,52,82.79551175,175.0627152,Female,1414.094265
2610,61,52.44023716,173.2281708,Male,1315.344097
6570,28,61.78679039,157.1019184,Female,1347.199342
96,29,68.6288411,170.2037269,Male,1565.873122
8119,36,97.13692097,166.5363083,Female,1639.529484
7260,42,74.48667654,172.3539532,Male,1595.693262
708,62,62.85906259,157.6507164,Female,1165.105247
4404,61,82.19151668,164.3863379,Female,1366.158029
2506,23,54.17196398,168.8368358,Male,1482.478683
3365,64,56.68297589,173.3420194,Female,1084.560826
3081,51,75.96400272,168.984076,Male,1540.018243
5885,28,52.92677745,186.461336,Male,1584.205098
1159,36,83.66475592,171.3802624,Female,1576.180739
2659,59,64.87911097,198.4850234,Female,1418.373663
7064,63,53.91992723,169.2447297,Female,1067.815712
2599,52,53.28738822,165.187415,Male,1314.701912
5666,52,47.28118565,171.4781856,Male,1332.740434
8460,27,76.18421462,196.2425886,Female,1654.416669
8296,58,60.02586311,189.1695543,Female,1390.98097
1868,35,55.48084197,190.0399324,Male,1595.93829
7252,20,68.82452039,171.0997832,Female,1523.067921
886,39,69.81921891,166.1420351,Female,1412.278271
4685,33,52.82478567,173.6864635,Female,1150.732784
1048,64,59.88392166,165.8596369,Male,1345.221319
2605,30,40.69317669,177.1914208,Female,1199.911177
4405,30,68.84832971,163.714154,Male,1509.277589
8249,58,64.16536166,165.0939361,Female,1318.58527
2892,44,55.42881731,155.5947024,Female,1116.79373
7043,19,71.20299835,169.371783,Female,1461.468168
2533,31,69.75366254,172.0339931,Female,1396.836185
7829,27,106.720341,167.2312482,Female,1806.184628
2658,30,69.38066452,163.4663819,Male,1591.597088
771,58,91.11366434,174.5220534,Male,1697.923689
3203,53,70.3682192,164.2934169,Male,1516.142286
3165,64,46.50309135,166.7335256,Female,1042.115597
4996,53,56.5018427,167.1856907,Male,1344.314038
3931,52,75.01130595,151.6322703,Female,1246.030293
7155,42,58.57948235,177.2459298,Female,1193.181082
2328,36,57.42937223,151.2620729,Female,1172.960064
5525,20,59.66901255,164.7696584,Female,1386.321484
1722,38,87.30093064,172.731221,Male,1760.993422
6352,31,83.94256509,179.1267512,Female,1669.151651
6298,55,62.37347939,162.7079923,Male,1415.24229
7065,62,112.9866723,170.1391206,Female,1736.97809
3930,34,105.0412271,187.9102292,Female,1867.248628
3780,21,81.27428642,183.3780467,Female,1733.807745
1099,36,82.70621243,170.1094811,Male,1672.435464
3173,46,75.29785686,169.4041299,Male,1597.111949
5159,49,67.85401708,163.3099252,Female,1278.311901
2362,60,43.80936772,183.3575077,Male,1261.163633
6476,51,72.79754261,171.3432279,Female,1325.565315
3814,59,45.5189742,170.8332574,Male,1241.59775
2701,38,81.80497444,173.3276223,Male,1751.78297
2350,51,65.70426769,172.4561219,Female,1303.654053
7742,61,88.60329626,184.1139482,Male,1782.489199
6730,47,46.6716508,167.8431588,Female,1144.967009
7843,56,68.22026655,161.9421883,Male,1456.815918
8792,62,70.99841333,189.9203827,Female,1467.388764
6499,29,87.68116732,185.9779958,Male,1860.064829
2873,37,83.6587869,159.071781,Male,1653.466899
5236,26,76.63505282,173.1747123,Male,1692.19596
4799,25,63.53436855,165.5749591,Male,1566.128206
1646,42,83.41227418,154.8000817,Female,1381.753474
7034,37,70.96653898,166.6635903,Female,1432.298859
8615,19,63.07473208,160.4343777,Male,1591.843692
1821,46,91.63520172,164.4552003,Male,1805.66597
2031,20,83.39520726,164.8941169,Female,1562.448846
3500,54,64.87132733,168.0705589,Female,1298.754566
4623,23,51.08646132,165.4279641,Female,1209.289867
3231,40,84.95589311,168.4186339,Female,1596.866722
597,47,64.85535386,170.271232,Female,1265.19598
19,22,54.75313998,166.0790857,Female,1292.882858
6238,27,102.3377463,177.231994,Male,1980.019186
6228,61,48.71458217,168.6068006,Male,1217.750755
4779,35,60.0520891,177.0291917,Female,1440.479532
391,29,94.28039854,184.4251475,Female,1760.804307
8342,63,66.43990526,162.0821649,Female,1231.45271
5558,30,70.67560358,155.6584627,Female,1335.830166
4191,25,73.58824033,173.8503189,Female,1462.015966
3978,52,65.47747765,189.8401964,Male,1590.535175
3594,21,49.78537864,159.2761639,Male,1397.89405
3677,42,96.23866952,176.929621,Male,1881.396908
7798,47,43.44394917,155.0531502,Male,1167.252825
1999,55,57.75528241,171.1511703,Female,1253.185391
809,60,79.65710892,144.0017546,Male,1457.630545
80,57,63.37701273,171.8160508,Female,1284.462853
5392,19,45.37754894,164.3485668,Female,1302.413025
106,51,78.57022418,173.6965326,Female,1442.679782
8428,24,71.80900158,152.7419114,Female,1421.459627
2491,21,66.15535007,155.4579166,Female,1374.664664
1334,29,80.25978615,180.6292873,Male,1716.848697
4905,63,43.50935208,173.6659248,Female,1003.07223
5268,45,86.46363579,172.2535722,Female,1582.585856
766,51,57.24387613,176.1204204,Female,1229.332611
3079,42,55.87238741,182.9533414,Female,1406.178633
3794,58,71.77988999,163.5660617,Male,1463.421723
2126,27,61.38545628,164.4571655,Female,1344.265027
2294,31,63.8880084,159.8780185,Male,1441.471793
3087,63,69.30196228,157.8565306,Male,1415.480471
4952,55,55.53833285,168.5402218,Female,1104.873454
5657,22,76.38462127,173.4496787,Female,1547.142884
4028,26,70.86719622,168.799594,Male,1642.114184
5661,47,76.48606088,167.1163492,Male,1554.519719
7607,18,100.2898823,171.2207437,Male,2016.277327
8110,57,111.5111918,146.0770835,Male,1842.52506
1837,26,67.34868456,163.0720976,Female,1398.849981
1935,28,72.73618512,169.0622435,Female,1523.025148
1076,37,82.26791331,165.0720796,Male,1639.952477
1483,36,73.74228127,170.6457208,Male,1692.599412
2921,63,91.60452294,158.7407091,Male,1571.985916
8851,59,,167.4932037,Male,1596.736809
4400,27,80.35649184,172.0844206,Male,1788.723997
2901,21,66.03946796,171.3571579,Female,1377.376669
7133,26,81.96945099,171.4650005,Male,1775.478314
8013,19,94.05190964,155.6238163,Female,1697.14063
4040,45,71.08344375,170.5363077,Male,1558.197748
4056,23,79.8651199,187.3157823,Male,1871.426187
7973,22,57.51149005,172.8587681,Female,1336.759456
8160,34,79.66588455,169.7994424,Male,1715.770145
3114,60,66.9156404,168.1371578,Male,1416.737935
372,20,69.1829161,169.0930292,Female,1434.422699
5636,60,86.49915231,168.1727548,Male,1573.865908
1212,35,72.03051311,176.3683436,Male,1612.133065
3561,47,62.34275024,154.4877253,Female,1203.00907
5968,50,63.64965406,170.6751155,Female,1285.793516
1055,36,86.59327363,156.8609646,Female,1622.661362
2146,63,92.98187672,159.576806,Female,1512.272905
8112,59,60.34082533,165.1746603,Male,1335.843272
1407,31,54.57740449,171.5106679,Male,1556.644433
4336,44,65.94599217,170.8804621,Female,1370.582516
2254,43,79.742445,166.2205072,Male,1676.103327
5900,27,66.09843121,175.1624779,Female,1372.892265
4549,23,72.29079991,173.8762119,Male,1689.919924
813,49,105.9930298,157.0693095,Male,1921.643882
2151,60,77.54412654,167.3039553,Male,1511.939711
5292,33,80.28784218,152.468987,Female,1451.806845
1562,51,41.67286543,156.88865,Female,1041.800379
4492,40,79.91509257,176.1495319,Male,1761.237636
1318,41,74.49387318,172.7245211,Female,1467.105115
6028,51,35.96274595,167.9833907,Female,974.0413499
6626,31,73.63003795,176.0910052,Male,1740.436698
2971,50,36.16647974,169.6948964,Male,1197.559265
530,21,51.84111648,173.6140584,Female,1400.329762
6050,64,77.30426517,174.5494381,Female,1415.13811
4823,39,78.89368921,182.8633251,Female,1551.541615
3684,37,65.01775038,164.8939349,Female,1326.688993
8608,43,69.26179766,158.4991514,Male,1431.793402
3888,20,89.00154031,151.030616,Female,1624.308369
1354,39,85.2979377,156.6941424,Female,1491.664957
1494,23,74.10658711,157.2723792,Female,1485.344577
5169,29,47.15306944,182.7503696,Male,1518.947012
6841,53,75.5715332,170.7481674,Male,1551.78776
8092,61,63.29803634,161.9293118,Male,1352.596647
5809,55,86.69798837,175.4043539,Male,1683.537308
7731,58,42.29945583,173.0291956,Female,1063.626326
2483,27,71.54628553,169.2547659,Female,1396.821961
1468,38,71.50463652,180.1646621,Female,1580.224749
2478,29,75.72657251,179.7879962,Female,1540.256301
4546,41,71.499093,172.1446141,Female,1502.527969
232,60,69.43628485,166.0037944,Female,1431.71971
7824,21,63.97447241,153.4576264,Female,1310.34266
662,48,74.69504443,177.2371288,Female,1494.308651
3086,38,82.20218841,186.7032628,Female,1622.581954
962,30,55.16721041,162.4050987,Male,1415.680944
4646,19,83.08446133,173.9328848,Male,1851.983285
1396,62,55.21789467,170.3854686,Male,1380.665209
7501,47,83.89000823,164.0095798,Male,1702.839692
6115,28,87.93503385,177.9331896,Female,1744.952868
6778,47,58.18562415,156.159997,Female,1148.699221
2059,32,38.60977689,166.017775,Male,1198.423693
5451,39,51.96820027,182.3812111,Male,1407.939088
1265,20,68.4702308,173.5072177,Female,1503.496359
3308,41,72.98623915,164.5116555,Female,1396.365818
8258,23,78.47551647,182.9550102,Male,1813.695918
847,63,81.4650638,157.9090065,Male,1485.814002
8155,18,72.36364267,160.9397912,Female,1509.280994
8045,27,58.594495,173.7234467,Female,1291.795915
5570,41,66.60384988,153.5164171,Female,1245.084585
8652,62,39.11860035,169.0417803,Female,1012.629222
2376,35,89.87828043,179.1374523,Female,1749.84658
2919,28,101.7069604,178.1285991,Female,1887.911236
90,60,53.92800797,164.198979,Female,1069.388966
3003,44,72.26274234,149.3655227,Male,1432.180661
4202,34,81.33525717,153.8023804,Male,1582.415995
501,32,64.66857036,165.5476431,Male,1509.773554
2734,48,67.65319259,170.1133369,Male,1465.545248
2593,26,62.6850101,156.419581,Male,1523.047078
7127,64,95.54542493,181.2686282,Male,1822.656659
7138,61,52.16241462,157.2375253,Female,984.9110145
1500,57,62.23354237,166.9894365,Male,1393.100563
188,57,79.99097469,186.2226723,Male,1772.855862
5063,23,63.00407802,184.1704918,Male,1597.439917
5609,35,71.4526299,159.5342255,Male,1565.681917
8317,43,42.39965687,158.9817236,Female,1065.055996
8444,49,95.56108781,166.5231429,Male,1720.970784
5645,27,60.61017606,175.1997499,Male,1592.740187
5741,26,80.54026894,161.3501117,Male,1599.591365
6068,49,79.00730965,179.2434484,Female,1535.387904
4943,60,69.09348384,169.4334479,nan,1529.39538
2014,28,60.72772966,176.3161678,Female,1315.40468
8175,43,62.7186292,172.4011129,Male,1538.829208
1908,19,67.32443501,168.2997723,Female,1500.531719
8265,60,64.6985402,162.1714318,Female,1087.027589
6466,27,87.99666092,,Male,1919.760121
6110,26,35.95134119,166.6380024,Female,1056.145689
6415,55,111.913702,192.7385785,Male,2164.817871
4332,22,72.77656597,162.0090453,Male,1682.767879
21,21,93.10667093,175.5105565,Male,1983.977627
544,62,68.83486867,187.9467963,Male,1586.57977
6206,20,63.66930106,167.0526177,Male,1500.67194
6508,37,101.6271126,163.4900897,Female,1661.208226
1577,35,84.28824054,185.5916411,Female,1647.821868
1326,31,76.52337889,172.1405983,Male,1664.793703
149,32,75.79335733,156.1621818,Male,1541.886907
1549,50,68.50772213,185.2531672,Male,1565.678096
4330,43,65.90948539,155.546102,Female,1223.250876
1831,35,86.87364425,166.7133082,Female,1522.206492
3483,59,58.88096894,171.0194743,Male,1374.277207
2036,20,77.7531664,158.6340558,Female,1448.025882
2074,49,92.55728632,177.9025344,Female,1604.359267
2755,54,39.88460682,158.9405857,Female,953.0815697
3636,31,87.10995779,146.3157411,Female,1471.565508
2080,41,90.16985563,185.3591126,Female,1724.512707
7218,48,88.06045583,170.5411938,Female,1625.860616
3785,54,94.86509925,169.1344378,Female,1469.474111
8327,44,63.87801546,176.3203628,Female,1305.452767
1486,54,70.85049266,158.6159932,Female,1204.142373
922,30,75.46000673,177.0881173,Male,1712.476421
577,60,51.10410664,165.523766,Female,1113.186741
7195,26,75.86943684,163.3477103,Female,1446.971721
4276,44,55.28359884,151.9179236,Female,1122.43201
6062,48,85.24418432,179.6686335,Male,1737.5407
6676,48,81.10645302,169.8337325,Male,1632.067295
3857,60,79.10642983,170.2633678,Female,1365.791378
2189,53,49.96093788,185.6858214,Male,1423.816255
6860,29,91.85893279,164.4256195,Female,1659.256886
5430,57,72.21720276,172.2576481,Male,1509.743258
7945,54,62.56354084,167.1688599,Male,1421.315206
556,35,59.29669618,168.2443628,Male,1602.200086
5369,19,64.61268411,165.8835781,Female,1453.059535
8082,18,78.45792797,178.2746924,Female,1516.647559
1765,58,62.46387936,168.6143561,Female,1156.026072
7884,47,79.53923526,175.3729208,Male,1669.445152
7088,32,48.72894426,191.6357677,Female,1243.204383
1166,23,50.41205305,167.9801419,Male,1428.162247
6783,18,72.25497544,172.4367591,Female,1592.569848
8537,64,79.35324614,171.5871644,Female,1337.623354
4206,41,80.11286643,179.4345294,Male,1732.599495
5707,51,81.47612429,185.7716745,Female,1614.584786
4016,22,58.26509349,181.9713849,Female,1441.244253
3922,58,81.54261534,160.5196604,Male,1532.540763
8273,61,55.17200185,191.4079496,Female,1347.21574
8884,61,51.76953705,167.0164009,Male,1236.825603
7918,61,73.29704545,164.8781988,Female,1146.91053
5507,40,62.89899684,167.0813922,Female,1311.373007
6882,48,56.32631988,176.008613,Male,1410.954124
7853,63,66.49094966,171.0949425,Female,1173.606401
6412,24,44.60710354,158.5909306,Female,1183.320072
6465,51,64.02429731,163.2329533,Male,1334.161457
6578,55,51.58008561,155.2902785,Female,1063.189364
3146,54,66.20720659,186.1759351,Male,1563.90426
2266,55,62.50564886,176.5023236,Male,1462.76143
4027,36,69.71675357,180.4907913,Male,1674.405871
2540,50,71.97246889,160.7657925,Male,1482.347015
8999,37,76.00808035,175.2583995,Female,1535.07061
5694,21,57.77918972,157.2356287,Male,1407.493108
5203,46,82.41260056,155.1581257,Female,1389.199652
3851,46,44.65627236,163.4737805,Male,1367.170282
7378,58,68.79408445,179.053633,Female,1303.370215
3873,41,49.85572139,183.640038,Female,1195.321524
7312,18,77.68253096,163.8010727,Male,1790.701475
2075,22,92.16603556,161.7458429,Female,1648.726931
611,62,62.43110661,165.4958223,Male,1360.055127
1761,30,71.0694638,181.9636231,Male,1760.162436
6845,45,56.99900541,161.9300926,Female,1191.575667
6591,25,62.8859178,162.205714,Male,1573.398889
734,57,85.11606046,169.1780909,Female,1492.309088
1210,28,31.02923843,165.3457541,Female,1006.66073
5554,54,65.03423519,176.0417188,Male,1499.628262
3092,35,86.6035848,163.5452159,Male,1691.562552
2295,31,74.97288897,166.333493,Female,1466.618771
5589,27,33.74743358,162.8174097,Male,1285.397362
8484,39,95.23332763,173.6154088,Female,1640.252781
5222,30,73.44081058,172.5046196,Male,1588.033572
2742,37,79.47822741,179.650311,Male,1775.099034
5340,52,67.54030242,181.8189998,Male,1559.584274
5003,45,69.24855686,165.46174,Male,1538.333118
761,31,96.49015638,170.7613157,Male,1886.229001
7341,55,105.151738,175.6578745,Male,1790.043118
8487,63,90.05851145,174.2381602,Female,1482.525632
8566,28,75.07943865,150.4358802,Male,1568.469436
1213,45,64.22988605,160.9393568,Male,1528.656573
3051,39,79.68978268,160.0818432,Female,1478.879036
7104,50,74.15146875,175.7809224,Female,1473.706561
6908,19,58.86274784,175.9014232,Female,1454.30932
5925,27,55.69780839,177.2578991,Female,1351.112156
353,51,56.6920597,163.4280281,Female,1095.214301
2891,51,56.59942009,185.2791259,Male,1463.162
4558,54,82.73489083,167.3611504,Female,1540.793359
6192,61,68.70137377,176.6461718,Female,1272.320961
8740,31,51.04513523,147.6375987,Female,1095.943067
3595,58,71.43494897,172.4196651,Male,1559.980389
7442,27,107.8429705,148.9776263,Male,1898.377888
3084,32,66.08416958,159.0952618,Female,1433.925746
4703,49,46.59554167,168.8098405,Female,1077.335215
4668,52,74.57191253,176.9026491,Male,1656.525766
261,25,57.60031674,158.4081829,Male,1498.029381
5000,38,94.49662905,183.6840536,Male,1969.5261
270,64,51.58771436,174.4225616,Female,1124.250653
6637,22,62.27312982,159.4124125,Male,1598.750636
565,52,61.39452216,159.517075,Male,1397.999952
711,45,39.42009827,163.0880574,Male,1193.616714
38,58,28.467695,163.7770179,Female,880.551308
1060,57,49.53422717,165.6349514,Female,1144.695914
7159,52,67.42887452,174.3733754,Female,1295.15257
169,38,89.38680445,169.2269624,Female,1516.141379
3620,27,59.40232166,175.9585626,Female,1456.590048
3626,51,35.28300164,172.9605189,Female,1032.477029
3426,63,82.65648663,173.1100053,Male,1727.449031
286,32,74.63516548,181.1404017,Female,1520.579804
6913,44,69.18000286,175.0614731,Male,1541.24513
2866,19,91.68994336,179.1849585,Female,1760.920828
6427,55,73.92692512,158.8628588,Female,1321.442249
2738,41,94.77260464,180.6706075,Male,1852.705718
7492,61,71.65824243,176.0793414,Male,1501.385925
1891,50,81.20032976,163.760518,Male,1631.108962
5736,62,64.27582988,164.0081612,Male,1396.724932
7175,62,85.43505639,174.8198558,Male,1665.131535
637,24,87.43485458,168.5384231,Male,1819.494987
2484,56,58.67399015,180.5720334,Male,1464.994285
3474,36,86.88203197,154.8231778,Male,1719.867071
1954,38,49.33007347,185.72353,Male,1365.973687
2398,26,79.01378732,171.5875844,Male,1627.638931
8397,43,80.5566993,165.2454226,Male,1606.090771
8541,24,87.77678025,150.8974812,Female,1504.03372
2354,20,62.80256885,168.4391464,Male,1572.061788
6541,25,50.70919286,171.3907264,Female,1324.396937
474,47,76.65902405,153.1179189,Female,1339.112219
5047,19,68.6224135,159.5898158,Female,1565.518198
8857,58,67.73928833,177.0128207,Male,1483.281895
4253,52,62.49034372,161.3323632,Female,1203.028969
775,24,52.27179895,163.7782964,Male,1404.515831
3724,31,49.45222244,162.4842937,Female,1139.993971
7420,47,42.53701857,193.7589288,Female,1176.871895
4910,34,61.27550911,172.0594939,Male,1456.352694
4633,19,70.67843962,169.3421566,Male,1589.915561
3300,61,83.07507738,180.9114384,Female,1479.878197
608,39,85.77829096,167.1129881,Female,1578.819552
7719,23,44.46686782,168.4398344,Male,1325.002059
3667,44,58.34194285,186.2554473,Female,1390.789588
629,51,47.51587228,173.6066598,Male,1266.937648
6501,60,74.24532009,176.9987781,Female,1365.135358
8344,26,85.59408067,169.0691641,Male,1827.931751
172,36,67.86557469,171.8008248,Female,1385.088258
7113,,67.17636749,175.8810193,Female,1421.257918
71,48,46.44951977,180.2164209,Female,1253.741586
7534,61,68.26372705,153.9627964,Female,1254.990966
3737,18,44.54113775,169.9158641,Female,1197.115718
686,50,49.9892545,184.3805433,Male,1367.938792
8594,25,67.72740856,167.4590965,Female,1461.136048
4983,27,89.27842178,173.3531678,Male,1842.79413
4491,61,69.83604892,159.5465931,Male,1384.313313
2999,31,37.44682342,170.2327835,Female,1142.783469
6585,61,69.53645845,170.9974528,Male,1434.411423
6894,47,73.52805767,170.4754081,Female,1335.94584
8677,43,44.23758911,169.1975,Male,1350.601109
4630,64,33.78913779,167.480382,Male,1052.536276
4050,39,76.187467,173.0653977,Male,1661.799898
6182,47,75.01498532,175.7276752,Female,1468.877059
343,44,83.54401451,171.2720638,Female,1469.427309
5163,43,62.34184822,167.853631,Female,1182.683973
3494,62,42.55644171,,Female,1040.648725
4155,24,61.07152793,173.0894884,Female,1434.538958
1875,45,75.86991922,167.9748138,Female,1266.048009
2788,62,68.58141662,156.0990659,Female,1171.233279
6745,35,90.38519799,157.0702487,Female,1581.378664
8892,20,54.00745469,179.0375564,Male,1511.16818
5272,49,71.97801549,144.8757065,Female,1199.242792
3760,31,67.42136158,178.8115271,Female,1528.215408
5239,52,109.3712894,168.6139959,Male,1876.736671
8319,38,73.9677192,181.8856617,Female,1597.886242
634,20,70.79244305,183.0026861,Male,1740.927879
5151,38,85.48066633,164.7987552,Male,1752.118128
3783,51,87.20871118,171.6149129,Female,1530.867074
8493,63,56.1578259,191.4088842,Male,1390.158487
1314,24,55.08266847,184.3193101,Male,1568.377766
5338,45,66.21596211,150.789774,Female,1212.892779
2158,58,51.60391807,162.4948747,Female,969.8057514
4372,62,67.75651673,185.0274514,Male,1586.458029
4560,61,61.00053194,162.0550118,Male,1338.287009
3981,30,56.76572411,186.1014567,Male,1531.71302
654,52,73.08563061,175.9655264,Male,1607.537692
8525,44,74.68641312,158.0113076,Male,1512.450127
3809,35,69.85269147,156.1294145,Male,1387.214162
8860,21,68.4815076,165.0078715,Female,1457.147778
2852,18,84.10037445,174.3734152,Male,1804.086497
619,44,47.64807653,176.9613911,Male,1375.220381
7701,36,54.72121123,165.3465246,Male,1425.537174
1943,61,73.48084561,164.4705819,Female,1289.49228
7643,64,84.91749547,180.3906718,Female,1457.952798
4504,28,88.69101514,168.055993,Female,1548.934615
923,45,86.06435118,150.708552,Male,1678.81933
4222,31,61.54215619,172.8794652,Female,1361.15423
324,33,68.25053715,163.0975431,Male,1531.149676
8795,24,81.35225887,152.8569617,Male,1559.027961
2498,53,73.30445816,174.1886143,Male,1630.409889
5178,47,59.87823565,173.5581795,Male,1499.752821
5328,63,65.31295422,181.7246923,Female,1318.035319
5172,50,52.60492345,163.7908103,Female,1173.574615
4355,36,78.80145545,167.3147855,Female,1437.272991
1052,25,69.36727301,187.8930118,Female,1620.151102
1571,45,47.58875862,160.3052213,Male,1267.529582
6325,33,100.0777691,172.5686277,Male,1886.425213
5825,40,90.54450237,185.1673794,Male,1932.404264
7792,42,61.27382405,175.571181,Female,1318.972535
1462,20,74.70317726,179.4964576,Male,1806.712227
6838,39,39.35954689,159.1680039,Female,928.2216724
4728,59,75.80353339,158.7326576,Female,1220.645041
2326,18,56.1579235,158.9760663,Male,1451.151489
3521,63,68.3948252,154.5677749,Male,1281.289279
7015,19,62.92625676,167.1144445,Female,1462.064424
574,26,56.07497515,174.0858841,Female,1371.245743
7979,23,70.85037853,157.5399113,Male,1600.566566
163,22,45.67859534,162.7975805,Male,1493.037866
2863,63,86.83151131,159.6318922,Female,1412.927491
8886,46,56.76973878,152.9127826,Male,1270.874045
1168,43,59.61267957,161.9842448,Female,1252.674601
4807,64,71.8487909,160.647984,Female,1275.971031
1572,34,46.08729666,172.1793922,Female,1252.086886
2006,36,72.80071765,156.0913008,Male,1445.271037
3390,19,72.96643621,173.1811473,Female,1477.476668
4765,18,81.20090698,163.7977048,Female,1600.010628
1764,62,83.28679273,176.3246121,Male,1638.431752
8610,24,79.88657767,152.0311924,Female,1434.724767
2642,60,72.93439505,176.1074509,Female,1378.777928
6884,35,84.80640181,147.2501565,Female,1413.808288
2336,27,54.66186501,165.7559874,Female,1309.194398
2152,41,53.20581546,181.0243269,Female,1368.611912
3379,27,43.54778221,185.8562754,Female,1260.02378
2485,48,96.32020183,166.5258614,Female,1683.334241
5575,24,45.58615349,168.3455395,Male,1418.952356
208,22,58.85959611,155.4924238,Male,1494.627668
8189,33,54.25663493,164.5914167,Female,1279.701493
7912,64,53.8023249,169.0690266,Female,1208.243008
5014,47,79.69692063,166.5009017,Female,1419.809194
8730,47,92.78002645,165.700348,Female,1601.416157
6978,36,68.53055113,158.2842917,Male,1494.721206
4427,48,84.08850733,190.8535042,Female,1672.006008
5922,57,48.00160313,168.0589211,Male,1247.954403
3949,23,29.26569232,170.775224,Male,1208.37964
2682,22,72.223305,174.9246366,Female,1449.448816
5115,44,61.94906464,161.7681791,Male,1394.852346
4124,32,65.50875821,170.3101347,Female,1435.209906
6283,34,75.3848353,164.2912902,Female,1460.758789
4183,54,66.02835745,177.1422663,Female,1435.011605
868,54,48.91865748,166.967311,Male,1253.040177
3162,62,32.49503376,146.1403686,Male,896.113626
354,34,82.98229888,155.5044781,Male,1780.981863
4386,37,62.53135511,149.3111997,Female,1231.213595
5137,58,66.61604691,183.6369205,Female,1387.842275
3027,39,44.49311288,166.0116343,Male,1313.333239
6583,30,74.85943039,186.3879154,Male,1771.166768
6191,55,53.75079795,156.1178572,Female,1072.686261
8337,22,84.32238973,175.767509,Female,1667.999628
1267,29,57.33665719,161.7768294,Female,1224.506732
7166,24,49.56488764,169.4299543,Female,1230.210184
2785,60,90.38667772,165.5763273,Female,1425.776078
10,40,52.50782524,175.5030752,Female,1287.313744
8423,52,67.82703822,175.0708331,Male,1574.445335
6121,29,78.54228515,163.6254579,Female,1605.392869
4111,23,68.80246609,172.9132453,Male,1533.549944
5549,29,49.77889835,184.3921597,Male,1482.94852
2597,58,48.37400026,179.2870644,Female,1258.749561
411,63,56.33592354,188.8924964,Female,1261.217693
6743,32,80.48565755,171.4147894,Male,1761.532191
5626,58,81.38794444,145.4880381,Female,1307.026806
645,42,69.70644735,152.8934954,Female,1209.430946
6632,50,52.26484668,162.1958703,Female,1165.72794
2773,23,50.38640924,172.8454568,Male,1525.900917
156,24,82.4698414,174.5546884,Male,1805.250677
7713,60,64.53462456,145.5971148,Male,1379.961036
3301,55,71.00535155,161.6781751,Female,1270.777522
8583,56,82.16763804,165.1514339,Female,1357.637226
8101,59,61.86104682,175.0826436,Female,1290.540736
7237,41,68.71984008,178.659573,Male,1603.157246
2874,60,103.5182088,164.6280667,Female,1562.054542
7196,55,65.37061696,159.1870117,Male,1335.649478
1862,32,46.79392935,161.2469633,Female,1252.917248
575,55,84.98914123,168.710293,Female,1593.447006
3355,36,80.75744842,175.9538874,Male,1643.287433
8991,36,69.14167593,172.9873095,Female,1506.904443
2694,21,69.71434229,176.3852877,Female,1580.626705
6650,43,67.39916779,177.903663,Male,1547.845625
2713,55,102.8737086,173.5637462,Female,1736.707796
4767,47,56.24819549,185.5006761,Male,1489.094802
8718,20,58.09098726,160.4968365,Female,1318.844974
4127,37,72.76541515,144.2146046,Male,1455.433222
308,19,69.93714696,147.0264835,Female,1382.577154
8038,63,49.86039997,155.731012,Male,1142.17156
1819,48,71.31704556,167.2170327,Male,1469.183882
3832,58,77.69001495,187.3427998,Female,1500.287972
6999,35,80.59983805,184.2164267,Female,1598.690801
6186,38,77.86021334,171.246829,Female,1473.783753
3261,35,85.20504476,181.665949,Female,1712.112284
6781,44,54.54132082,156.838504,Female,1050.49895
4101,47,86.33246308,164.3111714,Male,1751.345774
2289,38,57.27134014,150.7293449,Female,1140.390757
1581,62,65.95592591,183.1813175,Male,1522.050789
6284,33,65.98332307,167.6499448,Male,1510.350756
4717,24,59.54929968,185.8840458,Male,1668.952017
5204,42,92.70669895,178.6679145,Male,1865.796703
7093,22,41.73021348,187.1195336,Female,1319.21863
1495,58,61.96047641,167.7331358,Male,1386.219529
2880,49,76.3176572,173.9104944,Male,1651.254791
1088,49,61.44426481,166.9768519,Male,1352.378319
85,18,61.95821129,171.412423,Female,1422.079666
394,51,62.54789628,163.2670735,Female,1320.629664
3557,26,73.50930725,173.4368016,Female,1427.455217
5749,34,40.41487693,168.8440688,Male,1280.399939
7380,57,75.91382928,171.7016574,Male,1603.278359
3140,50,78.27131766,179.8044646,Female,1561.220143
14,54,75.15214621,165.1490545,Male,1499.816674
4896,40,53.03968545,174.8643256,Male,1411.900547
8964,61,77.79421323,159.2280806,Male,1419.591959
4840,20,75.47037294,171.8434946,Female,1583.354832
1101,33,47.58759383,159.0885224,Male,1289.294231
5030,49,71.29334858,177.6599527,Male,1607.477177
471,18,88.28474775,167.2885568,Female,1724.771897
4408,37,66.48441371,175.7343742,Female,1388.82784
4748,59,71.55790392,181.1510573,Male,1594.137001
3674,18,72.7777193,168.4544179,Female,1531.35185
8904,54,89.24318886,181.0673112,Male,1776.543905
5177,47,50.47145722,158.8458556,Male,1118.948595
4730,63,70.60626097,165.2532956,Male,1427.607121
7906,34,81.81856493,171.6697405,Female,1460.53141
4638,30,70.27247147,171.5205799,Female,1450.449988
3611,30,73.40465042,182.6380483,Male,1708.44545
4138,42,60.28554798,169.0330214,Female,1374.722225
2079,64,96.4500857,162.5119696,Female,1518.19779
1148,32,69.68624322,161.0851625,Male,1527.814372
3439,58,72.12270027,161.4000795,Male,1376.713768
4718,57,48.70533707,141.4664461,Female,909.4869221
7211,22,72.1689614,178.5812499,Male,1740.27903
7239,47,62.34584385,166.0899616,Male,1449.887156
3319,50,71.95799745,176.2104308,Male,1603.136425
8281,29,94.24863003,175.3738117,Female,1722.784017
6294,62,76.50220499,180.7163529,Female,1354.792256
1645,24,50.10043785,177.6235937,Female,1421.407015
618,27,55.01597792,172.3881103,Female,1279.421297
2832,41,61.91357137,164.78419,Male,1394.503975
8114,34,73.03800478,172.3451671,Male,1634.437891
3413,56,93.22130209,166.8127702,Male,1732.812812
2611,61,72.95865926,179.4662858,Male,1508.146858
3770,58,66.22931753,181.9520913,Female,1317.102717
3201,26,73.93081463,173.3166261,Male,1626.405835
272,50,74.54304943,174.3634319,Female,1428.772395
8304,32,82.6493859,156.0074146,Female,1439.926817
3383,63,66.99692802,160.754637,Female,1157.249469
7382,54,70.87406329,175.7110984,Male,1532.113909
4672,50,58.75653887,174.2741097,Male,1461.934976
8331,19,70.56249026,171.6795059,Male,1631.471132
2509,60,73.97474203,162.4703472,Female,1309.040646
6020,64,87.55716115,160.8424354,Female,1358.961165
6420,36,59.19886279,172.257472,Female,1353.683583
2411,51,79.23832559,172.4138115,Female,1485.227031
8199,44,92.57486849,169.2074909,Male,1704.061682
6529,64,43.24581188,151.7472039,Female,923.558721
4147,25,72.7752544,189.0185987,Male,1745.358757
945,18,67.62535406,172.7716026,Male,1680.468076
2128,41,77.1799887,174.555192,Female,1536.217614
6519,49,56.29948434,168.1391484,Male,1370.476711
732,31,76.65285466,176.9546639,Female,1626.516198
3078,43,98.60445373,161.5609389,Male,1756.323367
4288,19,78.26600686,192.4919697,Female,1707.53099
2822,28,92.6632876,163.7729132,Male,1817.710577
4849,64,97.40082487,163.3971524,Male,1683.073469
2704,33,59.59321925,151.8584686,Male,1452.957347
6256,50,59.47804422,156.3323763,Female,1135.130498
1795,36,50.68464813,167.1492094,Female,1210.999998
1369,39,82.5169653,155.0856476,Female,1353.841035
3929,61,57.69445807,150.2327193,Female,1074.977562
193,44,53.33986524,170.9280848,Female,1179.795483
6639,41,44.98349374,176.147608,Female,1119.13849
6204,27,71.78969513,184.0980521,Male,1759.048544
436,37,41.99637584,162.0544236,Female,1083.857483
3819,37,81.41678886,169.1107898,Male,1699.511352
8720,57,68.56985581,161.2877016,Female,1316.421474
1056,40,70.45801539,173.5072533,Female,1437.987933
3806,61,94.33763836,170.3895157,Male,1697.521507
1310,53,80.6733627,176.8169471,Female,1433.019488
6622,37,86.15326575,160.6112857,Male,1714.4664
2300,58,59.71429451,178.0461638,Female,1218.327931
7403,62,74.56373738,170.3475269,Female,1383.049513
4810,25,50.20670288,182.6434099,Female,1316.503351
7474,61,54.74877053,167.6162639,Female,1132.413216
1713,32,82.50149464,151.6089676,Female,1498.100702
3006,24,49.49179492,167.5758495,Male,1421.439153
6654,42,91.34909902,183.1398939,Female,1670.295597
7521,46,91.81527596,161.5755543,Female,1459.178586
5229,32,73.12657018,161.5423111,Male,1688.571864
6568,62,74.70582577,174.2335992,Female,1494.12329
160,34,47.18080968,190.1103493,Male,1432.420108
2000,36,65.67459578,166.6796976,Female,1358.080116
2879,50,58.65664069,169.6563193,Female,1251.406484
8997,34,60.46642561,158.9945759,Male,1424.976009
699,58,50.77813167,185.4705792,Female,1173.54609
6741,34,48.54891116,170.3945519,Male,1374.411085
3448,49,60.02994046,159.862979,Female,1221.822295
4483,54,109.7296037,172.3456518,Male,1937.493845
8548,33,72.47298671,173.039661,Male,1587.202555
7038,23,74.33027971,174.9715964,Female,1593.450111
4374,34,46.86663292,183.5405883,Male,1510.015825
2666,57,59.22922941,166.6974436,Female,1222.744629
4627,22,67.95376837,164.8008259,Female,1504.651936
7591,38,54.70630055,183.1855473,Male,1542.194975
133,35,71.57446034,170.3967363,Male,1680.521034
5104,21,73.90970306,177.0423864,Male,1671.200472
8521,40,73.17726345,188.336063,Female,1551.271809
3883,41,103.9346462,169.328404,Male,1842.219015
573,37,50.50180298,169.4381501,Male,1352.748645
4381,38,74.82105057,181.966222,Female,1526.3388
8520,31,56.26219634,175.6684157,Male,1527.735922
8966,62,46.69273143,171.8423468,Male,1252.027219
4468,59,67.82106055,185.4845414,Female,1398.701257
1948,54,75.86720231,185.7877483,Male,1685.970114
739,37,57.63771435,177.0128339,Male,1503.974525
6726,45,94.99705833,170.4623627,Female,1618.455486
4935,51,90.53555018,173.2932166,Male,1663.566531
6716,40,32.1929113,169.750896,Female,926.5178674
4186,59,68.25964871,160.9491646,Female,1283.700484
1653,22,54.94122232,167.4615449,Female,1333.267165
4710,44,44.18047891,164.7058828,Female,1084.726907
4856,39,64.65818939,175.4774224,Female,1347.821768
5815,42,74.92671378,176.1490795,Male,1645.163262
5325,37,20.22247419,187.1739784,Female,1074.06587
4655,30,59.35235943,178.3988372,Male,1477.281574
4493,18,65.23301846,165.6114782,Female,1443.066592
2343,58,65.10220577,172.7955687,Male,1408.16729
4078,20,94.80198219,161.8508289,Female,1725.345363
926,30,76.01702462,179.2285746,Male,1769.926175
6207,32,80.32106413,162.1878895,Female,1487.753069
4458,63,97.83580318,169.8718184,Male,1686.008102
7869,57,80.6694957,155.91722,Female,1406.48903
5077,44,78.99386995,173.8643455,Female,1396.843472
3740,62,65.75903939,163.0979516,Male,1305.082724
5259,22,104.4662937,174.3078555,Male,1955.513528
7425,51,55.79469132,169.589022,Male,1283.17608
7045,39,69.93676592,168.2578323,Male,1553.717495
1420,32,69.34378498,175.0630629,Female,1514.60604
4671,51,57.99860456,158.3989087,Male,1361.768453
5174,37,55.02898707,168.2125743,Male,1339.555658
8667,40,71.10288623,154.2006436,Female,1294.146261
1461,63,56.8609336,182.3956006,Female,1256.672442
8272,24,60.70562129,179.3541606,Female,1497.214719
7388,50,78.52647898,182.39472,Male,1728.698125
6165,37,68.6801474,182.0875139,Female,1409.922179
3376,54,95.67096819,166.8463066,Female,1604.575988
8308,32,49.08592882,177.5088231,Female,1227.599734
3580,59,50.53551776,185.2363048,Female,1216.682288
5500,47,66.52990095,186.1277365,Female,1377.712334
8294,39,75.60735672,173.5308072,Female,1471.877671
6803,18,94.369841,171.2555365,Female,1768.316065
7013,62,73.86817954,164.3630188,Male,1514.088747
1437,46,72.84209372,159.0542743,Male,1509.558135
7724,56,83.07716969,166.5362286,Female,1419.255635
5967,31,86.94460079,168.9590843,Male,1751.202224
2042,23,70.44316557,153.7832493,Male,1589.970687
23,63,79.7724131,178.7709261,Female,1456.004278
865,36,47.29769791,177.7630792,Female,1214.325343
6409,44,89.23426848,169.0907748,Female,1603.598223
934,36,70.61529962,168.9226989,Male,1650.765661
4364,43,39.8334227,168.6646115,Male,1265.55829
1598,45,62.02960148,168.6185791,Male,1451.047962
781,22,58.21535907,183.50666,Female,1459.34959
5625,64,71.31164659,173.4394361,Female,1296.716367
8796,26,60.05965093,168.0991021,Male,1520.737191
350,33,71.61946447,189.9993617,Male,1733.033645
8598,18,61.31750555,160.6404842,Male,1489.495349
1971,42,71.01648404,156.7121403,Female,1286.31038
5496,20,79.36990352,159.6294055,Male,1682.468301
6830,59,68.50557312,173.2977556,Male,1524.059124
3035,45,82.36909942,175.5986433,Male,1713.814145
7460,47,49.99556397,175.6018525,Male,1417.465566
1400,33,87.45422972,174.2744849,Female,1601.223806
3417,34,56.46970497,163.774738,Female,1219.095287
8425,37,65.45291594,171.3322375,Male,1455.416968
2453,19,107.5423667,166.6090057,Male,2118.75641
3525,28,74.59477125,178.4997022,Female,1537.615192
6158,34,36.52039516,175.0059062,Male,1233.157444
2963,25,52.67975226,162.5320085,Male,1370.029401
5754,33,55.50013442,171.5569242,Female,1176.843962
3484,34,67.64133917,176.5763813,Male,1618.12197
2934,19,60.39366276,155.2708356,Female,1223.185169
7160,34,97.21415353,177.4311851,Female,1669.864045
4616,62,78.22973471,177.0137428,Female,1480.696627
7732,62,60.11897674,156.730058,Female,1100.792531
5011,62,78.7623797,177.7316478,Male,1667.021989
2777,32,64.23396694,164.2172615,Female,1322.117674
1195,31,44.27064651,164.2774067,Female,1130.718871
404,35,70.98554553,170.5250018,Male,1630.627167
8178,57,70.9569954,187.0925469,Female,1304.369255
2872,51,38.1216854,162.7894043,Male,1113.37347
2177,35,63.73367809,161.8149497,Male,1405.575615
1362,29,97.04602664,171.3259696,Male,1914.458167
6981,36,69.26676792,172.0885539,Male,1681.60646
2581,60,74.71981804,171.8292456,Female,1383.853452
5037,38,110.0005674,160.2892368,Female,1759.034331
2178,36,67.41606475,175.8267566,Female,1365.620517
7768,45,94.6046654,177.8565168,Male,1785.36102
5406,24,67.49715865,169.842773,Female,1362.388334
1448,21,61.47274487,179.3258966,Female,1460.841401
674,32,73.52061512,177.8598309,Male,1718.415771
3559,61,50.45517065,172.0839636,Male,1331.285144
3177,50,63.45086225,165.2634319,Male,1411.757911
4054,50,40.81773198,166.546347,Female,1039.645531
5746,62,46.19950825,180.1705758,Female,1155.424833
8753,57,62.56084232,170.9742403,Female,1202.220912
7697,22,52.95667864,168.6297244,Female,1300.23212
1753,28,49.92288881,160.3683826,Female,1229.308863
6487,31,72.15655632,166.3923121,Female,1444.960462
1923,29,66.16514158,173.8491253,Male,1587.991013
3920,37,75.53819635,156.5236712,Male,1535.833199
5378,64,86.64410555,166.6021315,Male,1616.758049
2175,35,76.64177746,180.4384036,Female,1556.904617
8600,38,70.1354945,185.1607283,Female,1577.721044
98,44,73.93369118,157.478711,Male,1465.804035
6961,54,70.61958207,173.3005609,Female,1275.325219
3902,46,78.96575383,169.7410698,Male,1720.25098
1705,21,62.76488609,153.198832,Female,1211.137354
3111,60,88.80959192,164.927859,Female,1473.691902
759,44,80.17297401,174.2567982,Female,1471.140496
2960,44,64.79943909,166.85372,Female,1264.96234
2124,32,69.97126322,183.6880828,Female,1519.866082
1751,49,60.36754837,172.2997544,Female,1294.326344
679,27,78.02479117,177.7606826,Female,1616.968712
5437,44,63.76595753,167.6834929,Female,1290.962512
6917,35,42.26536182,141.7941389,Male,1156.351202
3938,23,58.10300092,171.4977009,Female,1382.534314
7714,52,80.21080796,150.8213102,Male,1445.011826
4545,54,51.8937311,183.752556,Female,1305.731234
1266,56,49.9059456,163.0798797,Male,1324.347912
4481,52,62.99206054,160.3985541,Female,1221.837123
7008,22,71.24211625,161.5506895,Male,1676.215925
5998,64,70.70376268,175.6290757,Male,1467.784938
4398,49,71.22486887,165.4393551,Male,1470.079806
2617,41,82.22435358,176.8470771,Male,1678.900805
6348,64,73.34484591,165.6879841,Female,1310.562017
1164,19,50.70349676,145.9234683,Female,1221.758527
1833,21,88.32571804,166.078387,Male,1793.008611
8208,37,38.99324934,171.7360252,Male,1241.872024
6895,39,59.28707352,175.6201934,Female,1290.333375
1664,59,46.05414718,159.6106557,Male,1195.579893
1584,30,82.77085546,172.4877494,Male,1718.217852
6212,64,75.35239024,187.9284197,Female,1400.567137
2371,37,79.34603821,170.9552875,Male,1645.602855
6973,36,94.04022593,167.0032214,Male,1801.843069
1817,43,50.0402016,172.1446835,Male,1322.941153
4667,63,76.3344935,176.4558834,Male,1537.813754
1545,44,65.97272972,183.5945202,Female,1401.587379
1937,52,54.72339949,181.2771351,Female,1292.723283
5403,52,69.42036361,184.4634826,Male,1611.126325
2565,34,80.46842659,165.2789636,Female,1499.764295
7864,43,69.66067207,142.9492233,Male,1441.611041
7680,30,54.6193734,167.4851518,Female,1298.32455
848,53,58.82479052,173.5745213,Male,1415.279464
2893,28,87.28911258,163.2530337,Male,1765.407727
1509,53,60.61779589,169.9079269,Female,1260.562982
5522,49,47.54479606,188.9513092,Female,1280.217386
5074,22,65.87969661,171.3491754,Male,1602.811841
5088,34,60.1673509,184.1150789,Male,1613.158758
2429,37,43.06175691,152.104112,Female,1100.108168
3188,32,84.9068783,180.8329437,Male,1754.992875
1058,64,71.04209487,172.7879898,Female,1313.664516
1897,48,60.5225017,185.3990188,Male,1564.122039
2543,62,59.39022725,159.7513241,Female,1156.163613
3955,34,65.60064305,167.9277633,Female,1379.809209
8039,52,89.26908998,194.1891606,Female,1721.252337
8198,25,48.06495095,155.4641758,Male,1334.741642
3516,45,73.6783796,152.5858465,Female,1195.605255
6455,61,78.33103566,156.904176,Female,1326.050592
7243,60,73.19414516,158.2198618,Male,1492.293444
5952,24,23.27777705,173.7783634,Male,1337.640489
502,29,45.80911832,181.4160559,Female,1219.021216
2990,34,70.50626972,173.5008386,Female,1494.025415
6796,50,90.78322131,174.783536,Female,1550.521879
2447,48,77.016833,161.7324795,Female,1394.235374
8401,22,70.02243758,163.1966565,Female,1455.770059
7288,60,89.16470699,173.3481182,Male,1711.239368
4140,25,57.43059773,149.9907645,Male,1441.305076
3960,36,92.50859465,176.4561256,Female,1672.448329
47,32,72.33544326,153.8824272,Female,1396.812457
4830,33,55.83299125,174.7973395,Female,1359.858597
2099,23,65.4295327,151.3169589,Male,1548.481686
3388,48,63.37492142,168.8253862,Female,1365.946509
2176,43,89.52464403,171.3381728,Female,1552.620231
4582,54,88.99604496,163.5301694,Female,1484.163016
4795,21,65.21146953,145.6374462,Male,1364.786515
145,29,86.89604968,169.2029374,Male,1784.201928
1071,40,98.67975569,167.2384528,Female,1755.265294
5095,29,61.10490647,170.8443525,Male,1522.136171
1427,41,70.01060247,174.6570106,Female,1442.530151
1408,55,79.78977217,167.1782711,Female,1346.881205
925,38,75.20767747,184.6386721,Female,1563.286526
8690,22,46.11898093,180.9878194,Male,1508.498773
828,49,79.97022795,171.5687759,Female,1426.640769
128,40,74.45580045,197.9088684,Female,1679.98267
2186,30,54.26314113,162.4277767,Male,1425.656953
4933,36,65.72262995,179.5701641,Female,1490.854055
8037,54,71.24304427,149.8815821,Male,1434.015887
5739,34,41.99495712,181.8066917,Female,1324.230145
2290,24,77.44682371,167.5248409,Male,1745.303507
344,48,51.59320179,170.0210511,Female,1184.872783
1286,64,75.32909187,177.4258809,Male,1503.58961
3275,53,79.75411849,161.6144231,Female,1381.611548
3113,44,78.68355585,191.8750014,Female,1650.30512
8031,20,42.18688941,158.7415941,Female,1163.937129
7571,40,69.67271832,175.8566354,Female,1480.624249
4520,33,95.47563794,164.9798982,Female,1672.400392
374,22,83.535653,162.428444,Male,1676.861261
2470,29,87.09234265,177.447141,Female,1657.607369
3192,48,72.21092121,160.2921593,Male,1444.953172
7502,52,87.11492713,175.1157082,Female,1570.982077
3150,41,71.78484879,162.7898194,Male,1626.989205
2937,52,80.95632918,176.3903623,Female,1482.071334
3375,26,105.7861331,169.4050699,Female,1760.949024
1978,26,62.42955916,183.9607446,Female,1523.367054
7562,34,99.62124823,168.1457097,Female,1681.909239
4909,45,79.58681294,183.7455502,Male,1645.569193
4596,50,65.63069962,172.3049277,Male,1496.448067
6241,34,87.32386836,166.7282929,Female,1583.200346
4080,56,71.75667239,164.9145749,Female,1317.474813
7356,61,62.7423303,168.8950182,Male,1362.032327
7728,38,57.42300088,163.2868585,Female,1176.072728
7251,18,45.3288032,174.9790491,Female,1264.486706
7167,46,73.10090446,164.0299489,Female,1399.100532
1385,55,56.17423624,152.8013109,Male,1211.376998
1783,39,81.5277944,156.6875879,Male,1621.759961
5031,43,50.74671559,162.0084484,Male,1319.754882
7948,57,68.97242717,163.0442799,Female,1309.031688
3944,59,91.18427765,178.8572061,Male,1697.891081
1592,57,94.48026263,167.0398557,Male,1667.389941
6153,23,74.42411863,165.8615159,Male,1641.087142
8196,21,74.27908354,161.6543581,Male,1616.829758
5792,58,78.85219801,172.4551487,Male,1577.480694
2105,24,82.68705269,180.7596408,Female,1563.01305
4768,28,60.38255687,178.4291727,Female,1426.12584
804,50,50.5571786,162.3903288,Female,1104.650968
730,36,40.95543346,168.7427026,Male,1267.8426
7466,25,79.67960506,179.2967646,Female,1699.474879
1432,43,60.37719762,168.7505956,Female,1312.961797
2567,27,47.13243466,165.9925165,Male,1328.74182
110,19,94.74915219,155.1032076,Male,1815.300614
563,35,71.85162754,180.6843649,Female,1440.504382
7305,19,92.57605114,172.2995732,Female,1744.61136
8017,25,79.40182664,170.9103793,Male,1697.157613
4358,20,72.74889467,174.7875529,Female,1611.060901
1582,63,77.55886234,157.4718589,Female,1241.339995
4401,57,81.72823351,170.4250983,Female,1384.799613
4946,19,49.6320324,160.553485,Male,1365.380398
3428,40,66.22950943,165.137737,Male,1477.498528
1703,48,104.7477619,175.742793,Female,1778.142135
3735,53,93.56322013,180.0550656,Female,1649.029393
7480,34,78.75687252,174.3201542,Male,1758.472864
4702,37,78.38771067,176.6268811,Female,1528.825894
3213,32,71.23464025,159.7655736,Female,1373.268738
5869,54,72.3670479,173.2572057,Male,1670.478125
673,64,96.71813292,162.728882,Female,1494.800467
6326,33,68.67478793,165.9175469,Male,1642.000957
4340,27,64.23894377,178.7169117,Male,1588.043817
3528,21,61.02017026,177.4516941,Female,1469.384149
3337,59,82.84459049,159.7915387,Male,1599.852685
3550,24,86.92778445,159.6982086,Male,1782.712667
4245,48,80.2555096,164.021557,Female,1540.04545
3843,63,78.96710367,145.3709554,Male,1458.694025
6082,58,51.96749736,160.235771,Male,1126.444585
936,24,70.8897529,164.0569892,Female,1412.807144
4460,37,81.16865687,160.9424427,Female,1423.164919
639,30,97.90475871,175.3775898,Female,1710.872415
5352,29,76.18436443,174.5196856,Female,1564.370667
5165,44,64.8269406,174.9044088,Male,1506.345567
6938,57,67.17101498,171.2881595,Female,1264.186936
758,33,88.22632976,153.6237121,Female,1592.60949
678,62,77.74744067,174.6803055,Male,1574.763574
8968,19,89.13631392,165.2258004,Male,1839.346271
111,56,47.03923313,167.4727673,Male,1230.686164
2322,59,54.30665498,156.7388152,Male,1317.76873
1835,63,64.95404518,160.5796574,Female,1165.746478
6865,22,72.90639402,179.4113978,Female,1577.738138
522,27,42.02239354,169.8270019,Female,1172.234717
2625,44,82.62983383,161.0968584,Female,1470.516133
4154,18,92.86899642,160.8339899,Female,1760.202754
4950,34,71.59578469,190.1780092,Female,1648.544259
951,44,57.40559771,176.1169659,Male,1444.775402
4684,50,64.17743095,175.1486339,Male,1503.62977
661,19,80.43123831,171.4398715,Male,1786.605921
159,44,68.89081471,155.6789275,Male,1441.743022
7925,21,37.62676281,170.0791481,Female,1130.064954
3774,21,86.1466738,182.7779013,Female,1797.397163
5374,61,87.96277425,159.1946514,Female,1463.979584
2516,36,63.09562593,166.5899461,Female,1245.928399
5637,61,71.83519877,163.4382388,Male,1408.182648
2601,23,80.53525696,166.3148194,Female,1480.767571
7674,34,76.44014868,187.4996998,Female,1605.561715
1205,42,79.09451334,165.1003789,Female,1495.921187
698,44,58.19940394,162.7808489,Male,1408.579425
4700,48,75.74773261,171.9516966,Female,1496.757476
8256,62,68.73025001,163.1444199,Male,1442.595432
8267,50,86.35590609,188.0399628,Female,1653.546102
2002,29,74.90383038,191.2690249,Male,1887.652588
890,35,70.91972656,167.0753579,Male,1540.515319
6137,59,60.94352993,167.3908578,Female,1251.341681
1925,41,58.38721438,172.1613921,Male,1418.125875
6684,28,58.92341217,175.6545177,Female,1322.754452
2334,30,57.48643199,175.3242716,Male,1510.520396
8877,34,67.87450885,172.0958556,Female,1506.196484
5408,39,66.81364693,164.5611906,Male,1439.531972
2323,53,83.34179604,163.5248013,Male,1552.918526
6712,30,71.44590959,173.8553536,Female,1468.024804
244,24,60.82068638,162.8113868,Male,1460.253021
34,59,65.27939714,174.3103072,Female,1287.637561
7464,19,87.65909797,161.896806,Female,1597.241986
8297,21,63.66635364,165.182689,Female,1368.919483
6363,18,82.77060309,162.1148496,Male,1675.871686
198,61,66.35960678,179.8041776,Male,1484.560874
8584,31,70.56135135,165.9738782,Female,1497.394792
6027,40,74.27748044,146.6011905,Male,1497.557241
7322,59,70.95082716,181.1848156,Male,1540.391348
4743,56,68.71184895,164.9312167,Male,1459.624771
6948,24,83.676011,162.2541411,Female,1471.831604
4747,40,75.05097273,170.852693,Male,1538.851437
2739,34,92.24087747,156.8275548,Male,1696.436316
3468,20,72.8685202,172.6805972,Male,1747.044771
6371,31,72.22322557,172.2564177,Male,1624.784337
431,24,59.57514875,157.0394996,Male,1397.571355
745,52,63.62940369,179.4085639,Female,1345.503182
1406,51,65.42282772,157.9947935,Male,1367.625235
1073,23,74.02521113,165.3013793,Male,1686.298439
5649,57,66.4037198,175.5961385,Female,1325.443671
6314,32,66.09845398,164.0936389,Female,1357.287169
5583,31,77.2777465,173.7463598,Female,1490.719503
8365,47,68.09607936,184.7096714,Male,1541.812257
7987,37,69.32031554,168.0959297,Male,1428.176405
5687,49,69.36210321,165.0926545,Female,1291.808505
66,44,52.01265834,161.2574907,Male,1420.353296
8231,62,71.88772907,175.0867888,Male,1537.386031
2940,50,79.33685539,168.0552597,Female,1436.176404
3622,23,81.29757565,146.5078275,Male,1612.147671
7603,39,68.97801078,176.4959105,Male,1659.765492
7942,18,47.10320786,200.9349524,Female,1498.580233
7499,41,76.6272686,173.95375,Female,1554.945351
7773,50,53.90589248,169.042975,Female,1161.432399
6337,21,49.57086808,172.1110667,Male,1499.070388
2459,46,75.55975093,171.9469334,Female,1445.608514
5028,39,62.00086413,167.3351637,Female,1257.424099
2104,38,48.13683333,177.2591681,Female,1248.071357
3936,56,60.57070889,156.0958132,Male,1333.710529
6825,30,69.67374378,170.6607868,Male,1597.949685
6342,29,94.58876784,,Male,1814.061594
7544,18,67.500178,160.3871689,Female,1550.44152
862,25,107.7920598,170.8403801,Male,1979.76185
3903,60,68.00854345,158.8170362,Male,1336.837532
7483,59,94.25270365,171.7683726,Female,1712.133989
8441,27,67.72139549,183.2528333,Male,1715.4157
3242,52,87.86711941,166.3381891,Male,1671.533179
6131,25,46.73886869,174.5447721,Female,1270.80948
6176,45,81.62464923,160.2329811,Male,1531.579733
4715,22,55.04956817,173.2731973,Female,1446.893922
630,49,114.9745274,156.3181144,Male,1876.810989
1062,41,67.77211907,186.8438247,Female,1465.568877
7437,61,88.19379745,187.5297843,Female,1570.093743
4836,58,70.65374012,152.6882394,Female,1195.185821
3055,43,59.27919671,163.0434522,Female,1159.99402
731,53,79.59772823,168.4474076,Male,1551.201015
4157,40,87.95066899,174.6054379,Male,1785.86201
6469,51,88.02042423,164.4245504,Female,1567.159265
5215,28,58.90693309,191.2448561,Female,1481.831235
4113,62,81.23969739,163.9052673,Female,1470.187884
7170,55,82.82138658,159.7122786,Female,1354.784265
7405,22,81.74119382,177.4534615,Male,1854.318182
5113,47,82.16081514,181.9825447,Female,1588.29363
7509,34,67.18416552,171.2005845,Female,1352.271872
8737,37,46.59939275,183.9315343,Male,1454.916756
1532,28,56.88279633,163.3866075,Female,1328.327519
6690,48,85.61776082,145.7726926,Male,1433.314929
4908,41,67.50381032,155.1192537,Male,1453.77601
4217,43,59.93634591,156.468156,Male,1401.866982
8642,32,49.39014686,166.842401,Male,1327.618846
8895,61,89.94238962,171.2188664,Male,1620.566648
4361,30,75.23135033,179.3750248,Female,1563.07708
4044,43,78.2014077,167.5225429,Female,1461.084441
6272,20,86.21000018,165.7753258,Female,1691.53221
6119,33,59.18895781,165.7087154,Female,1244.464611
552,41,85.22281684,164.2291868,Male,1632.965405
8461,53,77.13268085,157.7696962,Female,1325.670228
3366,61,94.7016186,171.5842402,Male,1699.073377
7929,45,56.29298711,169.7266775,Female,1311.839337
8552,45,88.32558548,164.3153259,Female,1487.185068
5778,46,89.37820787,175.9596716,Female,1579.488319
7908,47,61.54880703,174.9145277,Male,1403.887231
295,35,69.60340636,160.5293136,Male,1536.301404
5785,21,48.92007892,175.6789397,Female,1234.030903
7386,40,57.41530567,175.8242746,Male,1517.144755
283,38,66.94801956,170.3881534,Female,1304.219232
4689,59,78.73016892,169.6286615,Female,1497.5716
1095,34,85.96568301,157.2385002,Female,1466.336984
5301,27,77.20514245,166.4368054,Female,1544.802476
6482,45,75.30207145,158.805193,Male,1624.867962
643,46,95.40787476,178.7862815,Male,1889.054942
2886,56,59.54377236,164.6981972,Female,1231.334029
910,44,62.32553147,185.2884964,Female,1492.859966
7293,43,80.93376452,161.4511843,Female,1460.999715
6486,28,64.31112497,173.0946814,Female,1381.518348
114,64,90.50321703,159.889425,Male,1521.541846
8834,33,79.82317763,173.3985531,Male,1658.182035
3860,26,85.43928465,187.221886,Female,1657.358053
6916,53,99.94017326,188.0689689,Male,1846.710249
3256,19,78.32771414,169.1078227,Male,1717.937702
5246,46,81.4563633,161.0549767,Female,1364.267902
259,36,71.11259056,154.0189517,Female,1343.79275
4645,37,55.75473742,175.0440892,Female,1289.88561
8214,24,71.80824283,178.8136571,Male,1767.487905
2078,57,82.09393152,173.14164,Female,1396.852705
48,61,75.99912456,155.9986544,Female,1330.34509
3959,25,71.55745043,155.4982665,Male,1716.895533
6589,32,70.08232337,168.9645467,Male,1627.431864
3912,49,66.05704511,164.2580394,Male,1411.294442
1022,36,51.3636135,179.2125097,Female,1267.918571
191,48,87.93389574,180.5866362,Female,1585.282033
5427,39,63.79366832,185.2664002,Female,1433.783571
3655,22,57.89071611,170.4276881,Female,1315.102084
1762,59,66.86454645,170.6621414,Female,1274.150452
7676,39,77.48334507,181.1938159,Male,1708.577306
1096,63,40.87227988,161.2401822,Female,987.7734233
8188,29,74.74727206,177.7487455,Male,1739.214633
1718,21,57.68265207,163.0480147,Male,1468.898974
8309,37,67.31992788,172.4658283,Female,1402.607453
4595,30,77.79370588,170.8815346,Female,1538.562597
7153,53,70.96165037,175.5419337,Female,1356.274461
4912,62,73.85623671,174.1771928,Male,1483.096947
605,31,49.30193734,169.9548741,Male,1359.506086
4121,47,67.73201772,171.4827739,Female,1383.358221
2514,19,44.73357098,190.4243475,Female,1376.907047
3617,36,79.70446088,193.9526174,Male,1717.326735
8468,35,107.0438384,170.6559594,Female,1792.080826
3811,32,77.60052859,165.9143825,Male,1728.25357
3009,47,46.9081966,164.4731429,Female,1166.498101
4981,50,92.68611025,168.9213853,Male,1721.160144
8770,60,62.13708406,173.8366627,Female,1278.747862
4863,44,75.60886526,167.7956845,Female,1379.065633
7168,46,88.10576817,181.0489296,Male,1751.762977
4072,49,76.25594888,180.6446589,Male,1602.889171
5974,27,70.59189914,166.057018,Female,1444.027518
3682,57,76.24785148,175.3191897,Male,1563.424676
7916,40,69.65297922,189.2732082,Female,1532.10579
1001,19,58.02455788,176.8204836,Female,1392.87595
8352,39,87.98876453,166.3332468,Female,1536.320982
5373,56,85.67043837,167.7998161,Female,1470.967988
1955,43,73.31696256,165.5271922,Male,1525.931903
2530,20,62.38647702,159.6438573,Female,1329.775444
7777,38,70.90466814,178.8377823,Female,1529.545921
5106,62,89.40236622,167.3139503,Female,1454.721564
3317,59,80.34256113,178.1298207,Male,1591.824195
235,63,51.52309922,154.8976805,Male,1241.825414
1370,53,54.9094396,156.1658774,Male,1241.044482
1706,45,65.21773832,185.3263915,Male,1598.661052
5981,62,98.21483451,149.5338022,Female,1447.393636
4821,32,71.23806261,172.5021959,Female,1406.878792
1313,34,35.88128529,164.2809918,Female,1093.468991
84,41,53.39818026,166.3505491,Male,1424.705219
1699,42,102.6286823,159.9485703,Female,1656.784696
1780,63,50.37333276,181.1291071,Female,1095.193528
6260,29,69.82122627,192.5793993,Male,1753.562093
8434,53,76.59378059,173.1316068,Male,1486.24357
2339,27,52.61819946,176.5489475,Female,1310.996145
2521,34,81.00384741,164.2771168,Female,1447.04097
5021,55,77.48173181,162.98539,Male,1478.573158
2511,35,68.77048276,171.3165933,Male,1540.847332
7399,24,46.53281861,169.7972784,Male,1417.019628
8900,55,86.89207704,169.9718666,Female,1501.125182
4058,53,69.06215644,173.8134766,Male,1575.561622
880,64,45.52359059,157.8682017,Female,950.6098224
788,45,87.36114959,146.2261336,Male,1529.572336
2547,42,71.06410142,166.622228,Female,1428.002483
487,26,75.45858202,173.164175,Female,1557.704778
1593,62,66.67202512,165.8876812,Male,1367.132402
5019,54,59.43930922,170.1486604,Male,1375.501114
6717,28,61.95795893,163.8151051,Male,1519.246454
5519,59,79.74351275,165.9392195,Female,1392.853711
262,29,68.08207824,170.0046347,Female,1378.478039
1655,39,85.50354331,179.8661026,Male,1705.506529
3285,30,82.75077074,169.6124491,Male,1695.191526
1475,59,71.83819997,173.6720828,Female,1324.399007
4070,24,79.07045764,157.2642136,Female,1447.261844
3031,38,67.3955683,172.9739953,Female,1403.0817
5476,43,65.96190434,176.5067547,Male,1598.922555
3230,54,66.71893878,171.9852124,Female,1316.224459
5330,60,74.53469373,171.0931911,Female,1438.044582
4939,40,75.13223716,161.0348687,Female,1403.091268
8143,52,75.6619208,170.999631,Male,1613.848417
8019,44,58.65072359,152.3471543,Male,1290.31902
1465,22,85.15844178,184.8128032,Female,1711.044821
6388,18,64.57187663,177.2812254,Female,1530.448978
8054,39,96.08305712,186.6560753,Female,1748.927581
5717,23,40.66757049,169.882254,Male,1310.464616
7694,41,69.85860926,177.1302642,Female,1382.497575
2578,34,57.26679844,162.0193954,Male,1394.713344
5294,44,85.50249118,175.107384,Female,1614.908524
7494,44,61.62087657,187.3971787,Male,1521.687259
6203,45,43.39267252,158.44009,Female,1168.678009
6147,38,97.13253495,162.0652713,Female,1588.427288
5175,30,66.03521523,165.4911988,Female,1378.741052
1275,28,60.1768567,169.4745243,Male,1462.459706
6331,29,59.79145481,183.920029,Male,1555.817364
7904,29,100.1377136,168.4898344,Female,1710.528254
2100,43,64.80768745,164.1456325,Female,1283.765449
7154,28,103.578257,168.5030869,Male,1993.891981
7886,49,74.85854691,155.513447,Female,1365.451472
7121,36,69.80077973,188.8763171,Female,1598.94252
4298,18,73.18894575,166.6456572,Male,1774.897819
4066,26,78.20649822,163.3009325,Female,1458.093808
4,57,61.29220102,178.8659398,Male,1455.23263
5275,54,76.11867439,171.3210311,Male,1606.533507
3263,40,80.56674525,148.1976152,Male,1556.671629
6539,50,39.42476611,159.6975324,Male,1189.456316
4187,60,66.85031711,180.1096123,Male,1570.841309
4109,53,74.486669,181.8947951,Female,1425.861025
2526,20,65.59204042,191.9811106,Male,1720.376856
5185,28,77.92544883,158.9885692,Male,1613.455302
2106,41,69.26812111,166.1199781,Male,1556.167319
5616,60,85.58241276,177.0872761,Male,1640.418949
8264,27,57.77192453,174.9312632,Male,1511.522069
213,50,42.93092755,165.1745074,Female,1017.471768
4522,25,62.25835462,156.8046633,Female,1327.325621
221,44,71.09183679,168.4629718,Male,1475.07521
2276,47,41.45716519,171.2769715,Female,1111.980302
8614,24,82.55880702,157.4259063,Male,1710.45919
8462,23,84.90637704,167.2598068,Male,1822.006637
121,56,77.9618731,167.4544264,Male,1549.653361
3451,31,65.23778164,154.1015728,Female,1331.966728
2564,62,50.66886232,165.0844794,Male,1199.625917
5910,23,77.69088376,169.6982153,Female,1518.364506
5880,47,82.41529515,142.6322618,Male,1380.16866
5243,18,87.26221893,177.5997664,Female,1817.26186
6434,33,52.65458107,174.7609191,Female,1265.294667
6863,31,57.71071246,174.8214357,Female,1365.067908
913,31,57.40522227,169.4251002,Female,1334.488366
304,50,85.42463352,167.8169132,Female,1431.44731
4350,50,66.66052135,181.0174202,Male,1547.99077
181,39,58.44105149,181.9759149,Female,1345.22364
1182,27,89.63502413,171.893611,Male,1741.233385
5337,30,65.05718883,168.6798727,Male,1475.573515
2093,51,72.98095871,168.983551,Female,1343.519755
7649,56,69.06955404,164.7461368,Male,1428.290916
6605,55,77.28930914,182.8566362,Male,1653.032296
7164,35,84.2660777,192.1628323,Male,1865.587695
7404,57,64.01775039,161.2834839,Female,1219.031119
5950,60,62.80048346,164.6313811,Male,1362.882406
2791,52,62.45850815,168.590139,Male,1434.231577
1811,25,66.42595751,169.0587761,Female,1440.70683
5015,45,80.2570832,159.8466734,Male,1559.636786
6045,58,40.29604388,159.3453183,Female,857.9749892
3449,29,83.40973169,173.2117441,Male,1818.950999
7966,55,61.49114035,195.1389123,Male,1594.681456
2267,21,64.25761211,152.8809644,Female,1221.212324
5536,58,72.04926376,174.5105266,Male,1591.891525
4766,44,52.77215407,162.0384759,Female,1095.226817
2440,63,54.03446891,149.8860562,Female,1007.259819
1625,48,98.61254757,164.30368,Male,1835.529967
4403,38,49.25185134,170.1143992,Female,1202.92859
5475,56,72.3342205,165.8129446,Male,1532.119223
4519,45,69.96023667,166.232742,Male,1541.352908
2321,59,74.19500824,162.0472684,Male,1393.68743
1117,26,30.71957875,180.6230141,Female,1125.395131
2607,50,83.47304769,176.9550339,Male,1709.22789
7535,32,58.52855245,167.2822785,Male,1539.454912
6052,23,40.19318616,167.4275422,Male,1328.13705
5987,36,80.8697082,164.0467112,Female,1509.909407
2699,42,99.34968774,168.6012912,Male,1810.885127
4442,35,89.65742921,180.0550264,Female,1649.757058
3669,24,70.27962318,170.446649,Female,1450.973147
652,29,57.89149151,151.5858226,Female,1234.999559
7489,35,64.32944244,178.663842,Male,1558.307243
6470,42,61.84843041,169.6115145,Female,1462.346835
4873,36,50.99404524,159.2226639,Female,1196.734197
4758,33,69.06028249,183.220868,Male,1556.1208
8055,61,71.17221134,172.368089,Male,1469.41203
1940,33,77.69653604,148.3646141,Female,1326.803588
1994,46,103.6660366,161.0332034,Male,1872.113573
8469,55,77.33711947,151.1180494,Female,1302.919452
7254,57,59.04355275,172.7173844,Male,1349.719141
7486,59,83.44056743,166.5292443,Female,1507.288687
8556,64,82.6939389,159.6388739,Male,1492.851776
4565,61,59.24683923,162.5328074,Male,1367.261201
8971,39,50.21985091,170.679411,Female,1168.737689
6033,24,57.11152201,158.5984745,Female,1231.2664
3773,43,54.01910023,170.1969224,Female,1169.435042
8276,59,76.99160043,160.8037595,Female,1303.597823
1114,38,55.15487268,162.4230849,Female,1179.451485
369,37,86.76423845,174.5859996,Female,1595.885907
2479,35,105.7317239,174.9054565,Female,1813.065541
6688,44,69.64609637,161.9902568,Female,1415.722618
1521,,65.16882622,195.0828098,Male,1679.330876
4784,20,51.94619047,183.5570468,Female,1312.533269
5118,31,101.3360131,183.8795466,Female,1955.644315
1513,20,46.38342927,174.8160044,Female,1360.980109
4006,23,81.46041464,170.8812226,Female,1654.574475
3683,19,66.16296426,173.6711411,Male,1727.291371
6148,51,87.77572235,170.8092299,Male,1709.741506
498,31,73.38269181,168.4324472,Female,1443.926616
1118,50,47.73817832,167.2755508,Female,1113.764641
8561,19,64.74060348,182.2515566,Male,1740.328502
3495,28,81.24021106,180.0160281,Female,1614.584662
297,44,73.22138841,187.9210854,Male,1741.552435
5516,59,67.5755807,200.2205868,Male,1651.139281
6152,31,49.96548721,169.4146857,Female,1188.446735
1264,48,70.41184721,173.9504292,Female,1326.61816
2020,52,78.3607448,156.153884,Male,1379.970135
6183,32,59.6050823,182.7425936,Female,1494.779206
791,49,39.83145617,172.2463694,Male,1202.86147
680,43,72.67272265,167.7244283,Female,1410.121876
1430,57,43.30340952,180.2373198,Female,1115.101754
6819,37,39.02684832,169.6627801,Female,1179.858418
4890,48,72.0211683,177.6060331,Male,1576.041964
2400,55,42.15595553,177.1513468,Male,1261.985137
20,22,99.63571025,166.6231999,Female,1783.403328
8073,34,50.52390224,163.992352,Female,1162.937474
310,42,84.1416064,155.154561,Male,1567.558202
8093,26,39.38565437,164.199535,Male,1337.608673
6742,48,73.62949218,187.1844342,Male,1688.321623
5579,44,87.31420821,175.808907,Female,1636.416593
7458,61,66.4530019,151.9758979,Male,1366.097642
6355,48,69.96639977,171.3976313,Female,1333.763677
1588,45,78.40929066,173.4032636,Male,1655.874678
7371,55,54.38569611,152.2347797,Male,1253.043926
2129,63,70.90885061,166.5785505,Female,1362.437205
1289,47,57.12698948,170.0117988,Female,1142.915369
5321,62,68.88675281,162.5806925,Female,1204.776311
4913,37,74.48387592,177.2445396,Male,1672.771543
2102,62,89.60279976,167.3097978,Female,1558.051463
7600,52,67.56431762,196.576128,Male,1633.70358
4395,19,88.30892404,173.4195455,Male,1864.577198
6974,19,72.12319059,160.6931532,Female,1460.286621
1561,48,69.94692901,178.5710261,Male,1541.377517
3411,20,74.51399349,180.1226348,Female,1603.706787
365,57,88.35085562,161.9477757,Female,1497.865464
2556,35,73.22027372,168.0223816,Male,1645.108096
4874,44,76.35335434,177.6127855,Male,1583.909312
2367,49,88.71532517,177.6327807,Female,1610.862706
4897,22,80.40063349,161.0992032,Female,1619.277669
1574,35,72.7323249,169.0722008,Male,1691.554976
177,52,68.91089791,192.1085387,Female,1442.668662
7073,29,70.76678692,149.805175,Male,1415.204205
1508,31,85.23446404,163.1270906,Female,1591.074038
3142,22,65.79583622,182.5837998,Male,1643.706552
5948,21,53.51503323,173.7131441,Female,1461.828245
2225,40,83.33299489,163.9834511,Male,1659.947794
538,27,61.7941299,168.5134557,Male,1496.212979
2464,45,70.80550752,157.9523003,Male,1450.078885
8117,18,45.31496813,173.2520261,Male,1348.516838
3758,52,60.25043873,168.1671984,Male,1418.833193
4917,64,65.57933224,159.5642971,Male,1453.081936
1530,23,59.49781287,177.1938869,Female,1381.605322
2679,59,71.73263156,171.6802673,Male,1609.505306
5931,37,66.05362993,149.3812666,Male,1456.952672
2949,41,65.8785153,171.9498668,Female,1383.251168
423,60,72.26296728,150.7775213,Female,1272.575074
1782,34,56.82651352,162.7924037,Male,1372.637459
3766,51,29.886878,166.9998322,Female,916.1345206
2117,61,72.40341753,185.0133949,Female,1535.245676
7800,48,100.9679443,177.0100605,Female,1708.341188
2122,51,77.98982245,154.5532932,Female,1364.488311
7383,23,43.17175308,143.076634,Male,1187.06001
2745,30,54.51433144,179.1337887,Female,1382.82725
7559,27,74.25255973,163.4501596,Female,1445.499809
6779,53,60.9782433,174.5583966,Male,1491.720623
2113,64,77.31641076,167.5073725,Female,1352.623678
8671,33,78.75096475,169.3673689,Male,1690.285049
602,47,68.21532934,148.4055435,Male,1438.822155
173,64,76.9275824,143.7740587,Female,1156.651059
4677,59,79.81659172,166.3932499,Female,1458.458031
6826,20,74.72074112,180.3690153,Female,1603.449
6891,39,73.43222397,169.5059667,Female,1452.380111
3570,37,79.69359006,161.0292827,Male,1579.939951
8675,39,64.83857687,158.6766828,Male,1440.745715
3043,31,55.69439627,166.1177134,Male,1370.685379
7318,49,61.86447557,172.3028321,Male,1478.388586
1920,36,85.04237317,168.5550841,Female,1600.180056
3326,43,46.34823191,159.1097114,Female,1082.70583
2183,28,66.57906274,174.4380038,Female,1450.719271
4816,43,98.98463813,165.1543008,Female,1668.743143
877,42,68.28567592,171.8932041,Female,1398.674232
6431,63,86.55889991,168.4573172,Male,1531.910025
4114,19,57.87666879,187.3507431,Male,1727.725747
6092,40,67.07505507,176.1384149,Male,1455.931575
2374,22,48.68043959,172.2813976,Male,1478.535657
7447,36,70.50585947,160.9333834,Male,1466.023043
1324,18,80.25623702,161.2335834,Female,1567.397039
1946,54,63.84131278,168.0064543,Female,1252.759608
5534,48,88.50004345,158.7513821,Male,1733.873206
3110,64,76.28973834,180.047504,Male,1632.192434
4515,37,63.96697302,168.7778907,Female,1413.84105
7637,25,70.58857319,170.6632335,Male,1652.097208
5954,35,76.46082834,183.4042406,Female,1544.37567
6018,56,60.11857418,175.450915,Female,1223.93668
6246,28,105.6143927,165.413062,Female,1751.076694
300,30,66.05633063,165.6327449,Female,1375.996232
6939,50,101.8419048,167.5159718,Female,1669.39819
113,25,65.45919687,176.3294347,Female,1436.454024
6771,62,71.28298179,184.0478542,Male,1464.541852
6390,51,68.12865299,173.2049647,Male,1437.454338
1854,40,69.37230781,167.4122642,Female,1348.627895
871,63,65.00528165,159.6651281,Male,1372.861664
2007,44,94.17332007,158.8503674,Male,1692.452315
1825,54,69.64459235,156.2020539,Male,1522.965221
357,18,67.07742742,172.3636614,Male,1660.084689
5747,36,56.43471488,159.2660424,Female,1302.603617
8549,34,84.96880221,153.0989748,Female,1459.712367
5518,28,73.1087351,181.2845228,Male,1757.366741
6037,41,88.09025297,177.2319509,Female,1715.201011
2664,26,76.75095269,163.2863835,Female,1561.975643
5061,31,47.42617185,162.0467317,Male,1369.605088
4555,62,68.40410484,181.5925228,Male,1537.245666
8889,46,52.57365319,167.3006046,Female,1228.017178
4776,28,82.08305565,152.9456097,Male,1617.626153
5870,37,85.56347929,168.2274609,Male,1736.783691
5396,52,67.48944438,161.4750784,Female,1263.659864
5642,32,47.38312376,174.0591663,Female,1242.775214
4423,37,80.35807171,163.1338827,Male,1686.074369
3469,63,37.04405895,185.4630819,Male,1252.129249
4884,63,66.91282389,181.7347142,Female,1384.661009
6872,63,68.83312097,174.8183655,Male,1435.468603
1223,41,60.24737043,166.1652329,Female,1313.699449
6517,60,73.97527931,160.1591266,Male,1484.42236
4757,31,89.92539728,178.8084695,Female,1630.30121
2613,36,58.9138918,173.5718675,Female,1309.220873
2063,30,84.17790612,164.974921,Female,1599.227091
7985,45,81.70307271,169.6780127,Male,1599.075081
6166,46,74.52617753,167.2722566,Female,1450.683926
3139,35,92.25089886,160.7666222,Male,1750.353864
5829,36,64.09287917,193.1250539,Female,1529.930258
6376,62,41.99987742,168.9668147,Female,1033.294554
4443,32,76.56292063,181.7744299,Female,1509.227304
1755,52,64.67272148,177.7452552,Male,1560.198978
7048,52,96.79014632,164.4582163,Male,1808.058825
4223,48,77.22916546,163.0466122,Female,1323.418513
3068,21,75.04093128,176.3078703,Female,1591.165676
4329,20,77.95269322,158.987858,Male,1741.670628
2492,33,80.05697345,185.496256,Male,1809.732297
1104,47,58.777718,183.1505155,Female,1339.173946
2674,20,71.18423105,173.0180364,Male,1689.92341
2073,63,84.09097657,184.634644,Male,1656.681451
613,62,88.09487397,174.2081808,Female,1543.200293
7909,47,85.88473366,153.5858175,Female,1349.694736
1361,57,82.10644742,167.3620884,Male,1624.279384
1364,19,55.88390692,162.1452175,Female,1367.792877
8430,29,81.24587445,165.0943639,Female,1489.508218
4383,32,65.87083556,168.8249314,Male,1471.062109
8666,57,58.77497196,167.5157952,Female,1296.423819
1870,47,70.22991679,169.8932074,Male,1563.973723
1729,41,79.90638464,169.0010093,Female,1507.542253
6686,51,76.98712577,168.1719783,Male,1524.8327
2199,30,85.85038228,182.530262,Female,1642.22669
4611,32,80.17036447,180.2358417,Female,1714.707683
7052,31,90.78968599,174.473866,Male,1806.02812
4649,36,59.3955632,169.6726314,Female,1341.060459
2333,21,71.19231878,191.5845444,Male,1781.460592
3908,41,64.71804155,172.36422,Male,1483.658109
1417,36,98.61286975,178.7594714,Female,1750.24452
4590,22,77.17425243,164.0773565,Female,1457.502756
1435,54,64.90742849,157.9638442,Male,1350.805159
3994,20,74.22680505,172.7604399,Female,1536.909858
30,48,54.87321357,156.7264368,Male,1355.281577
1894,32,81.63862427,169.1142028,Female,1515.564759
4532,55,55.53588337,158.0411476,Female,1092.834084
1177,62,54.09181337,167.9766579,Female,1155.609472
1353,19,76.53934028,173.7083995,Female,1577.513812
2680,59,63.17337473,150.9847392,Female,1161.947067
2384,35,91.54598484,156.7420042,Male,1633.330118
7397,45,73.45389523,160.9641345,Female,1311.90385
1738,21,102.6957877,203.2940033,Female,2116.215117
5814,28,116.3261557,194.5574363,Male,2190.206326
124,30,74.63890042,170.9983983,Male,1619.453262
1832,28,81.97479942,155.6372733,Male,1659.586554
616,57,53.20850771,182.7163085,Female,1300.137112
2375,58,74.21072488,174.2033245,Male,1597.284747
4927,31,48.78742904,176.6105105,Female,1313.261377
458,19,61.91634231,164.9126085,Male,1487.174163
3002,61,67.06315375,176.1528627,Female,1335.67637
7396,50,76.72302901,168.5960347,Female,1417.362348
4731,36,75.4823674,172.32506,Female,1527.342713
2085,29,88.4459993,179.5007066,Female,1665.138903
2536,27,57.83886722,176.3250686,Female,1449.056688
307,26,49.38100298,182.3146077,Female,1305.940316
8533,40,63.1106417,192.810243,Female,1499.206625
6616,41,82.3446607,154.79506,Male,1496.247497
2056,28,61.60182967,151.0599786,Male,1456.172002
7695,58,46.87073111,182.0720064,Female,1159.65355
2,33,56.49764908,166.3371085,Male,1385.967914
5126,39,47.77805913,160.0498854,Female,1147.675936
291,23,53.05460196,166.1408584,Male,1395.303901
7596,29,82.40038448,177.6388947,Male,1841.613707
7128,52,47.43036695,164.3444483,Female,1157.869984
6485,54,78.79008348,180.9477485,Male,1707.057976
1348,58,72.32318847,178.5817703,Male,1538.724687
5690,64,62.06436883,151.0290101,Female,1101.284651
8020,46,60.00000164,192.463167,Male,1606.83941
2927,25,83.90157769,160.1289769,Male,1627.35007
4517,28,66.07693725,190.1934729,Female,1589.936946
117,51,47.72206458,157.709222,Male,1266.750688
8992,18,55.54069867,146.3974351,Male,1301.236909
2510,34,57.90042994,185.4542329,Female,1486.629632
3447,61,61.73954558,189.2155699,Male,1540.915379
3668,27,88.9021725,193.1693345,Male,1962.209341
7805,24,74.84649772,171.776145,Female,1544.324875
7224,20,77.93587316,162.2670357,Male,1707.313791
6697,39,58.94221317,174.5822288,Male,1424.501896
820,27,75.78809391,162.4453359,Female,1488.756141
4793,62,91.93880771,177.1504386,Male,1715.644571
1822,46,75.27209131,151.8542965,Male,1485.683781
4495,29,62.04859321,157.7253136,Female,1212.582685
5032,48,73.53401043,185.4921175,Female,1545.285751
3939,25,80.64104975,168.9428613,Female,1524.545356
6901,50,104.4035956,145.0027574,Female,1529.659785
7336,24,92.07543326,185.2296872,Male,1920.625786
3216,34,79.83357885,160.0182049,Male,1627.578126
105,19,80.11896358,170.3447068,Male,1762.594403
4879,26,89.56432918,186.8104455,Male,1943.075251
1900,53,87.29254191,171.4008214,Male,1692.834296
7256,25,78.47269997,157.1073514,Female,1535.729528
6954,37,54.45630632,174.1617746,Female,1281.54709
3704,19,60.74115996,160.8451931,Male,1629.567913
7367,23,61.51741365,174.4249737,Female,1444.593634
8572,20,85.2024648,173.8034486,Male,1872.246074
5970,21,72.50589755,169.4317398,Female,1479.84007
2430,20,76.05972523,169.1553559,Female,1576.308873
8184,31,56.11488544,164.8903112,Male,1456.856372
8028,31,79.52966299,162.6997096,Male,1607.450686
1424,36,74.6222263,161.1912609,Male,1666.40549
6065,49,75.85255816,172.2003274,Male,1618.283633
659,50,78.13867512,164.6632406,Female,1357.755615
2993,58,77.58017233,173.6507477,Female,1452.01097
6536,59,55.3279117,170.8943829,Male,1337.429238
2348,37,45.22951783,182.1025322,Female,1257.377192
4083,20,69.68027047,169.5471735,Female,1504.240786
1091,31,86.47295103,167.3594343,Female,1519.703226
4011,63,68.69634391,173.2149583,Female,1360.151653
4527,54,58.82498703,170.3087464,Male,1370.064929
6350,63,61.12610396,153.6725828,Female,1111.14096
4762,48,75.12433489,191.4914561,Female,1480.901212
4829,24,63.29681835,165.6589416,Female,1401.496258
7510,18,58.94615001,166.9531219,Male,1554.482272
4675,58,94.13916273,151.2466425,Female,1410.103103
2649,42,82.36962794,182.3298504,Female,1621.195743
5146,54,56.94555486,168.3440863,Male,1246.717833
6154,49,53.88195103,183.738598,Female,1371.231309
6975,22,54.18054433,170.5194036,Male,1515.44267
6936,55,83.85954168,179.0334222,Female,1573.178191
7789,50,64.14921933,167.8736383,Male,1466.321337
4707,39,65.71913139,166.1117309,Female,1333.059373
7910,42,76.63220947,153.7835612,Male,1599.339065
3329,43,89.10022506,159.0425362,Male,1636.630502
1247,56,83.42611556,153.5159941,Female,1325.11874
1229,35,71.25886963,164.3786835,Female,1424.834758
7392,26,72.00706844,169.3198356,Male,1693.750256
1939,48,113.0059936,174.0624791,Female,1852.196794
7,56,58.08986383,162.6178332,Male,1265.747951
2431,33,93.31345481,161.5448726,Female,1589.518037
1249,19,70.57208128,161.5828204,Female,1450.27452
62,51,80.56512151,182.0910626,Female,1537.216805
1127,31,72.37900664,171.5135448,Female,1543.572352
4287,49,75.84369436,187.0646192,Female,1469.801192
6205,40,31.04287147,159.5077599,Male,1219.081445
5148,43,44.42997903,164.6133197,Female,1112.220343
5023,24,60.46522162,181.4563365,Male,1624.305672
8225,21,59.0042763,167.0021709,Female,1312.081133
665,52,56.57273171,156.5687422,Female,1181.815057
2496,18,55.15722944,177.1075217,Male,1520.721219
624,46,66.27433902,173.3797167,Male,1550.223956
1007,42,73.16447652,183.842442,Female,1546.761318
7228,39,54.56879208,163.5368133,Male,1388.820799
511,52,61.00175241,172.2714572,Male,1440.68416
2064,49,78.14613896,171.1505879,Male,1580.064511
8074,31,69.96501191,181.3318453,Female,1555.700727
4999,24,62.13958729,166.4892411,Female,1367.565902
46,54,80.44254584,175.9709099,Female,1397.991284
5839,61,84.74157687,180.1574057,Female,1389.090805
8719,33,64.10421999,179.8302922,Male,1580.814764
4606,48,58.89527102,183.8244595,Male,1391.351818
5594,29,44.34423846,180.5839398,Male,1439.675006
3964,58,68.42056343,165.3060515,Female,1331.697838
1539,48,52.94706082,170.9013785,Male,1346.739095
7688,60,91.17272354,151.9183827,Female,1460.138496
8527,19,88.51250195,154.1059034,Female,1600.067168
4900,36,65.50989985,186.938238,Female,1445.017986
7441,30,66.05791907,153.8686072,Female,1335.910139
1390,35,27.06735955,149.8410953,Male,1026.74423
3730,29,71.000499,170.6707773,Male,1631.038099
8864,29,83.7643448,165.8267238,Female,1457.656154
7007,60,87.80775879,186.5265099,Male,1800.490806
2428,53,89.2953022,177.5411256,Female,1638.666062
5274,25,69.33675373,166.7146806,Male,1639.119758
3241,62,33.63734963,168.9469996,Female,831.6380656
8467,22,75.26250772,183.6006309,Female,1688.717247
6263,56,50.28918028,182.5211501,Male,1283.722841
8704,47,102.6302169,176.5907746,Female,1847.609231
7192,46,64.80094442,155.0736968,Male,1445.661284
1200,45,71.06712423,165.2926112,Female,1338.937465
1797,47,77.99650637,165.1913963,Female,1402.68973
6644,19,48.28667694,187.2046588,Male,1608.243248
7628,43,84.0986343,176.3211623,Male,1704.355297
2467,49,74.34203928,158.9179071,Male,1468.021208
2813,52,54.96341897,153.8857432,Male,1175.228158
8951,62,75.54100572,160.0034899,Male,1421.877112
2072,24,76.47983423,150.4795245,Female,1367.292792
5457,46,62.95661664,162.0400883,Male,1503.62161
5774,39,68.02297351,182.1610153,Female,1413.694208
8085,42,52.36081056,152.6100014,Female,1126.834174
6850,55,97.23258724,174.9897431,Male,1759.151279
6369,22,80.28303554,176.6175796,Female,1660.037846
7029,29,56.95326724,171.8070692,Male,1427.464718
4428,42,86.24162469,166.8811221,Female,1574.95708
4588,32,67.73890156,158.493656,Male,1517.537459
7453,25,98.51585445,180.071369,Male,1989.482861
6746,41,62.04857639,165.1718104,Male,1429.604252
4563,40,68.13519016,158.3367155,Female,1194.666432
8446,28,79.41420906,158.0315781,Male,1581.75116
7108,52,46.57202182,175.4899522,Male,1222.941535
6237,29,59.59264073,168.1783235,Male,1515.508385
627,32,86.29605973,161.9492581,Female,1573.185711
6322,56,109.8387832,167.3955597,Male,1899.954171
4477,22,80.76873025,171.2781467,Male,1725.801371
1107,35,72.2932862,168.9177241,Male,1624.821328
5354,49,67.60787703,174.7289201,Female,1355.187566
4316,27,73.31926945,180.6255474,Female,1551.120171
203,21,53.07801228,157.9919928,Male,1473.212971
6703,34,68.12191188,172.8983718,Female,1347.056732
7520,47,58.27688793,175.1020187,Male,1513.890696
4437,27,51.23227647,160.4090224,Female,1210.195406
8912,54,75.19888936,159.3167139,Male,1587.483805
4200,33,73.90896124,173.6034198,Female,1509.260484
6592,56,59.93895514,173.5659538,Male,1528.55369
2069,60,32.62960705,170.0303468,Male,1049.077054
3107,39,83.19946258,181.4446862,Male,1847.530724
3180,52,75.65547821,166.7942138,Male,1421.91301
1501,35,70.51056831,171.8747482,Female,1453.167501
4949,60,63.08807343,176.141532,Male,1421.627245
3568,32,65.17181367,178.4625658,Male,1618.273538
5368,56,34.13208904,178.9243013,Male,1176.561333
366,60,70.14838893,187.3277908,Male,1595.852931
5479,41,68.80263143,176.3298187,Male,1578.298637
1102,48,91.58537857,178.7620406,Female,1540.162188
4433,64,37.23470126,172.0647019,Male,1139.724704
6076,59,50.16210685,159.8588322,Male,1149.275926
675,48,37.23973245,168.5510173,Male,1189.568484
5710,31,84.4943859,173.0302043,Female,1646.835421
5675,51,67.71120553,184.1516243,Male,1651.921824
2243,63,77.1183351,169.7858475,Male,1490.61548
5937,50,81.65044429,180.3920733,Male,1697.468109
1512,24,86.53912264,171.2358292,Male,1818.607604
5598,33,82.17465682,171.1944064,Male,1748.541631
7980,34,62.21618447,170.2719903,Male,1536.695068
5621,19,75.18223548,164.9439509,Female,1595.114142
5768,34,62.62114017,169.2268978,Male,1509.338796
836,35,80.93599726,162.3114059,Male,1678.478009
3829,53,74.98981422,150.8939034,Female,1321.09036
4042,47,64.52191718,193.1652389,Female,1511.670228
1541,26,67.22338427,175.040602,Female,1449.824943
2029,42,83.59246951,173.124209,Male,1776.565336
792,33,62.05650384,162.9451692,Female,1346.389946
2618,25,65.66058542,170.5447191,Female,1464.088417
1431,19,60.69888967,170.5540179,Female,1504.674236
6457,45,63.30438346,164.5616331,Female,1315.807379
4172,63,81.1347839,170.0150408,Female,1379.370046
7343,50,72.38168109,169.2821238,Male,1561.221924
7368,25,61.19739544,181.6336044,Female,1505.108352
1881,37,75.42484921,163.3248825,Female,1330.902483
4801,58,57.71790234,159.1056082,Male,1337.611579
7241,49,75.60314364,168.7863833,Female,1482.867789
1105,31,67.35945744,144.8928763,Male,1498.869729
5316,61,62.77902762,177.0785634,Female,1339.391257
4022,64,78.53007658,167.6317478,Male,1522.114853
3134,61,75.75966639,166.9851462,Female,1381.041857
6089,28,107.4193557,155.9649209,Male,1874.40127
1302,52,67.67416747,162.587609,Male,1378.269118
6787,51,63.91335328,172.5789836,Male,1449.668312
8993,32,56.35180522,161.7263032,Male,1447.357078
636,58,66.46116824,170.7527647,Male,1441.569927
523,24,58.64571194,167.5874318,Male,1498.671862
2959,45,84.25126767,158.8900567,Male,1656.816069
5956,53,51.49941708,173.1300918,Female,1073.897672
1110,43,80.94397914,168.1045237,Male,1544.82779
242,39,49.36693816,162.9792069,Female,1186.40383
8612,47,69.97107941,173.8708162,Female,1426.296899
2201,61,66.4288518,155.7009728,Female,1116.412729
2615,43,60.45562421,166.2033222,Male,1498.062315
5287,40,74.38193438,180.533781,Male,1632.362438
1775,59,75.44987253,166.354859,Male,1492.97435
767,61,70.67791406,149.2566516,Male,1385.503135
3328,62,65.41547906,178.5864605,Male,1405.86275
6680,36,61.86541442,164.6041837,Female,1309.096018
510,34,56.20690451,173.1937456,Male,1421.487528
8151,20,79.20102764,172.8257168,Male,1747.131053
4907,55,72.33858803,153.7057166,Female,1228.394203
7267,23,53.9428198,165.9143298,Female,1227.584596
8479,32,94.30868983,171.321413,Male,1806.864988
6820,27,55.59124143,178.5440943,Male,1611.15353
4922,53,75.68785265,168.0768691,Male,1514.023888
7190,61,67.55490385,171.7235547,Female,1297.404386
3623,35,52.44572134,164.3970343,Male,1313.970214
2107,49,67.10874989,185.5235642,Male,1637.803347
8828,53,87.51566125,170.1862191,Male,1662.797912
1895,42,76.28949328,159.3847914,Male,1610.595184
7963,63,59.69273299,176.3298362,Male,1415.435921
428,20,78.64031835,166.155463,Female,1593.52211
6792,54,69.08083257,176.0856385,Male,1563.816508
6597,40,79.53592275,170.6774042,Female,1553.232201
1350,43,72.32366846,171.2769707,Female,1407.479504
3381,50,54.123269,164.6744271,Male,1283.495057
1077,51,90.15404597,164.9295675,Male,1782.10674
4953,28,66.84771074,171.0404594,Female,1363.291691
1796,33,82.26428896,164.4170694,Male,1630.164569
656,53,47.48633836,168.9756026,Male,1321.534952
8816,62,81.82424624,161.1570796,Male,1546.167738
7871,62,61.71647089,171.6718426,Male,1437.777998
1697,23,73.53737775,169.745514,Male,1711.148914
3088,47,46.49324505,183.2061484,Female,1250.722465
5491,40,64.59106161,167.2952784,Male,1546.580033
7146,57,58.80635787,171.1299112,Female,1265.768346
7620,36,19.94097016,170.0687045,Female,990.8747828
5055,46,83.34096498,159.3368462,Male,1665.436899
6307,33,86.02549945,164.5399763,Female,1579.32525
7873,39,61.05098669,188.8016014,Female,1392.878176
3776,32,91.02909875,176.5088688,Female,1587.599818
4067,25,61.92805896,150.3476762,Male,1478.577927
3628,34,73.3099701,171.5571864,Female,1538.775697
8044,25,78.10345639,174.164403,Female,1567.884272
840,38,62.69265865,161.5041516,Male,1458.441027
2989,40,80.33664957,164.2074423,Female,1486.864011
1962,39,71.57433659,181.9770727,Male,1667.137632
8506,31,69.78530525,159.2415352,Male,1521.430927
4526,61,69.92369791,175.2136897,Male,1531.995684
824,37,64.65616016,169.5612028,Male,1566.517754
4232,35,78.44344808,175.6654567,Male,1728.702175
7395,29,65.53013096,180.5718357,Female,1437.387907
1883,25,76.62860386,165.9452312,Female,1610.56043
3841,39,92.22560698,188.0832917,Female,1680.199297
3517,33,74.11159518,176.3581214,Male,1797.599961
102,24,77.17331522,168.7862411,Male,1700.720194
7219,62,40.41471624,169.3220525,Female,971.7392986
4059,39,94.97069052,172.5086027,Female,1643.73096
1864,18,88.53741004,170.6421538,Female,1714.534536
6438,61,55.4390096,184.0547356,Male,1449.840388
5225,39,84.94014947,174.4346956,Female,1612.766792
1128,46,63.56737382,178.2877456,Male,1525.934605
1896,60,76.67682636,159.0758511,Female,1262.961081
3984,23,45.72700531,161.4616138,Male,1342.460281
7250,60,56.75649475,181.5493858,Male,1432.043533
6918,18,93.15462859,182.1745365,Female,1958.868022
195,56,67.20889439,169.0072054,Male,1445.938597
1924,40,46.93333218,170.3592635,Male,1391.435074
1482,58,75.99233987,196.630893,Female,1551.284405
1621,25,84.08833836,150.9730563,Female,1477.492687
1735,51,53.52833388,175.8011771,Female,1158.607297
6731,19,51.02943193,172.7907652,Female,1307.676931
8826,50,69.43394853,181.7817654,Female,1455.091524
3672,36,57.9719318,163.8829082,Female,1285.130894
6309,52,77.74154081,174.4495726,Female,1388.10407
2935,52,86.38985843,179.28866,Male,1718.22316
529,58,48.90632959,157.0986724,Male,1178.168612
260,27,63.86231581,158.872373,Male,1509.61671
8379,29,57.61943233,174.269936,Female,1280.633197
5796,56,67.6614306,172.0012051,Male,1486.037793
240,63,70.33256018,155.0935438,Male,1403.274669
4215,53,101.7442644,166.2508332,Male,1875.324731
1409,22,65.06372111,169.0361108,Female,1440.695399
2501,46,84.82050683,169.8751059,Male,1661.279588
5753,48,62.68527722,177.9856852,Female,1330.79201
8315,39,74.30546165,162.0401023,Female,1455.317527
3838,42,81.8839582,170.3754809,Female,1469.39265
2182,22,53.53528453,173.396244,Female,1397.541234
1680,26,62.30998671,164.2551079,Female,1365.150313
7547,39,79.12320674,178.5968085,Male,1713.238957
858,46,64.92415034,166.7548876,Female,1336.997105
125,22,69.38507966,182.3229516,Female,1545.29538
2310,61,51.46648148,179.3641222,Female,1176.409438
3153,55,76.6747259,159.2892955,Male,1515.433333
7203,25,55.01940747,164.5587218,Female,1320.059004
4226,32,72.38043524,182.7355728,Male,1619.261869
8911,27,82.88740685,161.7558131,Male,1672.694044
8845,33,88.93311975,175.5329118,Male,1793.979414
561,60,80.71183356,155.4601794,Male,1458.016518
909,30,64.10644391,181.187436,Male,1526.620395
5089,29,78.15089646,173.0578938,Male,1647.081143
8800,63,47.21597535,177.0699173,Male,1330.079618
3407,64,51.68038925,159.9417311,Female,1031.869568
6257,62,83.76893182,195.088907,Male,1745.182142
6459,36,89.47458836,190.8697198,Female,1775.787376
504,47,62.52138142,180.2660668,Female,1356.059069
91,21,74.62853684,187.1160552,Male,1767.628511
4887,30,74.72392984,166.0185976,Female,1560.463289
903,36,81.19844295,142.5482605,Male,1558.870423
2121,23,56.94286357,161.1605148,Female,1273.524703
8670,62,60.74860666,169.7958545,Female,1251.125383
694,29,73.94733657,176.4666202,Male,1738.716786
8395,41,41.21315476,164.4353899,Female,1108.124994
3349,24,93.16838399,160.9199508,Male,1748.086685
7187,24,61.50724923,179.9973136,Male,1628.881197
4928,22,45.80717922,166.9109284,Female,1186.797966
2686,46,64.75281902,167.5443101,Male,1402.252494
1845,52,49.39219224,166.7438131,Female,1119.577845
8150,44,88.87610558,160.8839572,Female,1488.614233
4726,23,71.71811008,167.0404879,Female,1512.048964
4920,25,71.73313496,150.5998992,Female,1267.117433
8473,63,79.34829781,163.8861758,Male,1426.807034
1642,34,71.19213023,170.746048,Male,1639.11391
258,22,96.35741541,162.8202953,Male,1958.487254
2159,20,84.29512205,,Female,1491.640782
2209,36,89.64718723,161.7590878,Male,1745.069751
5208,64,84.19106942,198.7400779,Female,1590.296055
4600,60,84.33004987,159.962021,Female,1336.726989
4003,48,65.11418819,181.6623817,Female,1487.718526
15,57,66.07853789,162.4215169,Female,1234.286554
8137,18,59.17207388,168.5390947,Male,1495.170502
4956,63,60.73556589,168.668862,Female,1154.433095
4785,50,89.02364478,171.4084297,Male,1650.589602
5706,56,94.34107153,169.8946666,Male,1651.275965
1395,63,52.48901909,170.8383757,Male,1314.1927
8744,48,56.47751795,172.617399,Male,1406.671246
4441,24,51.03588797,169.5899295,Male,1512.417494
2515,19,59.58400858,178.4728809,Female,1328.277651
57,42,60.77510314,174.7443082,Female,1359.447785
1686,57,83.6605869,176.4694161,Male,1628.557947
7921,20,57.60514486,170.7488034,Male,1486.149904
3075,26,78.3341717,175.742953,Female,1557.530422
5791,63,65.29512344,167.8149561,Male,1366.525894
5590,22,66.919959,169.9767949,Female,1463.297837
769,44,59.29504942,170.9703366,Male,1480.728732
8727,36,65.79641252,189.2768139,Male,1652.798191
2758,35,76.38842612,168.6266339,Male,1670.471476
1633,30,73.72184775,172.7691675,Male,1732.542572
2598,22,71.60599931,153.605382,Female,1342.907348
3948,20,39.60849529,160.605708,Female,1134.87879
2386,50,78.78372727,160.7461676,Female,1343.347459
1412,29,68.26627303,170.2628966,Male,1628.666639
3715,43,83.07421395,184.8881436,Male,1765.885576
5198,22,62.13338766,171.4341873,Male,1631.406032
7024,51,58.27957561,174.8855321,Female,1261.406501
3123,60,73.34275364,170.7076895,Female,1410.994234
442,29,51.81509486,164.5654025,Female,1225.834388
1505,55,57.72701252,162.8170512,Female,1212.672684
1812,61,47.69665871,176.3903575,Male,1345.243614
6627,29,94.06020009,166.4030963,Male,1809.351967
1666,46,57.05770702,173.4261567,Male,1419.797431
6009,64,71.29493847,170.3284049,Female,1307.615621
1979,30,81.82279117,173.6640325,Female,1665.356561
7682,44,68.68527741,159.7727761,Female,1251.54807
8228,49,74.12956908,171.732412,Male,1612.480289
4593,46,64.76862867,186.1019661,Female,1526.479699
5667,30,38.64963686,170.2270641,Male,1310.186914
4559,42,91.13859074,168.0226284,Female,1605.788598
1721,32,73.89747125,167.8263238,Female,1407.608597
8774,46,73.18417312,159.5363213,Female,1377.702299
3034,35,78.25210566,171.342482,Female,1564.712373
4029,25,85.45720532,162.7979664,Male,1728.912107
3331,23,65.87527723,174.9705837,Female,1525.919956
5955,47,56.04735102,174.132449,Female,1190.667966
2524,23,66.88082642,170.3177518,Male,1653.170464
7309,35,96.69887292,181.7667793,Female,1801.136229
2717,19,62.31532648,160.6896022,Female,1359.632172
3644,37,48.32834263,178.8871392,Female,1207.837033
8002,34,56.71236456,171.4589858,Female,1263.510241
567,55,73.68328235,165.9932192,Male,1487.124109
3520,50,78.08068778,152.7277512,Female,1348.900342
7919,20,65.9489796,182.4445072,Male,1689.067801
8962,40,86.66188326,163.5619599,Female,1610.290754
5830,42,69.58647182,159.0876979,Male,1520.533425
6221,57,78.5594833,166.0221888,Female,1385.705562
7498,58,75.36643228,176.0503872,Female,1413.036493
2926,35,83.04746741,178.6574877,Female,1525.063028
3176,43,92.70044131,170.4901902,Male,1765.238557
1964,22,95.56124495,174.8987424,Male,1896.254272
8940,43,86.70585464,174.179615,Male,1823.420557
5532,34,70.7681471,162.4875075,Male,1468.013546
5789,26,76.21934382,186.4906581,Female,1688.821036
583,50,68.13656143,170.4943183,Female,1342.918128
3406,50,51.40647167,187.018736,Male,1425.666299
104,60,42.70370241,167.3062593,Female,972.122931
5715,41,70.65222734,156.4328199,Female,1276.768502
3720,25,57.39992771,190.4169261,Female,1569.105237
4445,34,42.72745083,185.8201795,Male,1464.019313
8252,35,82.23506344,175.87107,Male,1698.456656
1232,52,91.85647299,169.8939925,Female,1571.278743
5718,23,77.94178396,176.1528617,Male,1766.346943
1404,55,78.70235512,164.4497867,Female,1373.246736
2994,35,71.17806876,172.9222252,Female,1394.989573
4592,63,71.0206925,162.7738344,Female,1196.511466
7354,61,83.51627229,176.8176985,Male,1634.024368
986,26,74.2136581,156.9548303,Male,1611.487156
7941,56,81.39335173,163.4462724,Female,1306.952847
8141,57,61.13392443,180.2423711,Female,1334.936858
1464,57,84.09835422,184.5925486,Female,1535.229431
2139,36,70.92951166,159.0778045,Male,1409.487319
4937,28,87.40445269,185.9031875,Female,1707.510632
7762,30,56.67375151,190.7611536,Female,1519.252766
4604,27,64.5400772,164.2836595,Female,1383.106045
4601,47,76.34587091,172.9228695,Female,1422.354908
7537,38,73.33401026,168.4701917,Female,1432.628404
920,27,53.29464083,151.8211044,Female,1231.426849
8187,34,67.55826066,181.2757532,Female,1486.113754
1560,42,65.48567078,182.9476797,Male,1695.772114
5119,38,43.68447712,161.0336329,Male,1398.228108
1550,28,45.04464095,154.546294,Male,1396.540752
1591,23,67.3596488,172.7537948,Male,1718.251943
3673,41,30.32839401,164.579625,Male,1187.413356
7335,60,77.51300603,170.8727422,Female,1462.404523
8798,26,84.13144485,152.2828798,Female,1420.003054
7372,57,58.20563097,161.7724142,Male,1321.629629
94,36,55.49483504,165.6800784,Male,1373.983213
7673,21,61.07324489,154.5033249,Male,1401.732052
5262,29,92.09040843,167.5776534,Female,1604.816891
8963,32,74.94738039,182.4846676,Male,1761.007564
1620,61,87.59931042,165.0527095,Female,1426.470847
1360,29,59.44579095,183.2933596,Male,1539.986057
150,39,74.77813361,160.0737823,Male,1596.698665
3260,52,68.88386132,180.9365942,Male,1544.913169
6372,57,65.02290039,162.328621,Female,1183.912448
1691,30,73.83235873,172.6260038,Male,1833.337554
1556,64,58.24644746,164.7900286,Male,1382.187292
1967,40,66.4354977,179.0786404,Male,1469.247141
5994,27,67.81908416,153.4088752,Male,1455.430951
7565,64,63.79244781,168.8691119,Female,1213.892904
2111,27,62.99356146,163.6415529,Female,1397.242088
4643,60,65.03754399,191.6588238,Male,1526.534916
5271,62,59.49190404,171.0060068,Male,1449.914414
4149,32,61.65777749,155.7891376,Female,1299.241516
7234,36,74.50012787,171.5876615,Female,1495.304025
210,34,68.87363207,165.4490543,Female,1403.83968
3291,46,84.80278535,180.379371,Male,1721.641341
1402,28,62.70191063,177.0634524,Male,1605.947666
5237,56,96.80757834,173.5707998,Female,1639.626019
224,34,82.98617875,157.5703282,Female,1383.742161
2454,,95.45919874,161.8093543,Female,1600.861795
1635,18,103.3372575,182.6945139,Female,1804.251632
8491,42,89.7469075,195.5340016,Male,1851.004469
1991,22,76.53486487,155.7094541,Female,1452.071462
4118,49,61.04382427,177.972253,Male,1519.304833
333,20,63.65839455,180.7981209,Female,1546.304416
422,56,54.24734543,176.0442189,Male,1386.295957
572,57,58.55041585,159.8142394,Male,1321.501414
8970,46,57.26739819,169.6030289,Female,1191.015496
3547,27,76.12369467,157.2954092,Female,1412.604079
3651,24,95.19805027,168.1110813,Male,1924.841841
4145,31,79.48534996,171.4164543,Female,1513.366519
6155,38,76.13245686,183.2302138,Male,1729.578747
2229,51,63.67578253,160.9557279,Male,1405.723244
6722,24,44.40064512,171.6006125,Male,1356.077984
8235,42,44.69119185,183.0141866,Male,1414.096448
773,21,78.94441976,155.6566751,Male,1733.734988
8375,64,71.7480112,179.6676498,Female,1370.369302
1993,40,72.38693042,184.9761617,Female,1475.524019
1046,49,100.6665168,169.65505,Male,1757.223156
2587,50,68.50799933,182.5709533,Male,1670.283619
6164,58,71.98348741,160.465096,Male,1440.770393
6977,56,63.85181597,155.2193216,Male,1366.246273
2676,63,70.91016359,167.6791661,Male,1492.001756
5634,21,57.18264233,182.6509471,Female,1424.3264
884,25,89.59183888,165.0148964,Male,1780.585888
4379,33,68.7316052,169.0934241,Male,1628.37945
8127,36,39.2464844,167.5031975,Male,1326.472936
7204,57,79.96990828,157.0952792,Female,1263.550153
8377,48,84.55973329,164.816433,Male,1713.371651
2005,38,67.14528151,164.5217808,Female,1286.585443
234,19,51.49538839,176.2878903,Female,1337.279421
1280,22,72.23455675,173.46616,Male,1622.445631
7433,22,83.15701427,176.3157056,Female,1759.842194
2604,27,63.81794243,167.8170187,Female,1369.551021
3698,36,25.89625751,175.5481874,Male,1133.78809
92,58,66.58951518,186.816807,Female,1485.732376
7622,37,67.97351687,177.6782702,Female,1378.086342
2319,48,55.03465491,157.1267539,Female,1095.966143
2908,57,74.78451106,163.1838841,Male,1533.130949
8432,51,92.69318112,151.9691534,Male,1652.071306
3711,23,96.83658456,185.1139171,Female,1858.826458
938,31,70.92217856,173.0545675,Male,1595.68326
1992,51,68.66709763,160.4468421,Female,1303.37984
8421,31,45.11222868,173.9810511,Female,1168.924018
2743,40,91.36222921,180.3743251,Male,1819.435036
296,23,56.32368712,158.1162055,Male,1480.315032
3047,61,78.7617699,171.5793513,Male,1587.055227
3220,30,69.28221095,168.4222394,Male,1700.023325
5812,20,44.0891501,192.297477,Male,1552.298497
5980,24,79.16412284,172.8703979,Female,1660.582597
6223,31,69.56279053,167.4380273,Male,1526.822447
8511,52,61.01472495,160.5369326,Male,1321.11115
2842,58,70.99998589,163.831067,Male,1425.166837
6603,27,50.05966904,183.7141158,Male,1503.858938
5552,19,83.33060905,177.5738791,Male,1905.848038
3719,22,70.84184047,179.4054916,Male,1711.730327
5497,45,86.29443669,178.6494582,Female,1539.306461
5107,21,73.1596196,146.9268778,Male,1536.866941
3518,49,29.55212011,172.1414269,Female,1085.089841
79,50,67.18823957,185.9536465,Male,1594.212634
6613,38,72.07373615,159.5389688,Male,1489.654643
2563,61,81.02656029,163.5242072,Male,1483.022401
2084,52,90.71842479,168.8540236,Female,1559.884646
4993,53,66.25364295,167.4428135,Female,1302.396379
8952,26,68.1949631,178.9255881,Male,1598.412551
3437,34,84.68701112,169.0170624,Male,1668.23317
4196,28,48.96977662,178.7442082,Male,1483.903813
898,32,71.74331043,176.6679904,Female,1516.166797
8364,41,80.98980712,170.0921139,Female,1399.091126
3619,40,88.12808002,168.3404111,Male,1725.724938
2869,51,79.76159786,167.7654765,Female,1448.717907
4095,61,54.08867148,142.4222057,Female,899.8559551
8806,28,58.22604944,175.1067788,Male,1496.833932
6512,20,109.5672189,164.6280327,Female,1822.809759
5557,21,85.21855159,164.3847201,Female,1616.56601
4407,50,79.34678336,167.2473918,Female,1494.411402
1067,51,66.85981395,168.8923822,Male,1506.725861
8015,59,56.97247959,163.6167487,Male,1253.112092
3765,40,52.69869682,165.9951165,Female,1115.103691
1544,23,62.28251669,176.7329258,Female,1415.099176
3848,60,70.35495378,179.5548874,Female,1386.255346
3687,19,51.42824379,154.6938221,Female,1237.754271
1743,59,81.66407563,152.6120323,Male,1507.626239
314,26,75.93025133,176.2612096,Female,1637.664061
5533,52,76.02266152,179.1031153,Female,1416.412381
3048,45,65.2149507,166.7769573,Female,1270.344043
5941,22,58.86369149,177.6652644,Female,1517.97695
2939,54,54.09401096,175.8388332,Male,1342.246
5882,36,58.03251891,159.817777,Male,1337.263376
6747,60,57.65019805,193.0020396,Female,1245.701797
5875,23,56.59987709,180.0491447,Male,1511.407114
3276,32,71.64620404,162.9127954,Male,1590.913919
3997,58,57.39664879,165.6952888,Female,1134.145416
8332,56,72.41118796,189.349733,Male,1607.639795
7656,53,60.41989268,166.5211563,Male,1355.773917
4607,41,73.65261075,162.9432966,Female,1388.121788
7505,33,69.98382823,192.5797059,Female,1595.43516
4313,24,93.68422206,160.3942158,Female,1746.083772
1336,46,48.34529559,169.9707665,Female,1191.387321
4976,47,60.05470825,162.5787695,Male,1337.873314
1219,23,70.36811107,186.7265728,Male,1802.755531
2706,22,59.93046137,170.9362323,Male,1535.421017
7529,42,93.0137199,170.4626689,Female,1631.431822
8295,59,49.45182757,183.5818196,Female,1185.990234
2314,56,98.35218007,176.5861816,Female,1747.125512
606,49,56.17463255,180.012184,Male,1421.612747
3423,24,85.14085632,183.1210649,Female,1766.347197
600,34,53.07267458,176.7219054,Male,1477.545773
1356,20,93.85289144,169.195141,Female,1814.607368
5906,34,60.35051409,172.3035187,Male,1412.103867
1037,36,76.66416937,161.7558085,Male,1625.903769
7859,57,51.75339018,164.0337304,Female,1027.591269
2623,57,58.63307129,169.635479,Male,1372.862791
2839,60,87.41277554,187.8521549,Female,1605.45851
8413,32,62.17727641,171.9014503,Female,1420.474283
3299,57,72.39479344,168.1354963,Female,1225.66341
7162,26,46.34939307,178.6212651,Female,1312.775405
959,49,75.26996591,171.7286825,Male,1546.214613
5421,30,72.18654336,182.1475683,Female,1534.042824
455,24,64.82321202,159.3122137,Female,1314.800215
521,44,70.52161942,164.9957567,Male,1497.087328
6584,34,62.90822947,157.8949353,Female,1282.071069
5697,64,74.09965362,171.2562497,Male,1480.961522
1760,34,64.48104449,165.33613,Female,1274.597722
5445,44,59.82015975,156.2614868,Female,1227.992637
197,64,64.7688923,164.0832625,Female,1208.710327
1367,34,77.79086541,166.7812551,Male,1692.416934
6629,59,83.62979293,169.220424,Female,1445.495685
7161,39,87.44503967,166.0272816,Male,1722.590742
8147,43,93.95402952,154.9216949,Female,1459.81756
7503,40,64.31839226,174.1092263,Female,1420.849793
4290,63,61.54061417,166.2527129,Female,1242.188918
1274,31,92.2730208,168.6628403,Male,1758.50951
3341,42,85.87891219,157.7978897,Male,1698.679697
3350,31,68.41189626,183.5875572,Male,1702.578645
4376,64,67.9520773,178.0399816,Male,1453.201604
6836,54,65.38799466,170.9103776,Male,1511.934983
6770,54,74.81039918,156.3012883,Male,1550.356119
8699,29,89.50839083,158.5798295,Male,1801.817633
1879,55,55.22002209,164.1563531,Female,1155.802871
1036,35,83.19068424,167.4688162,Female,1678.782004
8767,41,85.55528913,160.8571738,Male,1648.755934
5049,60,51.66592818,180.1027967,Male,1359.126646
8989,52,105.3752407,171.3407922,Male,1867.028937
6649,63,62.00875631,165.3784023,Male,1341.636911
2221,43,105.8601568,169.675036,Male,1938.121777
3847,22,85.56590933,169.1064997,Male,1814.329208
992,31,72.32610284,158.6296246,Male,1622.066563
6807,22,51.49622417,165.0940194,Female,1299.35733
7023,18,65.47236013,166.6337314,Female,1520.839851
3251,56,72.96997153,179.4904824,Female,1441.609258
6711,32,71.55320042,189.5278976,Male,1646.231935
3988,50,42.36639609,169.6181097,Male,1225.210501
6468,22,63.39837743,172.4834259,Male,1575.644776
5218,34,83.88454461,182.0021802,Male,1753.461451
2205,55,81.64464429,148.3788393,Female,1336.967863
8216,19,58.95747988,174.4651074,Male,1573.469804
5244,62,68.47389703,172.8151092,Female,1232.467183
5957,23,79.21891191,165.3293081,Female,1577.163429
4402,43,76.28221721,180.2701969,Male,1613.271891
3225,27,85.98183616,161.1300078,Female,1570.645309
6069,64,62.62346264,178.4278853,Female,1254.43142
5431,48,64.82274756,159.4890639,Male,1320.807839
8005,49,57.1631537,175.9522947,Female,1323.434341
5409,26,80.26114487,160.6426652,Female,1586.577157
6510,26,57.06740684,196.417854,Male,1685.797265
8438,35,76.8259796,175.9350842,Male,1681.600987
5674,64,105.1891462,174.9674271,Male,1852.309466
6087,27,50.95944266,188.9687643,Female,1431.155817
8691,36,59.14258712,175.5491647,Female,1358.863556
4018,35,67.5711634,167.0173953,Female,1395.622203
5016,33,81.81485539,164.0099646,Male,1655.135191
1137,40,95.62282564,170.8785386,Female,1722.082384
3007,60,77.55211568,177.5481487,Male,1688.512879
7665,52,63.15247184,178.4873824,Female,1250.652067
3642,26,93.1282659,176.2080533,Male,1909.173598
8978,41,90.47141098,166.7407672,Male,1755.887545
4955,24,78.08984538,176.0760108,Male,1790.951406
75,55,52.45226357,178.8564586,Male,1319.852577
7862,48,70.37790363,172.1366642,Female,1284.235759
1025,30,96.01833698,171.9216593,Male,1903.362798
8372,62,79.57388941,185.0000635,Male,1610.23797
5640,37,42.40984274,181.8394193,Male,1376.660352
3792,50,72.88153269,175.6492837,Female,1470.700859
461,57,58.33709429,177.837303,Male,1448.689971
1490,62,62.77679083,180.3965322,Male,1446.761555
6567,51,90.53110457,168.4075998,Female,1571.625857
8765,20,49.15315932,172.6684499,Male,1580.223921
3993,33,77.79829516,172.6360511,Male,1676.024537
2859,25,78.89703792,171.0873205,Female,1604.862316
3432,45,54.36417542,176.2854945,Male,1457.581378
528,54,45.50720411,167.446322,Male,1242.203559
7543,18,71.49100813,172.1075698,Female,1581.035257
2824,56,79.76810292,159.7155975,Male,1525.958493
4377,18,72.33921711,176.9814453,Female,1559.720435
3890,41,73.25833325,183.3250374,Female,1496.304733
5864,46,58.10234114,166.5840913,Female,1197.454038
4851,22,71.86601018,170.2025822,Female,1472.953229
3850,58,64.03992629,158.8554895,Male,1312.505124
8930,54,72.77081473,165.9595675,Female,1301.502832
783,20,62.53980056,158.8941691,Male,1544.142864
5470,45,87.04210024,174.5574733,Female,1589.666384
747,56,60.69811168,184.832882,Male,1552.40911
1829,46,45.36788599,166.7987985,Female,1180.27448
5435,44,48.2608279,157.2895943,Male,1166.228772
1051,23,75.15402572,157.6041845,Male,1602.117837
44,45,32.44665958,174.1121584,Female,1016.70859
8219,54,59.22646474,190.2534732,Female,1388.812585
3878,46,56.46530587,168.5370722,Female,1163.136926
6149,41,94.63851924,176.004223,Male,1805.581688
3460,32,74.76013308,181.0575151,Male,1717.722859
3374,29,63.75704613,172.3712694,Male,1500.337277
8261,59,72.92168427,168.0984604,Male,1476.506397
4252,38,57.20722299,167.2978816,Male,1392.620333
8948,44,70.74668155,164.8037743,Male,1532.665895
6800,58,73.40708954,174.8122387,Female,1468.886471
3577,62,63.19590529,178.0116899,Male,1417.282885
5144,42,75.17187613,176.7642843,Male,1522.371901
3130,41,81.20203767,162.0190317,Female,1383.572183
5944,54,49.76052046,162.0698455,Male,1293.501198
2967,19,80.87475916,178.581865,Female,1716.042148
5705,30,46.07054033,176.4705417,Female,1294.580368
8926,29,74.32596671,173.5762484,Male,1656.356856
8732,24,90.84015934,160.6112784,Male,1797.302872
7265,39,64.77508035,171.4362694,Male,1593.601939
609,54,70.1972638,181.7081237,Female,1404.885073
3925,,78.2482094,189.5544827,Female,1488.064196
6217,37,75.31423929,156.1817416,Female,1389.212327
4419,55,43.1373017,170.4779599,Female,975.1669616
3805,22,69.68431029,185.4784551,Male,1685.325188
4136,28,97.38077455,183.3718814,Male,1946.182373
8251,43,70.4843152,172.3881355,Female,1422.718967
5961,21,60.78944294,166.5816722,Female,1406.813754
1856,30,34.70705036,197.4626186,Male,1465.717059
7324,64,71.08446157,176.2010956,Male,1495.062732
3224,64,52.63850063,165.8352441,Female,1108.114415
2763,44,72.34073157,154.6039456,Female,1329.174466
4736,38,100.6576583,172.7066392,Female,1696.982592
398,29,93.2400775,176.6476699,Male,1921.027235
2915,18,57.74998843,171.0684934,Male,1596.217702
664,37,64.01194519,181.1447751,Female,1353.806304
5840,27,73.04250933,184.1659522,Male,1800.520845
8878,35,66.25012046,167.510579,Male,1568.530777
7189,64,53.06318638,177.0145983,Male,1294.771273
5911,57,89.4340469,173.4457996,Male,1669.287622
5006,48,70.78532763,183.5109172,Female,1468.339551
2311,57,93.44723508,157.567227,Male,1635.466789
1936,47,83.21706176,179.1219992,Female,1589.51363
3036,44,102.1481567,168.4399338,Male,2001.856421
6472,41,79.28368127,173.381452,Male,1719.241859
525,61,76.76060442,172.5928664,Female,1308.928355
8564,31,79.89302778,164.0454351,Female,1430.50949
1222,44,62.60549592,180.1037832,Female,1316.678129
4069,18,75.65872093,166.9569944,Male,1703.480818
8876,19,87.67967989,165.6984008,Female,1632.942613
4523,29,74.95741171,146.833527,Male,1491.316266
3248,31,62.39050498,169.3364589,Female,1297.386454
4076,28,75.33673307,180.7490849,Male,1765.26517
994,63,55.08816642,161.2977949,Female,1128.784132
3408,36,71.22896897,168.8899133,Male,1594.399012
2637,38,52.46718232,151.6821589,Male,1294.057773
2663,37,74.03788397,176.4156877,Male,1636.158705
8027,43,61.93472116,179.4014475,Female,1350.847877
8347,61,93.33797204,172.3203898,Female,1496.99856
3526,22,70.39161258,175.9692016,Male,1615.430923
5964,28,55.21779706,166.265804,Male,1431.025214
4862,27,54.75491158,176.2963998,Female,1290.636602
1784,31,69.08425901,183.1709824,Female,1519.742384
6579,51,94.84674011,175.1271485,Male,1763.086249
2733,47,59.25542678,177.5523492,Male,1429.717774
1756,39,43.80507297,153.7552892,Female,1128.654849
4628,40,96.91429675,163.6373341,Male,1796.541713
6213,61,75.3047855,180.9306204,Male,1647.903921
1565,34,71.75614564,169.2290954,Male,1582.247752
2630,54,65.85963138,173.6989032,Female,1378.705746
4898,52,58.7722823,176.6923421,Female,1159.727476
5509,47,91.07102769,165.7475503,Female,1608.677972
5379,64,74.16699511,169.361802,Male,1415.55409
7769,56,65.01044115,176.6435073,Male,1586.923482
7595,23,81.64298674,157.3464643,Male,1700.998795
1156,48,72.6414391,173.6246789,Female,1429.555154
1239,43,102.8960466,154.4249902,Female,1620.500166
36,37,79.52290811,173.1978561,Female,1490.418952
5603,61,78.23342199,162.4749554,Female,1320.971144
345,59,83.69773665,176.3201258,Male,1606.249746
1454,22,68.38859533,153.7415994,Female,1320.339399
6604,45,42.50066196,166.3780508,Male,1217.51659
368,57,92.88601017,165.9144016,Female,1512.580013
599,60,56.36117414,158.174267,Male,1362.154654
3109,38,60.49613119,180.8024168,Male,1561.118109
2835,55,67.17279971,159.2144386,Female,1230.379735
8042,25,68.83090033,167.0511763,Female,1386.529466
1497,63,66.52631117,188.0032227,Male,1603.45273
6185,45,77.33227172,162.5645133,Female,1444.854966
5744,18,52.73579889,174.4776199,Female,1321.297093
496,47,78.90657276,173.1590197,Male,1593.878672
3790,19,82.65916826,185.4069588,Male,1950.161232
6408,58,32.78060417,177.736021,Male,1191.654506
3238,18,70.7943106,180.734754,Male,1718.019197
6024,40,81.06945252,163.9194867,Male,1635.668975
2355,39,46.55168102,195.0843617,Female,1313.691785
3865,35,86.65025556,180.325906,Female,1665.232649
6159,26,54.70289196,157.8709022,Female,1247.017533
2272,30,84.34737132,173.9770905,Female,1611.764603
83,59,69.24103143,171.6889943,Male,1682.62306
18,45,73.68443768,158.480809,Male,1497.186426
1933,44,69.46116391,171.178296,Female,1453.384498
2385,54,98.22908278,174.4738055,Female,1662.201926
1906,47,63.87319533,164.9103184,Male,1433.592005
6292,30,55.36736151,158.6353956,Male,1462.83817
1926,55,48.06402867,163.3308681,Male,1252.745726
2911,23,54.71644732,182.6013928,Female,1356.851704
555,48,63.50492316,156.2976707,Male,1378.742303
7473,32,48.34858864,150.6386167,Male,1335.148506
6445,50,77.74319182,161.3222796,Male,1598.238805
1724,48,101.4543479,181.8327449,Male,1910.220731
2761,43,84.55548374,170.069689,Female,1496.616511
5326,64,71.28825347,187.9786613,Female,1362.721122
3637,42,79.44402028,162.3906927,Female,1454.872974
8334,53,84.34132774,169.9978041,Male,1621.818364
2827,30,80.26916321,158.7651833,Male,1612.375282
3659,22,76.85376184,145.5486979,Male,1621.201057
7477,18,51.26847132,158.4060699,Female,1262.139786
2997,32,79.77686739,182.6344223,Male,1796.092433
7994,55,70.40966593,176.3512316,Female,1397.912848
2259,30,75.5348391,161.0445924,Male,1707.941702
241,56,74.42742533,166.8230211,Female,1248.776234
8161,31,79.47081652,171.8878933,Male,1711.769151
3227,48,98.33509509,167.2444114,Male,1828.981674
201,52,37.65092143,185.2333016,Male,1408.103544
1676,62,62.08684904,179.5198742,Female,1267.557747
2517,49,74.30129221,170.0393098,Male,1570.822404
2620,35,54.88305205,166.4451523,Male,1413.295192
5190,34,85.06954399,159.5392919,Female,1532.188345
215,60,79.07265837,162.0908223,Male,1591.623241
4670,51,71.72450263,162.5656533,Male,1545.160532
5617,30,72.77320182,168.0220089,Male,1650.02017
3459,60,82.13025877,164.6775328,Female,1377.175685
682,20,70.45997859,161.6746063,Female,1484.501464
5300,18,50.46412249,177.4344746,Female,1248.151428
1527,38,62.80727516,154.5096339,Female,1227.79598
5053,40,98.75385928,178.2917108,Male,1861.115713
3874,61,73.93364715,162.3245009,Female,1304.915398
6441,49,75.63623308,169.769372,Female,1429.134706
702,52,57.89415652,171.3878926,Male,1447.84317
8359,54,52.93595387,181.7182609,Male,1411.267669
8510,31,74.67442974,165.6760747,Male,1620.830587
1138,46,75.74236704,173.3315765,Female,1442.050409
669,61,58.26707716,185.8924435,Female,1242.39507
1433,42,71.14420749,172.900142,Female,1387.333754
8965,25,94.35397841,163.6416631,Male,1833.549162
1779,21,67.91836508,175.7050221,Male,1681.81769
1397,46,82.21120365,157.1086136,Female,1316.916669
6315,49,43.93964512,167.8930952,Female,1102.217816
5613,63,73.51499206,183.1007881,Male,1534.907038
7468,27,75.0838358,178.8534773,Male,1792.742115
189,50,73.06453703,165.1278188,Female,1364.007313
6564,53,80.21179043,172.668001,Female,1455.793675
2806,46,76.2430709,180.4475105,Male,1695.497385
1129,56,56.11749738,159.7102581,Female,1105.934995
340,34,76.11246029,165.0943913,Male,1584.001319
3217,20,60.75243989,173.1089495,Female,1388.803522
2904,57,95.18668799,174.7444177,Female,1492.405386
2508,41,103.0781813,174.348568,Female,1759.410643
4484,59,69.44845623,177.5662531,Female,1430.804582
3255,41,51.52219646,158.9198488,Male,1377.004645
5099,54,49.27176275,160.0456189,Male,1221.440101
2636,50,71.50197415,173.4125561,Female,1348.865146
8022,33,96.49931777,158.7636353,Male,1850.108392
7165,55,72.41929671,181.633205,Female,1456.191301
153,35,87.56126307,169.110408,Female,1480.167243
8280,23,110.8540881,171.3902268,Female,1815.633658
1912,29,54.28224018,164.8338796,Male,1432.189757
319,51,62.30868548,169.648984,Female,1260.796222
2634,48,39.72481998,187.0154859,Female,1112.183565
8630,64,78.95703551,175.6456871,Male,1597.7584
4855,23,76.595229,179.6956286,Male,1789.311985
409,20,96.79209637,166.4390048,Male,1940.721844
7933,63,49.56352315,165.8291722,Male,1113.126108
6387,51,60.60983438,155.3855175,Male,1280.321403
462,43,39.26895264,173.5529741,Male,1401.000449
7044,20,59.9303264,172.0417119,Male,1564.761005
2538,33,57.38735654,173.1242851,Female,1267.289337
5017,51,55.89796001,187.1426954,Male,1523.498212
7262,35,70.28295197,171.9591288,Male,1598.001709
4962,27,98.78399293,173.3635276,Male,1938.982457
2885,49,83.84285401,161.7014754,Male,1659.930885
3639,51,89.5255336,159.8351916,Male,1631.139185
7902,22,89.11606567,182.3959831,Female,1814.061143
6193,36,76.2720305,179.9900174,Male,1697.043162
883,50,50.38240184,169.8741595,Female,1132.758437
3515,29,89.74139851,183.6922802,Female,1721.593044
1882,36,46.7645314,179.8962532,Female,1284.474429
2836,29,39.85806914,173.7528918,Female,1210.34722
3940,31,84.64468947,168.9832362,Female,1519.380911
3966,57,70.60288891,175.844381,Male,1611.835558
3315,60,56.5877807,169.5133394,Male,1311.711963
3026,39,86.34769295,157.4194922,Male,1656.810778
3998,47,92.41320038,167.3251069,Male,1741.565334
4257,29,69.51012742,158.3691077,Male,1570.90436
2008,37,56.79616951,178.3882428,Female,1418.635773
1224,40,44.26619139,172.7645173,Male,1356.220154
1914,27,84.49437851,162.8347637,Female,1668.732737
8350,27,58.34659554,163.2961162,Female,1278.851003
985,22,87.00565025,167.0145533,Male,1833.999372
6172,53,68.65581414,151.5589273,Female,1199.198447
8827,31,80.17604806,160.2942402,Male,1706.116625
3430,48,68.39902253,170.0263103,Male,1544.012521
8232,53,56.25481183,189.611589,Male,1395.234182
2067,49,75.1517376,164.8160282,Male,1550.407517
977,38,39.11096585,174.1955033,Male,1282.350147
2821,32,61.12835479,156.3262115,Female,1335.705455
5044,64,76.96185583,163.1940392,Male,1449.167967
8592,27,70.17070299,173.5881621,Female,1622.449661
6660,53,57.12314644,169.2534193,Male,1375.725215
7317,32,59.54094787,187.0959964,Female,1472.501037
579,26,65.87540845,157.077582,Male,1429.426296
595,23,53.32757337,174.8603205,Male,1613.881351
8257,38,80.45841765,171.2262484,Male,1685.013941
3148,45,59.90749834,187.0033522,Female,1425.830511
5553,31,78.3428201,173.4292454,Female,1462.476789
7639,31,53.34877383,169.7258918,Male,1356.259788
4197,27,87.22768338,156.3157264,Male,1691.382047
7422,62,61.63446799,159.3851003,Female,1143.482343
6389,52,82.59172221,182.814067,Female,1565.406576
3438,50,57.07159409,180.4169103,Male,1418.960118
6300,52,77.92252096,181.1131803,Female,1526.692122
3692,36,48.83504204,174.3514175,Female,1082.36331
1263,55,75.8409232,166.0297067,Female,1447.196088
3572,59,76.56798157,184.1557312,Female,1455.988899
6739,36,90.16410343,171.3223379,Female,1594.740034
3695,61,68.84252078,170.0824574,Female,1290.391114
470,58,71.01404949,169.090497,Female,1272.723307
7821,27,82.56943081,173.7170181,Female,1661.990506
2889,57,78.35146937,174.431727,Female,1449.319072
1174,57,68.65019165,173.720574,Male,1490.422976
6057,32,82.49317724,166.2151438,Female,1513.569024
4161,28,94.80440743,174.3657694,Male,1932.984869
5861,37,61.94234403,178.593277,Female,1428.349801
3646,27,73.81369908,196.6371681,Female,1728.078449
5450,18,37.93525579,167.5105242,Female,1107.157322
3295,56,50.68264455,174.7143827,Female,1014.259096
5303,44,67.96293927,171.7454985,Female,1342.591656
4945,24,46.47170156,166.7328762,Male,1326.285503
1419,52,52.49539412,164.5646283,Male,1373.053609
7785,54,58.45668056,157.4657037,Male,1337.492008
3163,42,54.73751442,174.1614905,Male,1423.713871
2944,58,68.43209246,168.3263322,Male,1481.281352
5194,34,64.09155187,182.6681067,Male,1676.974933
407,49,85.92411116,167.0945438,Male,1651.146281
3863,33,52.84584585,175.1590103,Male,1516.451273
8835,33,50.86616921,171.844915,Female,1214.235792
8049,64,62.34860409,170.2241344,Male,1306.005599
2065,47,89.16064163,179.0203386,Male,1649.09542
794,49,65.97269678,163.3735596,Male,1462.499629
7268,30,47.67143075,166.264835,Male,1377.275104
5051,45,52.90648162,174.4350497,Female,1197.140518
1072,25,91.46936818,163.841502,Female,1680.27418
2954,39,69.01732064,158.9532819,Male,1440.383441
6944,25,95.86684213,166.6776665,Female,1686.301361
335,35,52.66066868,157.1442986,Male,1334.509401
5183,32,68.78285962,167.3786966,Female,1473.628271
8369,28,50.88346995,156.3625505,Male,1361.598457
6892,18,65.7860134,173.2720305,Female,1445.113405
8760,36,89.27254768,167.1212543,Male,1795.646984
1861,62,81.58198832,178.8376052,Female,1478.303335
212,57,71.44442091,172.7516122,Female,1263.797991
435,49,74.17927086,166.223639,Female,1382.040775
2924,35,58.68076602,160.8081661,Female,1279.202006
1748,27,55.97562796,170.3718031,Male,1479.250173
2472,31,67.20236613,163.4702463,Female,1356.584919
3189,48,61.88453272,179.7787604,Male,1522.042094
8746,60,52.64946345,156.8445305,Female,1022.359815
6749,55,68.0115004,180.1108379,Male,1555.050315
4094,59,60.3026218,169.9014782,Female,1235.134397
86,55,70.84771099,175.9680914,Female,1371.228566
5252,30,81.27289356,166.9044947,Female,1579.052915
7438,64,76.06299985,167.64867,Male,1437.455992
5644,29,79.07530623,162.7298727,Female,1569.069805
5375,37,38.7627033,172.1029161,Female,1074.380767
3610,56,56.19936242,189.1759595,Male,1525.153974
3352,41,44.88094037,159.8851874,Female,1076.062652
7615,20,78.6683932,156.1348349,Male,1667.957853
1499,37,52.74459312,183.0500611,Female,1320.405444
4594,51,93.48151257,161.4427223,Female,1488.504149
5380,55,62.65884832,170.0638551,Male,1385.505736
1085,30,73.04116756,174.1357651,Male,1770.272086
1392,48,74.56825147,167.2398619,Female,1424.353872
8664,33,67.0464642,155.0443325,Male,1478.03707
5182,32,50.99322597,178.2415387,Male,1456.996217
3345,30,70.98037919,158.1909016,Male,1513.828269
1679,43,79.6186545,162.7974637,Male,1586.907621
6114,21,76.43779126,164.1013371,Female,1576.635361
6580,40,77.55061653,170.9563839,Female,1520.869541
843,56,75.01725668,164.2470933,Female,1425.520416
7299,42,66.19144696,159.0550336,Female,1307.444653
7366,55,93.08938385,169.8490081,Male,1762.954204
7820,24,64.75722622,171.8427369,Male,1558.765915
7703,46,42.52803003,176.715142,Male,1323.49575
6229,45,81.88144916,165.4938273,Female,1485.892314
3297,49,35.65560542,182.7427829,Male,1306.45539
2402,37,70.08885552,163.6628867,Female,1460.151209
7130,50,58.72171798,155.8366994,Female,1112.815667
77,20,63.23664205,162.4573272,Female,1369.276791
179,48,66.17606313,177.5259905,Male,1534.897169
6278,33,84.69595433,167.8887273,Male,1754.08803
6181,55,44.60760266,164.3955162,Male,1234.310046
2207,43,73.36828251,190.0616161,Male,1723.073618
6942,38,69.76424989,145.7391858,Female,1270.438648
1027,18,50.77469444,171.6960125,Male,1533.023107
7035,57,57.56336231,165.6635603,Male,1350.760079
3578,21,81.65137746,166.1209128,Male,1793.401848
849,34,53.69304082,160.6176426,Male,1454.063608
4995,46,67.34959172,174.5240648,Male,1559.554836
2728,42,68.60133155,176.1803818,Female,1442.956717
973,42,83.60608266,159.5734092,Female,1466.886173
2024,23,70.34676014,160.4453434,Female,1466.148367
2137,18,87.73942773,170.8194795,Female,1647.328876
8938,29,83.79067887,175.2490659,Male,1752.521583
703,30,81.19980296,150.3542302,Female,1517.288371
8213,18,57.36883989,163.4884804,Male,1550.505528
4763,48,64.55179511,177.3463653,Female,1377.180829
3653,50,34.78416431,178.2859732,Female,1053.955927
1103,47,94.83813635,157.3040798,Male,1637.36884
1987,31,77.53347227,164.614902,Male,1658.409275
2602,52,77.0729016,175.5222475,Female,1513.902809
5935,52,46.7873098,172.3052795,Male,1300.068943
1491,29,97.89490158,172.4344663,Female,1718.683967
5628,34,69.58549859,167.8188709,Female,1452.544121
1010,54,75.81316427,181.4261409,Male,1644.181185
5333,54,100.5587604,163.5158569,Male,1679.73243
6198,28,89.17331371,162.101515,Female,1562.487279
6150,56,69.24471043,171.4054575,Male,1517.95474
5142,51,64.73001446,175.0775376,Female,1257.562679
5447,32,98.99592449,152.9746618,Female,1631.502518
5227,33,67.33478692,171.6171591,Male,1656.069797
5416,57,75.64590636,165.4071538,Female,1309.384527
6720,30,59.82781041,152.5826922,Male,1335.232249
7750,58,84.07874403,164.9281984,Male,1698.618211
6634,57,98.31416617,175.0757221,Female,1650.825219
3575,19,80.11692526,165.2185599,Male,1685.912797
7943,60,48.77121289,193.4975061,Male,1345.430954
8776,52,71.32486864,163.373571,Male,1491.164908
7430,54,49.93298293,155.962313,Male,1170.831517
3560,25,57.1735571,183.8836621,Female,1456.036286
905,19,74.299484,178.138688,Male,1808.558563
2882,37,60.93896572,174.9308277,Female,1281.233733
5577,21,57.69893331,179.2311037,Male,1670.654603
1907,40,60.82472791,167.5727172,Male,1455.384822
3025,50,65.16427687,161.1545826,Female,1219.449927
6786,24,64.25708741,157.3982564,Male,1453.710145
8514,27,96.46057186,185.7349017,Male,1964.400093
115,35,86.85203826,161.2775573,Male,1736.61349
2195,20,45.67762434,179.5673176,Male,1511.155423
4929,19,89.98727141,165.8427374,Female,1697.025197
1555,63,52.44531266,156.9994593,Female,974.7121911
2296,34,77.36231099,164.6548124,Female,1461.42878
2046,20,66.14193839,146.6348901,Male,1395.05415
885,23,36.22972303,178.0291741,Male,1382.265728
4305,55,59.82353455,196.0742171,Female,1357.000888
1626,59,61.76966635,186.1277045,Female,1332.993377
5761,49,65.73453741,177.9001531,Female,1330.101701
6875,55,95.52939131,164.5984178,Male,1722.439055
7818,49,70.34723691,163.8578249,Male,1464.6163
578,37,64.37506137,172.6430394,Female,1354.969229
4814,28,90.32867196,174.2145179,Female,1845.672557
5125,25,69.19428466,166.0593704,Female,1417.576812
4366,32,46.76363125,186.4837721,Male,1399.480561
7566,40,60.63694954,176.6735793,Male,1480.95027
2855,48,42.53789278,152.3510496,Male,1098.278641
42,53,66.20671277,166.6991709,Male,1508.682767
8427,44,80.64005311,174.0182389,Male,1762.055841
6244,63,64.82925132,163.711933,Male,1398.926387
8831,19,49.21103432,168.7426161,Female,1356.06412
6214,28,75.9661441,177.2422539,Female,1558.670074
8409,62,63.73000022,169.7509439,Female,1235.420796
493,28,60.55265836,179.1969076,Male,1556.83522
5700,54,73.71750644,165.2723232,Female,1403.944136
5787,50,73.30698412,175.6792097,Female,1496.950409
5076,19,86.53757894,173.1996555,Male,1904.715159
8382,61,77.23248683,161.8758841,Male,1518.393943
415,24,68.78251967,180.3070231,Male,1703.233174
672,46,52.45003527,181.8243672,Male,1450.882666
1384,31,65.33871354,174.8921329,Male,1723.553921
16,39,60.46817836,170.2579401,Male,1469.067532
1277,37,68.95124859,174.9818664,Male,1467.345479
7839,58,83.82572897,171.5816196,Female,1466.37846
5348,61,49.22893234,172.6677096,Male,1130.200126
1296,21,88.53429621,160.5281433,Male,1843.921523
7009,54,11.48450339,169.2180192,Female,690.7117453
7504,30,52.53804625,157.3915048,Female,1176.541146
3099,40,73.67576702,161.3582678,Male,1518.65976
8486,23,89.11941073,186.2310774,Female,1683.257741
3788,18,95.24890807,172.0853843,Male,1975.358315
2737,53,82.17071886,183.3582625,Male,1611.795303
2038,37,64.34497812,166.2759819,Female,1365.776049
7638,23,93.45661658,181.2499619,Female,1795.612162
4241,42,62.57449774,168.5364738,Female,1274.797077
4970,63,106.260615,168.2675499,Male,1799.148931
4704,45,70.64966217,191.9684918,Female,1503.069176
4436,48,61.88969576,160.4127792,Female,1139.855736
3404,31,55.0012947,162.8814534,Male,1321.386713
8001,46,74.92340671,164.4181776,Male,1606.403055
2026,57,95.41350882,162.5934353,Male,1717.171916
3172,39,45.47958022,176.5791413,Male,1354.982174
4511,29,67.47993367,175.5986489,Male,1727.952957
2654,60,74.76431989,153.0138633,Female,1261.979451
2170,43,67.12704878,169.2357357,Male,1633.884907
7760,20,65.44924458,170.2068654,Male,1660.541656
1715,34,87.92246048,162.2445284,Male,1719.618321
5168,37,50.47672733,185.0544174,Female,1378.373456
4393,49,96.84043501,153.2133477,Male,1657.056705
187,62,85.33102898,166.6286119,Female,1472.315143
2048,60,68.49291354,168.5137638,Female,1302.929916
3339,52,53.22815597,150.5730586,Male,1163.790368
4449,33,78.70319118,171.6573035,Male,1686.372956
744,53,94.73561602,188.6527711,Female,1604.799116
6573,36,64.61099917,173.4662981,Female,1382.714082
4881,26,58.76610849,180.2050759,Male,1609.643423
6100,41,72.46102282,169.5816473,Female,1576.568051
7102,29,38.56271407,159.7029864,Male,1230.321993
553,31,75.5028664,165.812358,Male,1682.424976
6694,46,72.66503139,157.1237882,Male,1545.683079
2051,39,82.07317789,166.5560298,Male,1685.913398
5419,50,69.32475975,184.6101471,Female,1415.139113
4216,56,84.90210667,172.6606929,Male,1606.254985
2061,18,73.00983036,170.676332,Female,1462.070473
742,42,51.71417833,169.9311832,Female,1213.1271
588,34,87.23324301,178.7157386,Female,1612.008745
392,33,81.23751851,164.0206321,Female,1510.157123
2424,22,46.22047093,169.2644171,Female,1184.424958
3919,25,68.59971356,169.2764825,Male,1640.321836
1688,26,51.95761415,143.74577,Male,1236.80485
6462,62,74.34064738,161.3068984,Female,1340.304231
5723,23,62.66147173,177.9534462,Male,1555.908143
4368,64,71.77139508,174.4844815,Female,1325.613907
5052,27,71.75934546,165.3495827,Male,1650.726668
3481,56,90.0398231,180.4238687,Male,1741.51923
4591,43,31.60214231,155.7150901,Female,921.2160011
7027,,76.30647974,180.1835557,Male,1625.059132
211,41,52.02523572,160.3754395,Female,1204.320854
2408,47,81.80329676,174.1049925,Male,1592.448906
1786,20,67.42817392,169.8421427,Male,1673.018923
4678,36,61.82600474,167.3618676,Male,1539.210148
4324,44,94.24430913,164.8659784,Female,1555.307707
2657,60,74.14301417,164.0930137,Female,1370.71391
4941,24,65.75169311,182.45754,Female,1528.316985
6992,39,55.16003656,161.2604074,Female,1159.227739
1244,20,46.76229309,169.1518634,Female,1227.994157
6797,50,69.31113213,178.9608417,Female,1441.851043
4123,39,47.67406176,155.0605862,Male,1175.942444
2958,45,64.95387935,188.907431,Female,1360.13227
5284,54,76.533157,167.0774694,Male,1568.88381
8887,57,68.82945214,154.0419605,Female,1287.401447
7346,29,72.72436708,156.5357159,Female,1464.597162
3961,61,67.06207539,176.6453071,Female,1308.648959
7328,29,72.59345583,168.7664983,Male,1671.63539
4899,61,55.40291123,164.1339674,Male,1204.01147
7118,64,64.50624802,175.1715739,Male,1463.274362
6762,48,47.66544258,194.1626338,Male,1494.193537
2331,36,83.78851849,184.9016761,Female,1619.730682
5623,32,55.47584627,177.4851148,Male,1559.756928
3666,59,72.65907317,185.3762873,Male,1513.694906
2780,39,61.46221486,171.3481521,Male,1461.640271
4719,32,47.51356205,154.0269532,Female,1057.774145
7134,52,72.56284806,155.2869926,Male,1405.333567
3601,58,89.64621928,176.2407408,Female,1544.187225
2011,51,89.04699016,164.9174139,Male,1674.193807
8702,47,78.67736091,164.8212586,Female,1395.245896
7355,51,57.12183963,162.2457005,Female,1138.362858
1989,22,83.80342691,182.4540873,Male,1807.119861
2077,43,87.83800558,191.1880106,Female,1693.845587
2238,26,65.0922783,169.7233933,Male,1624.039461
3900,23,99.42525903,177.1348976,Male,2019.871572
6377,34,51.61468224,175.6761987,Female,1271.435793
5141,61,59.25975699,176.2726729,Male,1378.003744
4297,22,69.33657077,159.485153,Female,1411.776416
2270,33,70.38077221,185.167985,Male,1737.831502
1671,52,73.31854376,187.8414842,Female,1504.212888
1301,40,67.33532537,160.0981535,Male,1539.661922
1808,25,71.12764211,181.8098931,Female,1532.129988
4327,48,54.25096224,177.9196321,Male,1413.399317
2684,63,102.1984258,188.7892206,Male,1858.831796
8565,57,100.5050297,158.3853808,Male,1669.680776
7037,24,34.60155241,185.9638122,Female,1242.958544
278,25,66.20743304,156.6905008,Male,1425.974991
3492,18,69.02022368,175.5378269,Male,1695.704518
4102,55,55.53935966,161.6547696,Female,1201.855063
2125,25,90.38208073,158.7804585,Female,1589.211126
2363,37,75.05664441,173.0510307,Female,1480.569274
2378,60,60.05498508,181.3539006,Male,1447.555269
6123,60,82.94141313,164.6005834,Female,1292.658414
4132,62,81.62251322,171.2934931,Male,1558.64381
8909,51,60.25026172,162.7209894,Female,1211.008316
8439,43,73.52666264,160.9279785,Male,1495.382229
3896,41,69.80636069,169.3582611,Female,1452.976313
4509,63,56.69082582,172.3789999,Male,1464.403646
8186,52,70.55400014,167.3328925,Female,1256.597901
8207,29,67.01825491,177.5762766,Female,1522.163955
5335,21,84.16506967,172.4924519,Male,1801.694905
5264,64,79.02389231,161.9411411,Male,1416.191003
1227,35,50.50040088,164.7834076,Male,1406.113365
1818,29,57.33558919,172.0570744,Male,1537.101959
8813,51,72.45132275,164.6219566,Female,1286.778278
7842,46,59.38155418,166.4147365,Male,1427.563345
5819,61,71.80293394,177.1524099,Female,1362.553815
808,39,86.74434543,162.8247916,Female,1564.403978
205,61,71.42561424,185.3388629,Male,1479.627412
5407,38,76.74187405,185.4091987,Male,1765.082967
3597,40,60.97736174,143.318171,Male,1234.694996
5128,54,53.69693562,175.5715354,Male,1344.573424
2903,43,69.33952559,174.5101602,Male,1628.645447
3392,39,65.37514718,186.5357225,Male,1658.410707
6458,56,113.0900747,162.7155226,Female,1713.306152
6951,48,86.5196071,181.9191766,Female,1727.458357
8131,34,53.00327145,188.0112029,Male,1565.144095
2236,61,59.94835943,156.7781232,Female,1128.721493
7149,29,78.44127463,162.8092397,Male,1619.649413
8245,19,57.7019064,175.4055178,Female,1441.11364
8559,23,97.60934922,168.4993044,Male,1892.05301
8032,21,71.20977464,167.8834747,Male,1589.580637
5485,44,59.17022857,183.7145162,Male,1502.878622
1199,64,74.54932153,169.3039881,Male,1531.692138
5480,18,60.59857289,190.4084384,Female,1515.197388
1533,53,75.75627741,176.3734226,Male,1623.427407
6912,20,94.63883371,158.42216,Female,1650.699869
5265,24,76.05261294,172.2697056,Female,1590.985522
6931,40,71.76550274,176.5412548,Male,1650.377813
1617,41,69.88866888,164.1507618,Male,1484.856226
6531,64,38.21244303,182.7331632,Female,966.1041152
6997,62,77.67190314,182.9608531,Male,1600.676105
464,43,46.41561069,176.8372215,Female,1208.167897
2537,21,70.56086655,171.7728645,Female,1493.547288
7375,58,91.72209786,175.5462117,Female,1540.015413
1258,62,78.2574018,177.7719445,Male,1549.619713
1349,52,87.17480052,175.9760513,Female,1544.683612
3891,47,83.3148846,179.448133,Female,1554.344713
635,44,86.61375686,153.3338165,Female,1449.271472
8562,33,65.39647462,171.0095277,Female,1332.882815
6549,41,75.30894112,175.6046562,Female,1462.762596
5131,39,85.39973325,179.0824265,Female,1532.649649
3039,60,88.73473218,156.2386177,Female,1432.142532
2187,61,54.50386179,170.9320997,Female,1204.635299
5733,59,60.73796442,176.8134093,Male,1420.569885
772,54,72.85641159,191.8717264,Female,1423.142962
294,40,55.79097812,171.4020799,Male,1497.627131
1554,27,86.5123258,176.4148447,Female,1565.662243
6189,26,78.76578345,178.291765,Male,1828.440334
8156,21,49.53506691,163.0841303,Male,1319.68922
805,64,73.88798442,184.415008,Male,1575.9962
2450,37,53.16654255,177.4700917,Male,1471.597813
8508,25,52.55347441,159.8611829,Female,1207.992267
6432,62,81.27525456,184.4391236,Female,1479.268876
386,57,55.05265062,167.7494582,Male,1298.371119
2965,60,71.5667012,176.9975873,Male,1618.289549
5545,52,86.34451129,167.4949931,Female,1504.459552
7036,61,71.81684105,171.1281421,Female,1283.508728
3812,60,59.32765543,163.9507549,Male,1220.30526
3369,61,96.33815402,161.6100545,Female,1482.321187
2662,50,74.87248696,183.3329705,Male,1669.107547
6429,35,61.26501266,165.6729348,Male,1397.605518
3158,37,60.94848802,178.1579717,Female,1370.605311
6754,30,38.24797677,167.2928127,Female,1055.64474
3323,58,51.35527632,158.3377773,Male,1182.558511
4270,40,76.60933261,177.3531102,Female,1566.548583
4782,33,48.20041669,168.0561671,Female,1273.883054
6168,28,66.96615122,146.1240154,Female,1230.853809
6218,22,56.91952174,155.7491544,Female,1328.628535
320,23,73.56883361,184.9726202,Male,1785.614503
7340,24,68.2341593,178.2847539,Male,1618.118625
667,30,61.01718503,159.3976943,Female,1275.254079
5975,22,74.59346664,165.3381117,Female,1459.100057
6765,56,63.69174245,162.8983818,Male,1456.791123
5251,64,73.38930951,178.5348286,Female,1374.623863
460,18,68.26786028,159.2625515,Male,1561.126392
8705,18,77.70865872,171.1912558,Male,1764.645385
4092,35,86.41765896,180.2370475,Male,1819.824836
2071,60,64.17297667,163.1348338,Male,1364.289766
5001,51,71.12649972,160.6416527,Male,1431.489793
1196,23,70.84053068,175.4523068,Female,1606.000874
8282,57,59.97617753,183.7602597,Male,1540.951104
660,63,53.60204747,175.8484355,Male,1321.644197
2462,38,63.35008142,160.0118676,Male,1464.995148
6532,61,103.9606791,165.5821512,Female,1588.975837
1355,56,122.6187281,163.5262447,Female,1822.039157
5362,49,61.58703196,159.30452,Female,1087.602451
1730,36,50.71726795,176.5133114,Male,1345.25523
7060,37,69.65037244,148.0247499,Male,1349.934825
24,34,78.39540711,171.6164293,Female,1522.38892
3935,41,65.73696642,163.4443515,Female,1397.471164
7469,36,61.79589175,162.3748474,Male,1404.319424
199,35,79.21832846,153.0870271,Male,1552.547629
7445,56,61.820147,176.5853516,Male,1472.524389
6209,61,81.90092202,180.7538833,Female,1436.13367
7242,55,81.45106015,175.6969095,Female,1417.39542
8065,27,80.14979188,173.6509067,Female,1576.894523
3125,26,75.95771892,168.3677466,Female,1518.11075
4658,27,94.14518235,169.2496583,Male,1823.544039
6351,60,63.91487556,161.7648168,Male,1321.603873
1484,56,64.546135,182.9678798,Male,1484.954324
144,50,97.73988877,181.4374898,Male,1908.514315
7210,23,64.4245388,174.3206078,Male,1563.596965
1745,40,80.88929198,160.516318,Male,1595.66256
2735,19,68.3077172,171.7490032,Female,1563.605943
2437,30,62.95116142,163.9079397,Female,1318.438828
8,63,87.09153531,178.3996961,Female,1581.183782
4508,43,87.47550447,172.572432,Male,1770.308658
3122,35,76.7920135,165.0452668,Male,1566.725207
830,57,72.83134365,156.8851212,Male,1397.834494
7780,38,57.40496809,157.8429454,Female,1207.863963
8830,58,54.48756669,180.4010392,Female,1245.343208
1632,26,62.38689794,160.182636,Female,1325.782451
2905,18,52.72052473,155.3138066,Female,1268.490908
604,50,65.01015895,175.61384,Male,1507.140012
8784,51,88.7123217,180.7811055,Male,1715.681581
6022,46,68.32969783,153.9921728,Female,1340.984923
2690,31,41.71085567,182.041491,Female,1303.262486
1836,54,83.19526367,167.6580504,Male,1559.366734
3504,47,31.77312944,172.8607521,Male,1171.033022
1329,33,61.84402089,168.4721758,Female,1359.336502
3038,27,50.52039574,166.3607146,Female,1235.628717
4167,52,56.66463566,168.9904414,Male,1412.48333
8079,52,64.89562046,176.214066,Female,1373.17611
287,30,59.57796625,181.5243961,Male,1621.04071
6078,38,75.62469031,170.175252,Male,1563.395497
7002,41,68.55592317,178.5126601,Male,1581.043526
2591,43,82.54688918,167.7132229,Female,1524.623242
967,46,44.64110364,153.9541181,Male,1157.400443
8123,54,91.0242634,174.3477016,Male,1690.016297
2445,54,69.76239556,172.1520484,Male,1624.336541
6553,40,55.05362209,164.3291942,Male,1340.512235
1648,36,62.77170237,186.8008386,Male,1659.678541
2558,64,69.7195342,178.3556248,Male,1509.630514
3654,52,59.11628472,176.9649524,Male,1525.596959
2487,42,77.68446986,138.6798954,Female,1357.970098
5230,24,63.03008994,169.3332479,Male,1628.407537
6266,37,84.70959824,149.9612551,Female,1374.524326
97,47,58.67308263,167.4574394,Female,1264.674791
7352,57,66.6422877,183.3786104,Male,1492.437649
4480,52,92.87802002,153.4810168,Female,1488.763496
4541,54,63.60870181,172.7276693,Male,1473.067106
3223,21,75.53337423,179.7031704,Female,1609.727477
6211,19,68.73363633,171.0031333,Male,1690.41153
8145,43,74.02754048,166.8663794,Female,1480.000406
2264,49,90.87245238,164.7767477,Male,1780.979161
5004,47,73.71989208,180.9643991,Male,1634.728439
1038,27,52.57217764,177.4964685,Male,1513.986744
3743,44,83.91955867,173.2279501,Female,1548.422618
3734,27,68.42927546,179.236351,Male,1599.921343
1443,56,62.97717904,169.0114128,Female,1191.909072
7753,43,70.1733457,171.4620002,Female,1375.528434
1986,40,82.34328673,177.3047806,Female,1598.37468
3716,45,74.73804431,173.0664341,Female,1408.646472
6514,41,61.17724217,179.6004086,Female,1424.955454
6075,21,49.34192946,167.5276325,Female,1155.142943
6618,34,78.58076173,172.3940062,Male,1829.518919
3941,64,61.64471964,160.1159865,Male,1372.901814
4809,25,68.72208011,183.556626,Male,1705.753544
8218,63,96.52973097,175.0248854,Male,1660.350542
7635,53,61.99258612,159.564121,Female,1202.946636
4274,42,55.86910839,171.5454745,Male,1422.89249
5820,23,85.02989737,162.37929,Female,1673.545504
5147,43,74.13779553,165.5533648,Female,1382.512372
5469,31,68.03254495,166.2055512,Male,1680.037726
6097,39,79.53031034,176.1225948,Male,1701.44059
2220,28,72.917996,173.5345481,Female,1514.389372
3554,28,64.19765817,147.2245448,Male,1399.260641
132,63,57.73367143,163.8761939,Female,1169.401518
5641,28,77.78687212,170.2430002,Male,1726.086751
2834,25,64.44767666,157.3103786,Female,1369.046169
3707,62,55.74757124,167.1776301,Female,1116.479574
4384,41,72.32645035,158.2572831,Male,1418.103611
2557,30,38.83295536,168.7279126,Female,1157.062211
4108,46,86.30194476,172.7240828,Male,1709.932266
4062,63,65.09124306,170.7897022,Female,1295.874278
4328,25,63.2022774,172.7163583,Female,1365.051373
233,43,86.4880783,170.8193647,Male,1682.050713
5916,,84.04502927,176.1786243,Female,1474.198395
5993,59,63.35188331,170.0767524,Female,1268.481206
4046,49,81.40940381,152.4944724,Male,1612.661956
6275,56,93.60281324,158.5467285,Male,1732.534234
2312,36,79.84426955,165.6276562,Female,1526.666575
3645,30,68.30573552,172.7219569,Male,1572.987171
2660,44,47.91906976,190.1335054,Female,1327.520822
1788,29,44.56832919,177.4284838,Female,1324.160043
8419,62,48.00353286,157.59214,Female,981.6388191
1457,20,66.43088437,156.3903762,Male,1585.655302
3670,23,70.25282052,157.2956071,Male,1632.329237
180,63,54.97516872,179.430576,Female,1161.173947
1647,53,69.6414503,176.0018866,Female,1418.694157
4229,24,50.75509991,172.0508437,Female,1252.044772
408,45,64.76382897,178.5639618,Male,1458.473573
6456,37,91.18094997,162.8972153,Male,1721.148892
3254,61,74.64495299,174.0580882,Male,1562.688519
1602,38,69.93886301,169.2458743,Male,1507.278681
8842,48,59.86337338,166.5510528,Female,1288.395433
1393,56,80.77591701,164.6865365,Male,1463.777724
7495,54,75.09681672,165.5256124,Female,1378.541357
5091,43,54.51294154,193.1295281,Female,1287.936011
6504,37,66.73627723,173.1180684,Male,1562.669294
4749,64,85.36938882,173.2854074,Male,1637.675113
2749,38,47.14240555,160.2718782,Male,1326.10966
8182,56,76.39864537,171.7538772,Male,1583.243999
1995,36,38.39584945,163.6512231,Male,1118.037982
6416,25,66.96674206,175.1317352,Female,1493.923233
1120,40,59.94031981,163.0598888,Male,1428.791596
8803,60,68.2226307,163.1202469,Male,1444.292111
6245,50,59.3363384,169.8671476,Female,1240.342205
4824,42,100.1998064,167.7371048,Female,1644.914469
5092,31,66.12476272,171.619163,Male,1653.993896
1319,25,68.1308072,167.9202777,Male,1691.191678
6815,44,60.19843021,166.1637067,Male,1412.899606
6411,23,78.39797475,173.7774175,Male,1769.798954
2729,49,73.91550661,173.3524668,Male,1519.464551
166,23,90.04933308,159.8103688,Male,1853.162722
6925,44,75.39976661,167.1174927,Male,1536.95498
1228,39,55.80266238,173.998634,Female,1333.418383
2222,18,77.10853553,164.053556,Female,1515.245767
5346,34,77.74896989,163.1676713,Male,1619.404658
7540,31,56.33338228,162.6094709,Male,1408.923886
6253,63,44.81592403,170.7676283,Male,1227.794166
8663,53,55.93516123,168.0934596,Male,1430.048408
7832,18,45.35733257,172.676955,Female,1326.552802
2404,35,102.021441,167.5237218,Male,1836.719678
6343,55,67.80306245,162.2677326,Male,1457.819365
3596,32,42.41785726,147.633933,Male,1221.665581
338,25,51.03468319,160.5487311,Male,1452.117382
7142,30,58.82569073,182.0317548,Female,1410.141425
5286,23,72.51669034,167.839294,Female,1553.67982
5471,31,64.26656384,179.0608641,Female,1452.988557
4720,21,64.33537096,177.134494,Male,1770.188818
2857,53,110.3736337,166.7001514,Female,1748.623966
1847,43,77.50097156,146.7441181,Female,1393.209982
1453,62,58.98903489,185.2926801,Male,1497.103263
4421,55,67.60591964,183.4652515,Male,1527.013458
6373,58,41.64648977,173.2547761,Male,1182.2439
8016,50,79.83616311,156.0110019,Male,1421.813136
257,27,66.84354969,162.7688189,Male,1499.004369
580,21,97.95172848,185.1506671,Male,2041.336715
5841,28,57.05373242,166.9966895,Female,1262.720916
8172,22,65.12972496,176.1608645,Female,1536.329287
3569,44,78.43383487,161.7203623,Female,1376.884452
4843,63,52.80993513,168.3657491,Male,1256.96661
2646,58,92.29410643,176.4634143,Male,1690.347276
8573,43,61.42797812,171.7911064,Female,1300.15319
6718,21,76.1074614,158.5866781,Male,1572.636222
4501,51,87.29192921,182.5774903,Male,1674.953477
1693,48,62.10006144,171.9367054,Female,1304.592496
7727,25,38.48212035,162.2108103,Female,1152.158215
5398,44,65.52125605,170.6754266,Female,1438.601673
5466,64,66.25237414,174.992591,Female,1239.200123
2725,55,52.96517701,163.2237453,Male,1196.775085
4263,62,77.11570406,164.9417715,Male,1449.725377
7426,50,55.89001815,166.2116308,Female,1183.860482
178,30,95.75906517,180.043295,Female,1863.706116
5619,55,66.09073382,164.2320435,Female,1187.755084
8340,45,69.80816278,182.3841835,Male,1661.570076
363,21,70.63511885,167.5368159,Female,1580.498003
5394,38,74.13172931,163.7115208,Female,1480.384028
1343,37,81.07387294,183.1663422,Male,1854.870306
7431,53,73.93781642,174.6373188,Male,1503.028065
2846,53,47.36884983,178.1942729,Male,1347.147523
7923,29,55.94009962,164.5341475,Female,1275.434455
2110,56,80.61180067,177.6003104,Female,1434.633828
8285,29,42.24729029,171.228004,Female,1204.60644
4657,25,73.69566088,149.3818892,Male,1561.282907
4126,21,73.551188,180.070357,Female,1614.114149
1659,28,78.69826363,171.6905944,Female,1524.70295
7107,38,76.06027288,172.8235349,Female,1432.030401
4345,52,105.3513391,155.9904953,Female,1567.684608
4538,42,41.04706434,152.8600458,Male,1080.282409
2245,41,81.96225565,171.1055869,Male,1702.687851
6048,43,42.05667289,152.7797552,Male,1186.349211
4938,59,74.58444255,164.5892141,Female,1269.817843
7158,18,66.31627311,175.3196517,Male,1724.124646
1536,53,91.1857311,185.2413737,Male,1875.6738
5266,22,60.46990223,180.9652437,Male,1641.001878
7450,32,67.8758403,178.1384345,Female,1434.580786
4005,25,73.81835563,168.7154685,Female,1384.760284
4461,31,38.8268119,175.7679339,Female,1198.140868
2790,27,70.88266618,151.6126877,Female,1343.027844
4759,62,61.07406435,179.4881313,Female,1250.322879
4695,45,67.0013902,154.1003031,Male,1420.156349
3815,49,80.5219595,164.7004937,Male,1643.598945
7709,44,57.26448349,177.5629511,Female,1246.151419
1331,45,75.88914832,159.058927,Female,1461.13411
3974,42,54.5785629,173.1494449,Female,1249.45267
301,56,85.95858912,164.9703573,Male,1579.834697
3975,43,74.60788438,163.5441416,Female,1296.801523
8865,27,62.68866553,153.2932433,Female,1305.007376
4162,64,76.80826759,170.7576211,Female,1348.104403
6128,32,55.50658321,163.8495114,Female,1359.321228
1186,53,74.74871844,188.6003803,Female,1522.418483
3274,29,67.50604828,183.8905014,Male,1657.574375
4548,55,100.6156616,175.242986,Male,1824.487869
1339,52,88.87007302,159.210858,Female,1399.938982
2845,41,61.87974413,173.7493349,Female,1317.949215
2898,42,51.76051795,174.7914159,Female,1166.449801
5210,44,57.30783764,155.3978891,Female,1214.806131
6768,26,56.44398036,160.1381998,Female,1303.334313
7597,20,67.91964248,175.7624856,Female,1600.056664
4088,29,66.82655406,200.1932028,Male,1815.781263
7518,54,47.42418856,158.9267123,Female,1026.912633
8814,32,23.84779489,182.2456915,Male,1263.550425
7255,56,102.6701568,173.4934316,Male,1838.071209
663,20,81.98833405,171.1397449,Female,1644.236751
7860,50,50.63992708,169.2389508,Female,1167.072487
2727,38,69.21745131,183.445213,Male,1610.554615
5150,29,43.67443063,152.1246161,Female,1097.126556
7850,27,65.78575587,180.0544718,Female,1531.886726
3434,38,87.87645568,168.6589418,Female,1623.560853
821,61,64.37446247,182.2070784,Female,1296.195125
7946,23,67.78019933,177.5771914,Female,1518.841569
5588,50,76.20174716,169.8512321,Female,1406.068734
5894,42,103.6865234,165.3474214,Female,1699.870778
2691,56,93.85938146,172.9799107,Male,1762.051771
889,55,77.90904389,181.992363,Female,1493.314522
1630,30,70.17786514,157.9221977,Male,1566.261324
8060,35,55.58503469,166.1053869,Female,1211.940361
5129,22,72.6288867,166.9818245,Female,1491.162076
2851,26,70.39112168,180.8308924,Female,1580.289998
6805,46,67.06553016,188.2348425,Male,1718.019094
4974,48,85.79403079,161.3595952,Female,1472.917199
5490,23,73.77758212,173.0998431,Male,1777.321684
3512,45,121.6359788,166.6305549,Male,2049.707818
6833,48,81.54643555,172.2710349,Female,1453.246648
3351,40,47.7350428,178.2526784,Male,1403.991397
3082,62,88.12445135,172.315232,Male,1637.14681
131,19,74.35585564,165.4388673,Female,1546.830467
6612,40,97.26950557,169.7663187,Male,1803.278336
1297,19,76.03097927,173.3902505,Male,1668.850397
6831,18,67.17158157,154.248771,Female,1332.341652
1198,40,83.28751262,152.8295157,Female,1428.807685
692,31,87.43861881,183.5343174,Female,1661.953342
1898,61,74.96404061,166.8476597,Male,1490.088765
1731,34,72.65544737,180.6459837,Female,1427.207675
311,57,65.02419617,179.2547446,Male,1405.964159
2060,48,58.28404565,165.1479038,Female,1218.31331
6199,42,66.94408655,177.7563802,Female,1420.980374
1193,21,63.82534823,172.9817304,Female,1476.152809
7339,20,55.54010147,182.71452,Male,1566.240665
7325,64,74.95801171,171.9277076,Female,1280.584139
4778,33,65.82847656,196.086331,Male,1802.76746
8204,34,69.75820533,172.5451492,Male,1678.584357
6330,31,87.0382377,170.3394375,Female,1651.208332
8338,62,70.74398976,171.0229832,Male,1514.805418
4362,20,83.15844487,174.8810598,Male,1757.381485
2045,32,73.27320087,197.1882255,Female,1676.652686
6923,60,58.49488424,189.1753751,Male,1551.11648
1957,39,78.77874443,166.1169212,Male,1538.627186
4806,62,58.68338388,172.4815185,Female,1216.639821
3801,29,59.18488381,157.8245846,Male,1446.982399
5473,22,87.38260369,175.1683808,Female,1721.073815
4208,57,69.707998,182.7149444,Female,1448.036129
8577,48,64.03283163,179.717613,Female,1416.110356
7185,58,78.01114397,172.3699792,Male,1631.002876
3680,55,86.56525504,172.2186314,Female,1491.961788
3772,61,70.21431223,169.5088751,Male,1466.194589
6534,39,81.15698846,178.9960769,nan,1715.198807
705,60,74.45858568,180.6264768,Male,1539.712025
5417,47,68.56640375,164.7726528,Male,1504.677496
1477,21,88.12216731,174.7933441,Male,1955.71913
3591,52,42.58691307,176.9260592,Male,1320.361184
4708,47,81.1535656,164.7757552,Male,1620.224289
8003,38,57.03394212,173.9034653,Male,1444.829626
2250,44,88.36826849,181.7544225,Male,1816.810146
7983,19,58.5877086,166.3261728,Female,1351.911512
6224,49,52.25811182,173.5333548,Male,1450.861407
5058,31,78.93343092,153.6625609,Male,1592.686288
2685,22,78.67942391,158.2635993,Female,1534.760629
1878,35,39.17091245,163.0532992,Female,1115.410657
246,64,98.16891515,165.7909024,Male,1712.067941
7913,26,66.00729093,178.8041576,Female,1449.9895
8694,45,56.75074655,186.5662907,Male,1566.875467
7129,41,76.20267009,169.3343889,Male,1509.152826
7849,23,68.64569463,163.4320027,Female,1468.873902
1226,56,85.23743975,186.9433733,Male,1739.644132
8343,45,69.34623985,166.185917,Male,1509.786413
7976,31,56.40881127,171.8667537,Male,1559.809202
7249,21,73.47551561,170.5097628,Female,1506.390694
8353,19,81.97499237,180.1788746,Female,1727.168248
1253,42,60.81918249,162.3411178,Male,1427.092553
1440,38,81.1144068,163.0837999,Female,1585.600713
6444,61,34.90950544,161.0753305,Male,1106.910043
6475,44,57.85902102,164.4224782,Female,1207.730042
7385,40,60.57980526,188.5355186,Female,1445.959924
8247,42,74.56892432,181.6062099,Male,1713.780064
7594,58,70.21813338,177.4682893,Female,1392.844634
1333,46,81.45680193,170.4058951,Female,1433.629994
5211,30,99.00689333,189.1603765,Female,1867.290999
1358,33,74.66592114,168.9072445,Male,1628.501636
8104,54,85.33094527,174.3566784,Male,1826.000618
8923,44,83.38027875,175.0171138,Female,1529.01054
2405,20,89.57874018,166.3566398,Male,1847.334734
8206,21,62.58347125,180.5647181,Female,1440.265331
7939,26,71.98855307,164.2956337,Male,1649.362025
1035,31,49.54838213,168.3853276,Male,1407.16399
5072,30,104.6686515,172.3972523,Female,1745.702682
6984,29,80.93866768,168.059447,Female,1557.016669
5914,42,72.06887238,162.953547,Male,1615.29598
8641,29,66.5284439,167.188169,Female,1473.414109
4308,62,66.26013362,170.1203609,Female,1223.090966
968,36,103.740583,173.4566229,Male,1945.453042
59,56,80.35858191,165.3080189,Female,1508.048406
3487,61,48.28246232,169.6668107,Female,1028.788389
1931,56,64.3836817,162.4615975,Female,1185.026572
8846,42,79.02708152,159.3027551,Female,1418.275161
5890,24,44.34656347,184.4937245,Female,1326.517599
3867,64,95.6788027,160.351035,Male,1629.105673
8933,47,64.53162819,156.4337662,Male,1435.492552
6707,56,57.5531272,156.8749999,Female,1202.495628
3835,33,97.70704311,175.451141,Female,1800.413738
5324,18,69.91412055,163.9985816,Male,1749.000359
2976,26,79.30997878,180.0002859,Female,1643.573363
4426,27,66.30986682,162.014364,Female,1314.9696
6964,52,60.80936125,174.9057883,Male,1485.608073
2541,34,58.33177729,180.7778579,Male,1511.344062
8105,64,86.14751488,155.3763033,Female,1399.172309
3446,47,68.34026823,180.6767071,Female,1371.714046
3652,56,88.32090222,173.083765,Male,1833.356006
8988,21,68.11984039,159.5035416,Male,1516.58944
5241,31,66.39158254,178.5924344,Female,1496.047772
5886,22,63.80934334,162.8982549,Female,1280.380592
3482,36,59.56450866,177.1859522,Female,1364.383536
535,29,66.45526057,163.3882278,Male,1584.879247
7264,37,77.30053891,189.8449318,Male,1797.440712
1725,34,90.65980815,173.6025064,Female,1611.394994
8418,32,85.44834352,170.2921121,Male,1767.348559
7434,51,55.84446407,170.3791218,Female,1190.696916
3694,32,47.94948676,164.4560804,Female,1230.266569
7475,27,88.37009666,169.1783157,Female,1688.611298
6081,44,59.88524521,162.8835779,Male,1354.164838
3418,18,76.79550757,158.4905774,Female,1412.307142
490,43,56.48240163,146.3282725,Male,1297.113371
3429,48,22.61258465,172.3618077,Male,1099.536704
5080,54,61.19786907,175.482645,Female,1303.291616
3011,28,58.61972218,162.8089333,Male,1519.52564
5676,52,94.66085297,158.5781666,Female,1485.856412
2721,49,80.00547938,168.2842521,Female,1413.42447
1472,45,61.89325148,180.0523451,Male,1528.014283
5366,39,43.42740582,174.4516918,Male,1415.378214
2108,23,66.48447949,157.4370474,Female,1275.829297
4798,62,79.49247316,171.0949751,Male,1555.36469
8530,21,81.05648599,180.6441112,Male,1890.933347
8939,30,53.50861044,155.2431476,Female,1199.924235
4640,32,61.38851267,186.5889325,Female,1477.647903
8743,37,63.47529707,170.4411774,Female,1280.600476
5372,58,41.48099989,165.6294915,Female,933.2351261
2616,32,81.93083884,156.6160377,Female,1526.777703
4989,20,73.98536719,161.669278,Male,1626.191903
5143,53,90.51443148,164.6099865,Male,1676.220064
8639,62,67.52681128,165.1921278,Female,1265.962836
4369,51,41.75691656,167.8512143,Female,1048.78464
4902,23,87.01070496,171.3614913,Female,1649.462649
8008,52,64.33969921,176.4843813,Female,1294.08725
6007,37,70.63963377,157.1206379,Female,1457.617587
3282,36,94.81798809,171.5946283,Male,1848.304895
8722,22,124.4544716,180.739481,Male,2209.519518
1974,47,57.93999087,168.7574125,Female,1242.663494
4512,51,60.01811798,181.822546,Male,1510.99889
1238,31,86.1221091,182.7658351,Male,1879.042252
4467,33,76.02007973,169.088057,Female,1490.161606
8081,31,63.60525362,173.4986423,Male,1694.373373
6843,45,57.06657662,173.7986229,Female,1245.139853
6080,51,94.18946849,170.876867,Male,1738.011217
8901,58,87.0883789,176.4638896,Female,1569.190917
429,62,52.8189207,188.3741034,Female,1200.616208
5008,45,89.12237885,166.0534698,Female,1527.095605
7415,61,58.48401378,176.9753519,Male,1452.047674
2961,28,80.66415306,167.0603291,Female,1559.246252
2941,21,73.34607656,186.4777402,Female,1604.800981
8171,47,106.5218603,165.9954006,Female,1677.414292
2918,19,102.1909787,159.4912727,Female,1737.213906
6813,60,69.87737339,178.0955592,Female,1297.310144
6877,45,92.28559452,157.9280548,Male,1600.384009
5800,49,76.85550554,184.985394,Male,1719.055589
8768,21,69.31705243,173.9098609,Female,1534.988536
8703,21,63.06084062,188.4315107,Female,1524.590958
4692,49,74.69700599,167.8581444,Male,1569.520183
2978,27,47.26093888,171.8217987,Female,1258.291299
7835,30,83.00606795,162.2311537,Male,1818.797345
336,45,61.44263676,163.6402903,Male,1365.368383
1257,45,61.89098633,180.8006289,Male,1532.569797
8687,23,40.20320983,164.0169597,Male,1283.927358
6493,64,45.41306931,167.3685862,Female,1046.02493
8072,39,56.21143448,182.2131227,Female,1299.088216
2119,26,69.53744145,164.4302422,Female,1425.863581
6500,26,69.46686124,166.7575071,Female,1472.629072
1639,36,94.32112504,182.1622098,Male,1982.656341
8368,44,58.99856674,164.9396693,Female,1253.992351
7122,58,48.4654414,153.3635846,Female,1000.778132
6452,27,47.80831606,165.024894,Male,1419.153349
8435,21,53.66776267,187.2678666,Male,1605.869126
7611,53,69.09631468,179.9999007,Female,1312.335917
5860,24,82.10542848,187.7743357,Male,1807.307351
146,64,68.30290589,154.2606483,Female,1291.774388
5990,52,52.3545858,161.84327,Female,1075.783553
2265,38,76.80708694,176.2097378,Female,1588.201937
8684,64,75.05537277,152.9124366,Male,1375.261237
7661,18,85.00969922,168.3660854,Female,1554.733361
5973,45,78.36301762,155.2026497,Female,1384.712143
3950,20,65.60357515,164.3757461,Female,1464.371553
8069,41,74.58333171,171.9341516,Female,1513.497245
5576,18,62.09662817,176.7398912,Female,1489.750539
7373,36,57.65096674,155.5316385,Male,1362.283015
4189,29,59.00793335,178.358979,Male,1569.787338
2308,51,71.71061904,171.6849121,Male,1534.516304
5320,18,68.40653171,175.6981061,Female,1522.733145
6269,26,73.10951541,161.7772093,Female,1395.928165
2736,21,71.26186626,162.2139083,Female,1481.952168
4648,50,74.64785685,180.4042277,Female,1492.580201
331,32,86.54542514,157.7232981,Female,1541.53814
5842,51,86.44494385,181.6256059,nan,1736.213107
7711,39,67.54478862,162.2105888,Male,1501.707692
5662,32,88.3679878,163.6004252,Female,1565.04586
6871,40,70.4149684,177.1020541,Female,1492.520097
1012,43,50.44262086,164.1501521,Female,1071.660544
3635,31,72.51241464,160.3698924,Female,1384.076729
4382,36,63.41313941,179.4558913,Female,1448.404059
4771,43,81.60218288,180.1996404,Male,1793.193729
8987,31,75.49352536,143.3515788,Male,1465.614302
4503,21,94.55220969,173.9236067,Male,1992.908461
7369,33,88.99447936,181.5334599,Female,1638.477161
7992,34,65.38200752,177.4128298,Male,1566.975482
2877,23,64.08742239,159.5001852,Female,1401.733783
4686,56,70.11692191,164.052624,Male,1460.821209
5650,64,76.51752232,176.7771899,Male,1510.648451
5191,29,93.72098328,166.2077162,Female,1692.561866
3643,63,91.45433941,175.6289396,Male,1749.359504
1447,18,78.41725572,169.5656975,Male,1745.763579
4735,43,62.84253204,187.9072474,Male,1604.654246
719,27,56.90224591,175.9497632,Male,1542.680369
5020,49,62.89892919,170.3195181,Female,1324.460518
8099,60,77.53430838,142.0995324,Male,1296.867479
7729,32,92.08037799,180.2024734,Male,1965.133279
3103,25,61.30219322,173.2427177,Female,1488.530127
7123,40,36.67114968,168.5555217,Male,1198.918368
835,48,49.55121614,168.6752478,Female,1121.814201
7969,53,70.95463224,177.3702125,Male,1525.535612
4872,31,53.47814024,175.1016531,Male,1500.494815
1585,54,39.55650631,156.2264443,Female,939.4518055
6271,48,98.22471642,156.454329,Female,1530.907334
2548,54,54.30657712,178.1672858,Female,1226.857721
900,29,80.16552343,171.5323616,Female,1545.780049
4055,49,47.48553523,171.0762443,Female,1151.046781
6426,43,60.38265155,174.6982228,Female,1324.778654
6559,60,78.70292096,171.5988119,Male,1561.462555
7279,19,66.67904121,163.3316748,Female,1482.659902
6422,59,63.73993071,152.3971824,Female,1172.599939
8635,24,92.79729243,172.9242449,Male,1836.859599
4926,59,71.20904637,174.8576179,Female,1393.965039
1692,42,32.13036011,156.1967202,Male,1092.550818
6937,18,77.84786433,183.9463212,Female,1728.933297
7428,28,83.65495708,178.4574563,Female,1637.531403
3789,52,78.6153564,171.9133949,Male,1608.08343
8259,20,68.40611405,160.3709854,Female,1387.022014
8882,37,69.53979524,178.2260179,Female,1448.676293
956,56,79.89391947,157.0944971,Female,1317.168641
7802,38,64.02540024,157.9573394,Female,1272.081593
3872,50,88.09817366,156.4113013,Male,1730.762405
5919,33,87.56640356,156.9627649,Female,1547.827801
184,36,74.43439686,158.2807275,Male,1462.977483
6505,42,95.61079326,179.3382348,Female,1772.276422
7716,20,73.71275538,176.2936325,Male,1766.225798
468,33,63.67063278,161.2207483,nan,1343.012792
7784,45,47.60742117,163.6547452,Female,1100.255804
3810,39,65.54379108,172.9657565,Female,1290.272085
3598,38,79.74301993,167.3434867,Female,1584.691262
5867,44,68.15284086,163.1334378,Female,1338.232518
5612,50,76.1443039,158.5918471,Male,1451.746815
5429,29,79.0092577,161.2742147,Female,1519.539696
6967,49,86.33186152,179.9858348,Female,1566.58144
4931,51,89.14671675,195.6976947,Female,1690.14166
7246,31,65.31190056,177.8717567,Male,1569.010148
2112,35,83.83149668,165.411137,Female,1540.213881
2650,20,95.42028446,178.8396743,Female,1707.482531
1345,45,64.25342222,157.7887061,Male,1442.81756
1952,22,69.08352528,167.8029223,Female,1524.825632
8656,41,107.9565919,177.3159883,Male,2060.812519
4822,59,87.8821301,169.9331805,Female,1577.113026
279,57,49.24707972,166.7441504,Male,1214.519512
6988,27,65.87901522,172.3938317,Female,1440.07031
4390,20,58.92743493,167.5536186,Male,1564.674717
6059,48,58.93443313,180.9760333,Male,1520.354819
8480,30,56.74119595,170.1549033,Male,1534.140952
748,36,61.29936623,157.9847384,Male,1470.312833
3334,46,81.90705175,170.6511361,Female,1528.098866
5048,27,75.53430899,164.4815573,Female,1500.90368
303,62,73.85597111,166.9974684,Male,1536.949604
5276,31,68.3951879,171.5095955,Male,1637.915258
3752,61,84.20061411,176.747977,Male,1659.226891
6907,25,89.48671327,173.8160624,Male,1863.211737
2058,22,88.51790543,168.6124755,Male,1810.631015
6041,61,93.70872529,166.5573848,Male,1625.894646
4275,36,83.40991341,173.5362799,Male,1656.090556
4642,44,79.78386753,162.5584398,Male,1546.702435
7614,63,56.00840098,169.7694702,Female,1125.903331
3562,57,71.40759392,174.2843531,Female,1349.27376
5282,54,72.15813025,163.4211799,Female,1331.997311
4049,43,39.60203874,171.3505025,Female,990.6505049
7755,49,62.89465975,165.0849215,Female,1163.698179
1451,26,83.58756164,174.348545,Male,1807.118394
2097,53,76.37137464,172.3092466,Male,1592.13849
5719,43,18.81739517,167.4249142,Female,871.4561378
13,50,73.60157446,142.3450294,Female,1166.21091
7359,40,74.3949136,165.196869,Male,1584.726711
8512,54,60.8981502,168.4113986,Male,1343.262276
1260,51,101.3049418,159.8448702,Male,1690.926915
2248,29,63.08761561,168.8202789,Male,1518.782781
4337,56,62.43035923,156.6240105,Female,1144.451371
8169,43,77.17595418,161.5814145,Female,1510.135065
5083,46,73.24542881,180.8282598,Female,1434.845061
3703,57,79.29437823,159.6001551,Female,1305.779449
5472,39,25.33119256,159.6187864,Female,886.9084971
2856,37,66.39707124,163.2221231,Male,1541.857151
3463,47,61.90334519,172.1674888,Male,1458.88392
516,58,57.74815698,164.0803283,Female,1107.938748
3199,41,67.18942347,157.3579132,Female,1220.102877
2260,36,80.82143706,178.3007352,Male,1744.87273
5638,25,34.08157262,169.1359407,Male,1352.287395
1237,26,89.65004519,164.0030204,Female,1640.195696
5201,24,55.59963474,163.7363462,Male,1450.982154
6594,51,56.24547915,170.5117075,Female,1247.073122
918,60,52.21113513,173.7343739,Male,1227.4093
1634,44,72.4630252,156.1672893,Male,1539.106435
2419,33,76.14836125,151.4834181,Female,1365.067077
8440,47,63.74796701,180.1776046,Male,1413.370785
3444,20,72.22523296,173.8975441,Male,1685.873855
2382,50,78.97287757,154.4656515,Female,1278.955349
5917,45,74.2187567,165.6447704,Female,1473.361838
2301,62,50.47479714,173.8367197,Male,1272.52067
6216,24,86.68876501,169.8300823,Male,1714.806561
4877,22,65.28207067,166.1674912,Male,1505.023838
4918,60,29.80300321,183.037728,Male,1149.553343
6866,49,65.63263185,180.6703498,Female,1410.729218
6397,64,63.55459157,188.4404153,Female,1323.848755
5631,62,55.87037651,169.7978918,Male,1282.386681
7117,62,67.59943498,168.1372096,Male,1406.187337
6374,42,74.32145375,168.3600775,Female,1451.75544
73,43,65.39078176,170.638876,Female,1301.614706
1741,19,88.21547592,160.8317929,Male,1735.612343
7940,31,23.29608247,166.1555719,Female,969.0081017
6929,64,90.07664813,169.6325261,Male,1585.98373
2715,61,54.77188379,175.2918102,Female,1188.412701
6927,41,73.02441119,175.2681914,Female,1459.198218
8808,59,77.44226691,168.4843131,Female,1332.463197
603,47,93.7308056,165.5852836,Female,1661.192988
1804,53,61.7482987,164.6432713,Female,1134.257438
1144,30,86.40400979,161.0995997,Male,1742.438661
2887,36,75.02064664,158.5366844,Female,1399.715183
6219,61,94.53534379,177.8457592,Female,1527.391242
6113,23,95.92487366,155.321435,Male,1828.855092
2208,41,69.5387329,161.1871839,Male,1510.67653
7427,22,85.60996283,172.6535578,Male,1787.09011
6447,26,80.74189973,168.2773212,Female,1521.841882
1667,26,63.50232196,179.7418131,Female,1463.894838
5039,41,83.72672913,153.148315,Male,1606.854855
78,36,62.58414909,164.9094904,Male,1523.71206
1669,55,68.69416879,159.4017405,Female,1199.217371
4219,21,55.44816956,165.469209,Male,1552.191324
7898,42,43.92440667,181.1744504,Male,1400.506191
5669,31,105.7835407,174.2913585,Female,1806.093524
3808,46,54.88139426,173.4200465,Male,1387.335425
2644,29,63.92936925,166.8164708,Female,1418.218547
7407,37,79.5876287,173.984973,Male,1697.491423
4500,51,82.80307952,169.4505045,Male,1634.060689
7092,55,99.02095051,161.3352403,Male,1704.444368
1911,58,62.12634389,172.9264363,Male,1421.896848
5139,29,76.55410217,164.5759801,Female,1541.198758
6737,52,65.84731342,166.3694549,Female,1304.490296
6793,43,86.20743343,163.7070414,Male,1645.966496
3280,56,61.18787599,194.7039049,Male,1457.304784
4557,35,76.43152649,179.2769357,Female,1561.503974
6515,63,82.46694309,160.9180489,Female,1322.611896
8883,46,85.88768293,170.2273456,Male,1717.853241
8253,27,78.64357349,154.3396418,Male,1635.889859
2860,63,42.59268208,176.1458025,Male,1214.310264
6179,34,80.34154537,177.0588587,Male,1694.438618
8474,51,102.9808709,147.6936953,Male,1689.466234
5209,41,56.19202659,169.4451705,Male,1474.134366
893,22,80.06376894,180.5151582,Male,1854.979666
4620,49,48.49466491,173.5973242,Male,1283.128848
7384,24,74.6575502,169.7153106,Female,1586.79297
2991,54,23.92330816,154.5222399,Male,896.2767602
4608,20,62.29407847,168.3599082,Male,1591.249821
3196,32,80.80880332,152.7907469,Female,1424.827587
5280,36,70.61184093,196.4706625,Female,1576.907388
4777,43,54.28431331,167.1636431,Female,1270.717999
8801,62,65.45670631,172.7040525,Female,1332.133763
2357,38,77.73654534,170.2951729,Male,1621.173564
3029,54,90.3322923,177.322716,Male,1826.427763
3208,35,47.99118079,182.3610827,Female,1250.149277
2233,37,79.587251,196.4408258,Male,1861.198762
4479,64,65.97599132,159.5933777,Female,1220.305284
4099,52,63.92243247,173.4772014,Male,1415.020606
741,64,87.07361342,171.415846,Female,1408.285087
1171,36,68.11440272,155.2326722,Female,1402.745743
2920,52,54.2671556,156.8033356,Female,1049.627015
3445,42,81.26074614,173.1012402,Male,1620.101145
2452,32,70.05122704,191.5727531,Female,1579.854041
8555,35,45.06778919,171.5605633,Female,1233.240001
7804,48,81.24530779,169.8203727,Male,1733.632806
6861,33,52.6360589,189.8075357,Male,1585.463836
7863,24,64.93753549,178.0943005,Male,1677.714605
4959,54,59.33435333,172.4479861,Male,1458.518506
7525,29,66.62879331,188.1276858,Female,1601.089856
2226,33,75.70946596,165.4238886,Female,1501.107224
2837,42,85.74834,158.7359657,Female,1427.829456
942,60,50.88543822,151.6020419,Female,955.3076053
4951,21,67.40111546,180.3990868,Male,1660.00934
7867,61,67.94255006,179.1080165,Male,1560.693094
5357,56,47.20686664,157.9222345,Female,995.2504391
4284,36,34.41183996,157.7098085,Male,1140.161557
4098,55,66.09948595,181.3396944,Female,1285.843859
8410,51,39.91885095,155.5618298,Male,1077.56221
1026,51,78.05213977,171.39113,Female,1401.654102
3269,29,78.41736083,180.0389334,Male,1844.440822
1273,54,68.35378225,153.3952362,Male,1353.568915
6473,37,73.01195222,169.0168972,Female,1458.793244
2871,63,51.32718038,154.0389382,Female,1019.919546
8840,38,74.29019811,155.1490434,Male,1537.187522
4193,59,66.28937332,165.3464019,Male,1440.360682
6775,59,87.97056285,177.0957104,Female,1544.730825
2204,44,105.189558,161.5772754,Male,1853.489355
1372,56,75.51213315,168.613932,Male,1598.704099
7553,47,43.78090585,183.4979482,Male,1374.794284
7476,51,71.66742306,160.9050001,Male,1434.879337
5196,36,103.8216002,164.4344515,Female,1642.393397
8711,49,66.24027719,157.5993028,Male,1463.017014
4669,60,62.03690872,172.6888396,Female,1285.79416
424,45,72.17533501,184.8432777,Female,1415.089357
1600,58,32.45205741,164.9692486,Female,941.3991517
3106,19,75.92492877,180.6462131,Male,1831.817189
8905,32,62.15483365,167.2747211,Female,1266.907097
3397,55,56.90958918,168.7699165,Male,1357.703369
7563,56,60.37773525,183.4067734,Female,1288.960098
3128,52,76.46601165,162.0392975,Male,1527.169987
285,45,82.52638738,166.3398418,Female,1427.686522
302,48,62.11079019,169.5103665,Male,1404.596041
7059,54,85.6732448,174.6103229,Male,1707.103541
4796,38,64.75304947,161.0993924,Female,1276.06872
2433,36,68.83707533,151.0170408,Male,1498.247502
8542,42,81.47727123,177.8938262,Female,1583.012812
356,50,82.96123826,166.5410376,Male,1662.089431
3010,23,49.91191594,147.8981274,Female,1120.674586
7512,18,81.05572711,168.3117593,Male,1778.205877
5766,51,83.72704744,177.3300654,Female,1537.003073
1122,58,78.55627461,159.7066154,Male,1522.930091
1162,50,61.81327452,167.1279187,Female,1271.748049
2263,46,82.46613054,165.409497,Male,1623.749512
4575,25,97.80841162,161.1438505,Male,1772.503946
5738,49,75.75486054,177.3914976,Male,1710.051456
5081,49,55.92631168,172.9347902,Male,1287.203809
8058,61,80.69368268,181.4188649,Male,1611.766445
1,28,80.27013236,167.5417578,Female,1541.270812
3706,36,63.57099863,168.0682793,Male,1507.911011
6367,32,89.29182312,172.5630722,Female,1639.422736
5748,58,69.8884402,176.4039153,Female,1300.962766
3115,37,61.43970396,165.1523795,Female,1345.21278
3361,35,77.6345077,175.1942512,Female,1538.682478
590,62,51.50616955,163.5997383,Female,1044.998794
2037,62,55.41296542,178.1853614,Female,1269.180763
6930,61,82.3506613,177.7259354,Male,1661.53555
4180,34,74.35779798,157.6491502,Male,1411.128527
6965,58,54.27485564,179.2292218,Male,1361.274931
6934,47,80.7489008,187.5976863,Male,1769.913077
812,57,74.60972609,175.4808949,Female,1363.682482
2779,35,78.74123782,167.0551252,Male,1689.663959
8756,28,64.4161663,162.9130246,Male,1531.03454
571,33,70.13864683,173.5881038,Female,1509.164632
531,25,77.99067993,149.6453504,Female,1437.17044
3775,39,64.05926016,165.9348767,Male,1522.875925
3800,40,41.18291251,182.1664878,Female,1277.101293
3233,41,76.84709054,181.2486735,Male,1764.834375
6099,48,78.20476378,181.5488209,Female,1482.84437
1455,36,54.470643,168.4522242,Female,1361.688972
2631,63,64.02756245,177.3762432,Female,1303.821125
3709,41,78.64755227,147.5822858,Female,1435.64022
6518,42,71.26380999,179.7212402,Female,1469.533286
2507,44,56.30030348,171.9828174,Male,1399.020116
4009,60,91.17046605,152.2494196,Female,1413.443935
4940,29,67.28183814,175.7033456,Male,1678.922659
427,61,75.71861891,175.6393212,Female,1418.347852
2316,27,88.35316697,173.7753975,Male,1897.851129
165,18,68.08031059,178.0820713,Male,1785.091455
3833,55,77.91712998,172.4637365,Male,1495.747266
6758,29,70.72013455,180.6398553,Female,1569.554836
6103,24,56.82609459,169.2458416,Female,1338.99127
6621,61,67.67483776,186.2048307,Male,1481.513277
6282,45,107.113802,167.4795054,Female,1685.543415
4026,46,65.60043973,174.7191525,Male,1553.071467
484,63,70.68094755,181.6490899,Male,1505.420567
8587,22,47.28869677,188.1821508,Female,1294.218732
8125,32,48.11308525,157.7185443,Female,1143.779894
8333,22,66.66337309,161.0708154,Male,1565.200964
7774,55,86.39520113,175.7884332,Male,1729.636406
103,19,87.45406483,168.6614213,Female,1582.802898
1843,18,58.3487753,163.4324408,Male,1401.33632
1132,57,61.25089479,155.585247,Female,1132.035518
1268,34,59.41616083,179.4358533,Male,1520.602027
5816,39,59.77642602,184.273366,Male,1530.216637
6102,19,80.91725099,177.955954,Female,1632.952165
3549,18,50.30944573,170.6797941,Female,1240.24289
268,52,79.03324568,172.480054,Male,1629.535416
2095,50,94.61627263,169.9458116,Female,1525.573394
1197,38,62.94015315,170.5535255,Female,1262.215549
657,59,77.82256661,180.3776046,Female,1401.418331
8465,36,67.73636726,173.2042035,Male,1555.987852
907,42,44.16313989,187.8791117,Male,1447.107954
8538,20,39.61161337,182.153532,Female,1324.189908
312,53,83.06959092,152.2419438,Male,1444.400375
3037,29,53.68526465,157.518306,Female,1202.970714
4107,31,72.34246386,161.1905567,Female,1414.903027
5904,64,65.63304341,190.8465414,Male,1530.14369
8654,30,49.13502378,177.0404674,Male,1455.752934
6318,40,53.65636021,167.7824667,Female,1214.737469
2171,52,76.85551359,173.2599639,Female,1376.948221
8124,24,76.67816202,159.1707053,Male,1612.298842
1040,22,80.37710737,177.9219738,Female,1549.178626
7096,61,88.74821803,178.4072835,Male,1669.269705
8983,29,62.19169809,161.2527107,Female,1399.124108
6032,61,120.549697,184.7412762,Female,1994.30037
2281,62,91.6672833,169.8356878,Male,1689.537869
3702,26,58.53451215,166.2251653,Male,1552.656957
7443,28,53.14422718,176.1569132,Male,1567.330652
6293,24,85.02889478,176.7825775,Male,1811.299492
6985,61,61.68527023,169.5562769,Male,1377.690916
5410,38,80.69071295,178.248822,Male,1715.212051
3409,21,42.64489474,163.8214795,Female,1196.867766
5711,38,116.4672796,176.9648036,Male,2020.224858
7057,18,62.92872024,152.6864005,Female,1349.43232
3627,46,51.03166188,144.4251507,Male,1227.823033
7936,48,79.36566027,190.7951257,Female,1491.04795
5308,38,87.88691817,162.9584445,Female,1662.988147
2052,62,54.29526686,185.9434564,Female,1186.991156
5529,49,78.84260667,170.4863557,Male,1597.228749
5786,36,73.54607209,174.9813244,Male,1654.442057
7855,63,69.8297075,183.1607705,Male,1475.37985
3040,28,65.41501937,180.1312062,Male,1629.983912
5443,33,32.65340897,169.1757499,Female,1060.122598
5555,30,75.5345179,162.6864278,Male,1565.020548
6383,46,53.04569348,164.2742734,Male,1428.188262
3606,32,70.32848188,170.2957114,Female,1432.991989
2546,49,66.87081642,156.973873,Female,1234.206173
1966,30,81.00168888,155.4627525,Female,1461.791982
3970,32,76.49653231,163.1475565,Male,1705.584119
8260,49,88.38451844,162.735935,Female,1538.139938
4721,18,73.58039014,180.8213785,Male,1777.747037
3753,31,74.42021777,166.4096637,Female,1484.232492
161,50,91.50608091,170.4034073,Female,1505.461414
323,31,79.52990938,157.0518244,Female,1490.433287
3987,56,63.21515941,180.3805332,Male,1495.364429
5936,32,57.88891063,158.9842502,Female,1359.589233
3749,31,63.75627287,145.4872654,Male,1441.310919
6869,47,84.29395749,162.6531995,Female,1503.872089
4775,57,76.77804098,171.7983054,Female,1316.79909
2884,34,70.74453344,162.5266812,Male,1554.610591
8268,60,60.95156992,173.6738486,Male,1413.809662
5835,31,74.43126573,160.1159559,Female,1389.208418
5713,56,71.12579082,144.6483555,Female,1221.132573
6852,35,92.82023565,158.7039083,Male,1710.630687
8411,51,70.22838659,176.2152292,Female,1416.923966
4666,53,59.30541169,169.8297104,Male,1346.922696
937,50,69.85444128,181.1414261,Female,1450.995657
4321,62,71.75759301,184.0954965,Female,1361.989218
1608,31,89.18088161,175.4523424,Female,1668.402934
2775,47,88.1463751,150.8304372,Male,1577.344863
736,42,41.14217051,164.06396,Female,1067.329513
3745,37,60.56744891,165.2311719,Female,1345.541235
3660,36,72.14470995,152.8505298,Male,1501.632849
4498,29,93.79474931,166.4408012,Male,1815.201872
1332,36,82.87293038,173.3136086,Male,1804.302084
6968,64,94.62438689,154.1678964,Female,1493.109352
3117,39,63.1068263,177.5215053,Male,1612.702009
1824,19,64.05845909,165.4843958,Male,1631.850647
7830,58,70.81047584,174.3235187,Male,1607.124109
2457,40,92.50258642,196.068038,Male,1938.316468
8067,25,74.44098824,157.7000793,Male,1622.580812
5114,47,57.29852991,168.7012866,Female,1226.537543
7200,24,32.79793718,171.8702108,Male,1358.200507
8578,44,45.8055792,173.0154423,Male,1332.494258
8518,24,94.88908917,153.8532873,Male,1807.158778
3021,19,87.04307626,162.3670839,Female,1626.91887
2329,36,56.3772069,165.2807758,Female,1293.896379
4564,47,51.9065345,176.9081526,Female,1336.358615
7648,63,58.12828612,162.6703607,Female,1193.657314
5915,30,64.82706666,179.4817511,Female,1564.002859
4505,47,33.55234294,162.6047151,Male,1154.507031
979,50,89.09278126,169.0174377,Female,1610.473789
7783,26,65.26520036,161.1881756,Female,1356.146734
6338,18,63.18462027,170.8560571,Female,1388.252358
1485,50,67.57222078,170.5399023,Female,1260.561311
167,30,81.82241485,162.6397015,Female,1505.02397
2896,58,86.91382668,167.2684059,Male,1591.201286
109,41,76.3494825,175.0374152,Female,1418.975423
7868,45,75.42461058,171.300555,Male,1573.721723
7993,53,58.11571696,167.2892295,Female,1274.806663
379,19,75.68184868,161.4029466,Male,1681.647035
2070,55,105.4487474,165.8422141,Female,1704.029268
3155,38,79.57604724,150.756383,Female,1459.743323
8121,27,38.14566833,169.451289,Male,1320.91741
3372,42,63.79067618,169.0520797,Female,1283.932759
8907,38,66.36927031,188.4718895,Male,1729.810527
8488,23,81.89589787,163.8708754,Male,1815.794204
5005,42,84.44126518,181.3990694,Male,1779.314827
4825,35,75.39211772,166.2069486,Male,1558.764583
2223,50,72.47437185,156.0061964,Male,1429.575765
8326,61,40.04040248,170.5764572,Female,1093.039488
872,40,90.48825681,172.3522395,Female,1657.543301
6983,55,73.7882034,176.4371934,Male,1615.205204
4553,24,85.6011982,158.0899632,Male,1715.115483
1944,24,54.56458469,172.5505138,Female,1273.603611
3532,57,75.7977692,187.4909725,Male,1639.364107
6671,26,88.78021832,173.2250873,Male,1836.981014
2953,52,73.52990418,189.3732914,Male,1700.221238
3370,56,73.09019617,161.0906072,Female,1339.709548
6095,50,68.24942546,160.5799312,Female,1182.378513
5090,57,61.24024343,185.9417604,Male,1479.361809
6774,30,75.51652282,153.6551271,Female,1370.497511
123,30,55.52344189,156.2946838,Female,1183.785313
2840,30,68.56690795,165.2104768,Male,1622.077538
7645,32,104.8590321,164.2152324,Male,1936.488381
4891,37,59.58317038,164.8817637,Male,1372.921238
3953,43,79.71872026,153.6279883,Male,1573.544309
4870,57,78.65386996,166.1498524,Male,1559.137056
892,57,79.68002726,176.1835333,Female,1453.736812
8499,55,70.28533668,194.7147328,Male,1618.146806
5405,39,54.4755812,170.8690922,Male,1279.531883
991,22,93.25715733,182.2835718,Female,1792.565177
6231,37,73.01117755,181.0957428,Female,1426.398784
8990,29,65.4188396,169.7896438,Male,1579.861261
3245,64,53.19011925,174.9541012,Female,1096.50751
6341,42,34.2797392,165.2236608,Male,1116.717719
4387,21,94.65487571,163.8747335,Female,1708.580533
1282,36,95.19424866,167.3699223,Female,1611.306632
8721,57,87.88788597,175.0703701,Male,1676.13723
8023,36,58.11196158,166.0379036,Female,1208.776371
1599,54,50.87474457,179.5993186,Female,1259.725763
2273,26,89.16482752,167.290283,Male,1669.820752
6847,24,53.96366238,164.7268457,Male,1420.592827
8429,35,75.99392348,165.1260472,Female,1491.98337
4125,61,43.03342957,175.6075932,Male,1273.483723
1018,20,77.28788452,186.5135585,Male,1800.565267
5415,47,89.21039537,160.1008262,Female,1441.28359
3480,33,66.97196347,158.6932628,Female,1446.873851
6162,35,59.39990594,174.3384797,Male,1505.656706
7479,20,81.35157338,159.5870986,Male,1776.871218
5908,22,59.26157179,176.325001,Male,1639.452255
4300,64,81.31943537,165.8009789,Male,1605.87161
1951,52,68.72672608,186.1568769,Female,1329.726093
4895,32,58.77543103,154.684069,Female,1199.707913
687,31,66.73975323,171.6248035,Male,1583.439838
8459,40,92.52240096,170.9745426,Male,1782.046687
6173,37,84.56329164,165.2330802,Male,1725.477023
2799,19,76.2694186,180.2289472,Female,1650.357918
2488,58,77.36355747,152.9307505,Male,1403.241508
6385,35,50.91847699,169.7349963,Male,1385.220664
5561,21,67.34481103,156.2360074,Female,1410.15442
7330,64,47.42717295,152.5963826,Female,888.9707812
8458,57,78.47240073,167.695939,Male,1642.056036
3221,20,66.6766041,193.9983013,Male,1863.779109
8063,28,98.25870175,159.8421199,Male,1928.349575
4577,24,78.36602981,160.0449336,Male,1637.115606
4543,36,40.14518707,143.7841797,Female,912.259838
4236,39,84.97637381,166.1841755,nan,1603.415022
1188,30,54.96601167,173.7897426,Male,1502.322369
6756,23,77.63867681,163.3361732,Female,1607.492939
8698,19,66.31693972,160.2980869,Male,1548.949212
4742,25,51.28432058,163.3765113,Female,1195.371591
352,43,59.07984578,164.7049342,Female,1125.797888
220,56,76.7151442,152.3536809,Female,1276.750693
2219,18,84.63867253,173.7219195,Female,1691.537434
5158,40,70.36406641,167.0527631,Male,1651.343485
7546,60,85.54096931,179.4651164,Male,1654.937883
5009,45,52.2653338,168.6167189,Male,1340.242509
8492,52,80.16959299,176.6864329,Male,1606.35554
8080,58,52.27070124,182.7783022,Female,1237.721715
4676,52,81.68866404,171.0567409,Male,1655.234628
2082,54,48.16077645,177.5649481,Male,1296.617945
2651,35,101.7822035,155.9065062,Male,1922.162884
5924,31,49.94378994,165.6063858,Female,1259.346197
2280,45,71.79102496,161.834601,Female,1246.803549
8723,52,58.07645801,169.6521202,Male,1364.242804
2527,61,85.18777466,179.845902,Female,1536.080055
64,35,70.82936608,166.5271509,Female,1489.106783
5837,58,75.2786203,172.1425479,Male,1625.501356
1809,46,66.23498445,176.9177747,Male,1538.573978
5920,50,65.64176102,167.2878414,Female,1298.887237
3183,34,84.59002868,150.9578348,Male,1552.196942
7795,52,81.28767181,174.9919942,Male,1632.125677
2040,50,70.36861792,169.1580491,Female,1358.468394
3533,59,71.44974423,173.1434684,Female,1290.557555
8998,40,69.70942914,159.6031671,Female,1317.813677
5505,29,43.11277523,161.6291968,Male,1244.529182
6471,64,78.49440787,175.1411477,Male,1532.762196
2160,51,55.0975324,168.6380375,Male,1387.533663
1045,37,60.30106124,184.8076242,Female,1384.347484
5876,47,56.03101192,188.8528488,Female,1295.875282
3161,19,73.56061112,179.4008166,Female,1739.980218
5889,41,53.11015511,171.7861609,Female,1247.350074
6696,64,65.58035509,166.1277524,Male,1332.940784
7000,44,68.49560993,157.2236749,Male,1399.115562
8036,50,99.23380525,157.7239459,Male,1729.86194
1032,48,70.98614565,181.6961954,Male,1668.840914
1506,61,73.35199425,181.4894363,Female,1504.425952
8351,20,92.10934303,168.7048857,Male,1903.929306
3750,52,68.08839584,160.7125711,Male,1415.077434
420,32,70.48158813,166.042585,Female,1385.456701
1949,59,73.43819189,171.580135,Female,1282.608203
4651,35,54.50080078,180.543212,Male,1490.489778
2932,26,43.14040349,184.140931,Male,1380.088991
8318,56,83.38755269,156.7301995,Female,1420.361298
2134,38,43.56422268,183.1834365,Female,1172.328085
8973,42,80.53880113,172.298965,Female,1550.42451
388,42,72.07426721,167.5806147,Male,1631.803566
4204,34,76.18168533,171.6529289,Male,1726.466916
1650,43,81.55990297,148.9457205,Male,1491.54884
5263,59,71.62309746,166.1355793,Female,1320.597637
7206,41,53.61595793,167.976368,Female,1166.244532
5822,42,70.68308286,186.67225,Male,1698.154989
1401,28,92.5459219,186.4253412,Male,1995.18987
2167,35,71.46346748,176.6843181,Female,1506.671865
628,22,105.2208743,177.5741126,Male,2105.70645
8451,42,64.80813951,174.5507804,Male,1553.870613
4871,33,107.9107743,169.870474,Female,1843.261922
738,62,56.99899244,183.6559914,Male,1312.908226
7672,44,56.81100971,178.1309046,Male,1449.108942
8393,40,65.79988651,163.4927335,Male,1454.411876
6463,47,81.59506804,165.8761651,Female,1449.886782
8086,58,51.81501926,161.8800874,Male,1289.774445
7326,40,50.5508324,172.34025,Male,1328.601758
3502,32,92.53233844,148.6132346,Male,1612.002214
6139,22,60.2345957,158.1658186,Male,1500.949593
6538,39,61.83666425,186.9686632,Male,1683.636218
3156,48,67.69756125,166.9908724,Male,1447.836914
395,39,87.08344154,146.5481667,Female,1500.150638
3168,44,85.54727597,183.6221592,Female,1571.927968
6840,49,60.99934066,175.8104503,Female,1235.201784
7636,38,93.15137804,158.5615396,Female,1543.902284
5850,37,111.4756557,179.0338267,Male,2034.908972
5390,51,64.13006047,170.7117091,Male,1512.582635
834,48,52.94688308,167.9639327,Female,1159.108821
6036,58,66.49618216,160.0545473,Female,1208.545174
6451,62,74.40979441,170.1287703,Female,1345.774911
3219,40,78.26926004,159.6831529,Male,1605.506429
8449,35,62.69216756,169.4226316,Male,1574.356734
6423,33,92.85747717,170.4270901,Female,1678.813382
3918,41,75.67226482,166.5893495,Male,1552.926792
5982,52,60.53729413,187.7920368,Female,1345.512646
3499,35,62.43388167,160.6733729,Male,1441.870955
401,27,100.4514073,168.3621156,Female,1695.500001
2035,21,68.34217898,150.7148003,Female,1346.787363
6349,35,55.25390157,176.6142299,Female,1209.680604
2542,41,71.51621374,174.2978859,Male,1597.173703
4637,53,62.6371218,190.0403739,Male,1537.909848
6600,44,59.88451781,150.990586,Female,1202.239441
2192,37,61.06002674,172.1742943,Male,1527.147091
4957,18,52.38152433,167.6726082,Female,1375.927995
998,36,76.00749899,170.0133135,Female,1472.558729
5862,21,31.63516123,179.2543223,Male,1412.661323
2443,60,59.84862478,178.2381919,Female,1333.74669
5499,48,67.31544289,144.7860999,Male,1440.720454
7049,54,57.13324424,166.7935182,Female,1186.038627
4209,30,50.40307765,165.055212,Female,1131.904167
6004,62,48.91623014,176.1317325,Female,1130.081015
798,40,46.96950565,163.8644582,Male,1284.058436
710,49,52.71090792,179.0385005,Female,1273.650745
8960,43,80.15948454,156.0840573,Male,1544.797274
1438,63,83.22509064,169.3119273,Male,1668.836963
2055,35,59.16457716,187.883309,Female,1473.25977
8373,50,70.51616158,156.8500762,Male,1449.531576
4839,60,73.90520947,188.2350734,Male,1694.249459
4085,62,85.31007429,162.1016456,Female,1300.605496
6870,18,69.03174893,166.2618855,Female,1457.869955
4269,34,71.23167322,187.3726855,Male,1746.493174
2700,25,76.84830119,162.513036,Female,1407.592295
1002,61,82.46097192,173.3832692,Female,1456.546387
1028,51,66.11958358,177.5730898,Female,1366.207317
2622,57,63.31446387,176.0833967,Male,1460.69534
3553,61,89.99748105,157.9902172,Male,1672.925407
4916,56,84.55059247,170.8500019,Female,1451.668866
171,37,33.28642982,163.2582907,Female,960.9689942
709,50,96.0010974,183.3204565,Male,1852.398284
4090,25,44.9009012,172.9047048,Male,1444.020157
6790,32,82.5971835,176.8335579,Male,1729.007541
8605,59,66.33966137,172.8374014,Male,1365.759263
4004,48,65.73596891,158.0071212,Female,1216.652362
6400,56,53.08716401,165.3068201,Female,1101.256964
3064,49,47.54005224,159.5754395,Male,1244.223203
7091,57,71.98045151,148.0774854,Female,1282.943961
4201,41,70.90871682,177.0988149,Male,1567.726108
737,47,40.32174867,173.6889486,Female,1093.153261
5526,45,61.85998375,162.0286967,Female,1262.169987
7776,53,101.7305226,177.3682724,Female,1668.674712
1927,30,78.09327973,178.9173594,Female,1655.675409
2252,36,82.03046523,165.8117744,Male,1707.569544
2606,48,88.47845611,170.0383733,Female,1574.2992
3816,63,96.63166118,178.4481587,Male,1688.310146
3529,46,52.74726408,176.3762943,Male,1349.64733
7576,44,28.62066437,170.8574135,Female,1026.695971
6090,39,56.54560276,168.4335037,Female,1280.695784
6299,30,58.97703545,176.3244448,Female,1421.863262
2022,55,71.12545223,176.9640627,Female,1287.016414
8515,45,45.76836882,163.7856444,Female,1160.065137
6705,45,63.56898383,170.7188825,Male,1454.385555
3571,34,67.73624267,182.8824516,Female,1498.436941
8200,37,83.72346912,169.6610098,Female,1615.343321
8717,28,85.27890431,163.4568887,Female,1535.037676
562,29,74.69251131,176.0140991,Male,1676.626633
7451,31,75.70113963,170.296805,Female,1543.85457
707,59,79.35797433,153.7976266,Male,1491.61074
837,26,78.39786573,178.3253473,Male,1793.064724
8894,20,50.31821954,168.3870796,Female,1199.731777
6370,35,78.67370537,172.6599723,Female,1507.904604
475,20,46.73517689,176.5755871,Female,1283.4061
7338,53,64.8537026,179.7663912,Male,1496.74322
1042,63,49.93622014,169.2287098,Female,1066.447877
7889,49,56.29649583,161.3783805,Male,1275.867774
5057,46,53.76795324,163.1086921,Male,1373.250698
6490,46,84.07989969,155.5378724,Male,1598.122279
2147,60,82.56206217,175.0786737,Female,1394.249434
3138,39,91.06048971,179.0085538,Male,1810.524251
2169,52,67.61898519,160.1646875,Female,1224.280696
2293,48,86.58275225,158.3194768,Male,1544.368961
1769,36,89.44563455,173.4233187,Female,1590.985042
1414,38,65.96029118,161.4639589,Female,1378.159573
8502,22,87.48760329,148.7956086,Male,1684.684445
8925,55,76.21223327,165.5850096,Female,1333.250696
4425,25,44.46224871,165.2691441,Male,1390.839859
6753,46,63.90893394,152.7302547,Female,1110.262183
8686,59,51.57812015,191.3806185,Male,1325.575486
7809,29,64.14427322,189.137243,Male,1673.214535
2539,52,61.048251,158.3681461,Male,1364.972195
2413,35,75.03556566,192.853498,Female,1587.200436
7944,61,58.7001666,182.0104948,Female,1191.007782
175,51,58.17198245,185.5932622,Male,1539.288697
2460,47,63.98514015,154.6810708,Female,1187.238183
3586,19,92.70717669,163.5913415,Male,1862.907575
1187,22,67.25494746,179.2695188,Female,1564.260107
6561,59,52.01052283,170.1928878,Female,1157.181475
5514,27,60.76145534,181.0265205,Female,1414.011806
4811,60,74.69967184,161.4310458,Female,1285.215348
6715,20,71.05909957,152.8084924,Female,1419.118252
3928,55,78.05465388,172.0337367,Female,1421.206495
1540,21,63.54969386,164.192162,Male,1527.557296
1851,60,67.46199446,172.3994755,Male,1607.86988
3563,59,79.5317975,161.7845603,Female,1397.260602
1710,50,59.54135599,173.8099447,Female,1294.526677
6138,64,68.93578753,167.1227206,Male,1418.867807
3947,45,74.29287286,179.6940805,Male,1758.691049
4037,39,65.70163564,174.2592939,Male,1468.656445
1160,49,66.57168256,180.7728251,Female,1523.378997
988,29,71.15429868,181.8679499,Female,1549.447247
263,26,52.22920682,165.5288664,Female,1349.684121
7838,39,71.57487296,162.1877974,Female,1342.53411
5566,52,61.99410402,162.4500235,Female,1194.617916
3630,37,81.57925322,167.9640625,Female,1499.712449
5103,30,94.49344479,160.3244723,Male,1837.937091
2369,25,60.26853446,170.168674,Male,1543.124722
4120,57,93.4721648,172.1249244,Male,1763.957373
4051,45,68.97920237,159.5102056,Male,1462.178926
5560,34,56.71595671,202.1383936,Female,1398.651385
2417,58,51.9553282,180.8355645,Female,1251.772697
3542,58,67.36133655,164.035971,Female,1303.487591
7585,35,37.99130447,173.6521382,Female,1118.671327
4584,60,86.92950875,174.0883759,Male,1591.743507
7977,43,53.2878906,172.088102,Female,1201.99823
5543,20,32.74418169,179.1306567,Female,1256.587176
2767,21,66.933061,169.8531351,Male,1715.897582
4440,47,46.44469486,175.0002312,Female,1060.113832
5801,29,76.71919289,184.7427044,Female,1680.121086
8557,31,90.27143899,160.8750657,Female,1635.761826
5285,47,97.87511701,165.2801052,Female,1581.786236
2397,54,67.6627807,182.771029,Female,1374.623862
1252,32,80.06628948,157.0765396,Female,1373.087964
8083,21,93.6744508,168.0486383,Female,1752.212176
6609,50,90.57816961,168.6833261,Female,1539.042284
4615,54,59.88618055,178.4728624,Female,1345.143546
7362,48,71.83038092,157.8798691,Female,1289.033576
6808,51,75.89919242,169.6621163,Male,1560.599802
4930,23,89.31706846,164.2194959,Male,1809.922787
1382,55,60.27584138,156.7477253,Female,1143.091737
3530,54,78.18499213,161.2703771,Male,1466.201359
4017,39,68.88651628,172.5846615,Female,1407.472561
1230,21,41.42042047,172.4517096,Female,1183.691773
6615,58,76.46229312,161.2803966,Male,1454.883328
1108,36,61.70686825,159.0461452,Female,1259.165901
2559,53,81.16023575,160.2037895,Female,1368.534877
4356,44,79.27232983,184.9756511,Male,1821.680212
5966,37,54.74880765,163.5757047,Male,1479.632124
1658,32,103.1175375,159.0842332,Male,1847.860135
3726,28,77.77010773,188.6166225,Female,1666.920361
93,48,81.59296407,166.9091113,Male,1649.51756
5206,46,63.22813037,162.4690928,Female,1179.175448
7302,20,52.24292869,171.2844095,Male,1470.781303
5489,48,99.09944224,157.5514123,Male,1664.908807
3310,39,60.0222795,184.4857279,Male,1597.974253
3778,33,55.18230059,178.4771486,Female,1375.989759
4612,21,94.03326273,177.321396,Female,1778.713332
1211,46,64.77226314,160.9881927,Male,1374.205414
5760,40,70.41737903,167.2465409,Female,1353.414705
4250,31,60.66516708,171.8298792,Female,1301.771528
3298,31,87.82282408,183.6948725,Female,1609.884813
3264,36,63.94975069,167.4737258,Male,1553.978676
4727,19,70.94972631,164.9894129,Female,1595.32871
7811,55,69.27049576,167.6259226,Male,1393.621526
8874,55,58.53751029,161.4738906,Female,1121.229098
2239,46,95.70856507,182.6319573,Male,1898.48831
139,22,78.48587528,168.4840105,Male,1720.797008
6055,32,59.83655673,171.0501132,Male,1557.705888
7054,59,49.43379633,176.3360187,Female,1102.356285
499,23,85.13153116,172.9329968,Female,1608.133482
6669,24,50.13005715,174.1854937,Female,1263.911144
3531,64,47.64640319,183.1092943,Male,1361.322581
6230,48,120.8152496,175.6008366,Male,2068.643794
4888,29,89.43309851,183.1997427,Male,1860.208951
2956,59,65.41204648,181.5180906,Female,1361.849937
3565,58,65.63886743,156.2334835,Female,1212.985728
5972,54,62.36201682,163.2425493,Male,1327.089139
7081,24,64.42501959,165.6050269,Female,1368.606577
8107,45,48.88010238,165.3864697,Female,1087.745086
7393,26,79.6000387,169.2355984,Male,1686.866352
3405,36,81.00284872,158.0684489,Male,1593.98197
7932,42,64.52144805,176.8992331,Female,1402.310166
8597,22,89.62468488,168.1584244,Female,1599.734898
2525,44,67.21602772,179.1380825,Male,1503.6265
3489,33,38.05057813,149.7774685,Female,957.8898578
6353,28,88.24505678,169.806618,Male,1860.767375
6439,19,71.25468193,187.9895428,Male,1814.40448
5481,63,69.17736375,174.6613005,Female,1310.571663
6598,57,60.16604913,187.8920385,Female,1305.925665
2519,53,44.95022153,166.9501712,Male,1208.650486
4174,49,68.78868964,154.5678779,Female,1288.759108
932,43,45.38272501,172.2753569,Female,1185.339857
3062,25,72.5232787,164.0282968,Female,1443.974284
190,63,82.86767783,163.6686433,Male,1491.43089
7263,27,84.08680183,165.4813431,Female,1545.743039
1423,55,81.19360427,173.869092,Male,1590.02804
6619,59,69.55656124,166.5653096,Female,1222.110896
3963,49,89.27806977,181.0911961,Female,1674.379934
1050,33,47.87969447,152.5181887,Male,1221.857109
5995,37,65.06888769,161.0751315,Male,1434.271651
6551,47,76.45936466,166.2553328,Female,1279.737614
5568,62,56.32090601,171.139668,Male,1272.957203
8762,36,55.23184778,156.9720023,Male,1309.754109
1183,54,87.97080296,164.6271505,Male,1580.250335
3728,20,66.50280429,160.3872169,Male,1569.168482
888,45,62.64798054,178.4460678,Male,1553.494618
2034,23,63.86496888,176.0472447,Female,1508.343124
6946,50,46.66725442,167.6900356,Female,1108.819485
831,21,67.89539869,171.9939738,Female,1497.289421
6093,41,50.7377909,171.2758785,Female,1144.649558
8000,24,93.2235859,177.7680237,Male,1865.433498
1890,20,69.54902491,185.0889483,Male,1846.701546
4412,32,92.28662975,166.6132207,Male,1752.265706
4199,35,73.47602893,175.9436761,Male,1731.908581
4258,58,83.67942475,161.184632,Male,1519.792398
4738,27,108.0986854,167.5614201,Male,1934.900186
4314,56,75.17434869,175.9010399,Female,1344.618272
6719,37,56.08588868,183.1620524,Male,1574.43422
65,39,78.28194388,173.5904344,Female,1601.535441
8918,31,73.18275196,173.9665685,Male,1754.678067
8712,45,39.63333129,166.2875033,Male,1164.186268
5750,30,54.93197836,174.6108292,Female,1277.811317
6248,42,75.43085455,169.0628432,Male,1542.337061
4353,43,87.86264257,167.1271266,Female,1461.087163
5290,19,82.64355196,183.8318818,Male,1907.072434
466,60,69.35737523,163.0988926,Male,1465.111326
2751,27,42.48587426,155.0986011,Male,1287.405401
1316,23,86.64848355,163.219686,Male,1776.909537
1097,60,88.73084238,163.9489079,Female,1431.550596
2338,39,56.01190601,159.7048285,Female,1188.074905
8335,44,52.97112256,172.4400181,Female,1343.898895
7147,55,50.53526753,169.960072,Female,1136.124003
5461,64,72.45106815,169.520253,Female,1325.855901
8750,64,72.94515922,174.1434898,Female,1378.321314
1115,50,87.02300592,173.3521716,Male,1677.343158
6849,26,109.0283928,173.0821071,Male,2117.073416
1294,62,81.84159096,171.5218324,Male,1496.229469
2015,39,73.93353817,165.7085139,Female,1454.694551
3185,26,73.70001941,165.0019966,Male,1629.812289
5595,60,60.28763906,168.6755648,Male,1293.944044
1272,38,67.94750831,170.734172,Male,1527.911979
976,63,55.27245653,172.7490888,Male,1308.979944
8646,30,35.23529495,180.9494956,Female,1204.094153
3170,61,58.64075661,156.1145357,Male,1241.14207
7840,39,82.12350391,194.693665,Female,1658.531409
6788,49,54.72578229,179.7240102,Female,1219.000321
8096,18,69.16250502,157.0869987,Female,1456.745514
4342,49,76.2663041,182.1758128,Female,1557.047338
7579,25,92.98144606,163.6210612,Male,1737.79229
933,19,79.6704386,169.0052341,Male,1733.436878
5782,31,74.69427765,163.9638239,Female,1394.330051
7896,45,76.97602265,163.4014001,Female,1425.667714
6124,50,82.98775222,154.0541272,Male,1643.603324
1276,29,79.27151796,159.4417526,Female,1473.04685
2744,29,77.6961986,174.5534007,Male,1650.902389
1792,63,56.28755847,163.0572878,Female,1049.995025
612,50,41.66494561,166.3598043,Male,1186.808581
2168,58,38.64638205,193.036145,Male,1346.40866
4434,25,65.47126671,166.112209,Male,1515.12593
3602,24,88.57053398,159.9861559,Female,1474.21038
7151,34,63.72114517,178.1018,Male,1575.553305
3612,20,81.0965587,167.8033549,Female,1595.152026
3033,35,61.3496284,176.6458707,Male,1626.038097
8507,41,81.00876121,163.9229049,Female,1482.840716
416,60,59.78039541,156.7305102,Male,1261.619293
1714,42,84.11670289,165.6762929,Male,1618.412457
6312,58,77.50090335,185.2556996,Female,1520.82726
8593,55,44.51161738,162.8268945,Male,1273.519699
6240,28,86.51276248,188.552757,Male,1840.496427
6656,45,81.62016538,174.9147787,Female,1551.238653
7436,28,61.95015384,183.3314149,Female,1492.301532
6394,64,59.28423499,181.7737387,Female,1260.240825
4089,37,47.91639143,154.9630598,Female,1094.277099
6358,60,84.29181715,163.0520641,Female,1440.578009
6552,63,66.54581539,174.6072876,Female,1284.438143
5127,32,52.2703399,173.8825752,Male,1461.825228
4168,51,73.48791676,163.2890981,Female,1365.567692
7140,21,38.7956156,183.3112703,Male,1472.657931
6791,51,72.04799784,177.5999884,Female,1387.881656
8236,20,77.56600751,163.396003,Male,1692.66949
5506,31,69.26336959,180.7764512,Male,1737.246666
25,21,86.12431575,173.5455026,Female,1761.114811
6920,43,94.71129592,163.2349354,Male,1756.569945
803,31,72.09372793,178.4350652,Male,1637.960594
6428,48,86.84736188,165.2062509,Female,1496.268735
8980,54,80.7093194,167.1652126,Male,1633.388323
2092,21,47.87527588,172.8528321,Female,1263.534859
5851,22,65.82044326,169.6597638,Female,1463.552435
6859,60,81.07412376,174.2016087,Male,1579.670875
2588,38,69.40444792,171.8033975,Female,1363.002991
1069,22,69.54179086,160.6265787,Female,1438.394845
269,47,81.07368184,162.4237048,Male,1571.500707
7852,55,83.1090942,156.588258,Female,1370.024752
6757,43,68.66940819,160.1223687,Female,1303.672473
4015,59,95.04286344,163.1083061,Male,1672.167491
7754,24,56.72672492,164.6587964,Male,1432.321324
8201,52,76.41505284,189.4683127,Female,1514.337478
7457,60,24.03880467,170.2752963,Male,1004.513214
4994,37,60.88025822,161.1737085,Male,1431.950785
8700,30,77.58342737,166.5807744,Male,1649.101858
5854,22,55.83743376,182.2269096,Female,1388.306695
3424,36,50.81527595,168.7453899,Male,1395.237797
8871,35,82.83152774,164.1814365,Female,1591.289467
1152,23,88.7323806,176.327758,Female,1686.848625
157,50,72.74458119,159.720695,Female,1323.973177
8736,55,59.35171285,182.5144175,Male,1495.429654
1068,48,55.57285717,151.97055,Female,1110.304892
202,42,58.65834361,165.3156823,Female,1376.178246
134,55,78.74003048,136.7601672,Female,1163.012784
1516,59,85.98716139,163.7118053,Male,1592.347048
984,35,61.9915808,175.096502,Female,1382.592722
8524,39,66.96043137,154.1468807,Male,1464.653056
4744,23,85.06310428,161.214988,Female,1467.092526
4786,19,67.38909882,179.6746722,Male,1823.824245
4893,21,84.97181056,154.3934495,Male,1638.695103
4371,30,69.77663073,147.595506,Female,1298.511095
3999,41,69.01348292,173.0696661,Female,1455.212304
3590,44,67.13230625,,Female,1365.651282
5539,28,67.39607886,172.0498873,Male,1559.155213
2748,18,88.15899397,176.8428206,Male,1851.953509
7920,43,69.1686958,169.3054853,Female,1477.736663
4622,47,53.56190485,151.0749685,Female,1025.07044
5606,55,83.4520739,166.8794687,Male,1545.281551
4087,34,70.01351117,167.950582,Female,1442.150274
6281,20,91.09954426,183.0519212,Male,1942.239916
4096,23,44.75297091,180.9188913,Male,1407.851489
6569,33,61.27226953,170.1190754,Female,1386.776065
2210,29,84.26224348,172.6655149,Female,1680.499593
8611,56,67.45811431,187.0703207,Female,1387.330763
2131,55,55.94833512,159.5421971,Male,1218.520142
8937,39,93.36993697,160.1772489,Male,1711.689443
7767,45,67.19360738,159.5275786,Male,1542.718094
7947,46,66.97840019,157.6117732,Female,1197.18911
5070,49,98.76062677,178.6818101,Female,1643.504342
8224,27,57.20662189,153.1229486,Female,1249.420514
309,49,70.28379208,159.2654776,Male,1499.421102
1492,32,53.94312503,173.4868298,Male,1433.904599
7653,61,74.15513577,190.0012086,Female,1505.587561
4858,60,45.08068657,169.3486529,Female,1011.402295
1877,51,63.3462369,173.7781266,Male,1424.872447
3566,55,59.37296888,183.0832936,Female,1326.311087
6443,20,68.90141981,169.5775162,Male,1707.38376
8516,64,58.8463168,184.5674331,Female,1375.162045
4690,33,36.89428157,165.3916714,Male,1247.087804
6233,44,70.33581861,165.064827,Female,1392.998915
3996,52,69.92414679,168.241334,Female,1355.540368
5607,37,47.86109694,178.6576196,Female,1234.820653
1519,61,37.09471611,159.5023976,Male,1126.121596
7629,49,68.9621628,187.3462099,Female,1461.839006
1820,48,49.45957303,172.6630407,Female,1228.359541
1746,38,82.73176635,168.7694642,Male,1672.611151
2792,28,48.36369201,179.9851474,Male,1529.530926
2012,35,58.05990602,157.5382219,Female,1251.9375
7141,18,88.85532651,163.2236546,Female,1646.567514
8471,28,77.16078353,167.3268806,Male,1716.88521
2282,27,40.0627264,182.7762559,Male,1397.338418
7967,34,59.02590053,179.8083779,Male,1604.913292
6340,41,61.92600553,162.99053,Female,1322.838395
8563,21,56.77022251,172.8906601,Female,1387.261788
8716,25,59.30257918,153.534971,Female,1172.666914
651,62,66.61091077,154.784739,Male,1332.058056
4967,30,65.00184651,168.0141493,Female,1391.907131
2833,64,81.8960549,170.0933111,Female,1406.280335
6953,61,70.26941211,169.7520303,Male,1498.467253
5632,24,80.58171073,178.7020667,Male,1878.909628
1262,62,56.98607724,177.0535532,Female,1229.632541
7315,57,68.99180092,183.3486054,Male,1596.2962
1929,29,69.0860937,178.1591975,Male,1687.532684
8532,37,76.76794084,174.5807899,Female,1453.578555
4472,30,71.70595173,181.6498976,nan,1701.21973
3450,44,75.40306574,170.8604327,Male,1561.336677
7198,25,53.69727305,162.4604451,Female,1211.256903
7215,19,59.6092114,172.9018358,Female,1412.326746
845,55,81.93336635,159.9039978,Female,1475.527043
3624,63,97.80519604,165.2765392,Male,1672.033136
6581,52,57.49874291,174.371616,Female,1338.357123
6638,25,96.56944772,173.0020992,Female,1638.186481
6333,37,69.48139386,167.938145,Female,1449.179827
6691,50,67.62183217,167.6986865,Female,1367.735462
7467,18,74.26935037,162.0119392,Female,1504.200752
6611,64,61.70828463,176.5606563,Female,1276.028634
2513,40,70.08720404,191.9097651,Female,1516.391399
8910,44,79.06595717,174.5981519,Male,1689.392837
5597,52,78.1567219,174.2544887,Female,1441.470083
1909,25,63.79501601,173.4877018,Female,1449.726212
1888,23,69.90379473,177.2820514,Male,1793.696054
1192,43,58.45473198,169.4738784,Male,1443.240074
3204,51,62.27395694,173.7721342,Male,1535.135841
6133,61,63.33632414,158.5581591,Female,1114.900796
4489,37,83.07059848,163.1227305,Male,1650.423589
2575,36,65.04389058,160.7697915,Female,1400.5157
7998,19,61.12896699,173.9067994,Male,1588.59188
3506,23,50.67421369,176.3914055,Female,1310.543817
5608,32,59.54256378,195.370381,Female,1468.129364
728,34,94.56334744,168.8304991,Female,1600.005995
882,24,59.18221853,158.2145969,Male,1457.920997
1180,28,65.15821255,165.9218222,Female,1359.200841
931,51,83.4312151,184.1865993,Male,1706.219708
6321,46,63.30266523,178.7920649,Female,1282.86806
4639,26,51.11543193,172.7407444,Male,1447.377361
7272,38,65.72715054,179.4876755,Female,1382.1123
8709,21,67.40361572,168.5253283,Female,1515.812192
695,54,103.652828,165.7862926,Male,1808.003651
6259,39,88.35604415,171.0685116,Male,1746.683307
2114,47,64.13251271,168.6524117,Male,1403.835867
8455,33,83.15165042,165.4951174,Female,1503.087238
4158,64,42.32476604,171.6331323,Male,1236.406792
6017,26,88.75887799,167.7031274,Female,1614.114782
1270,43,60.09849404,150.7295278,Male,1236.759572
6480,35,76.332765,161.2888519,Male,1647.821352
5794,60,84.51277714,157.4914694,Female,1391.192874
8386,62,42.7940153,133.8167059,Male,868.218802
3157,22,84.1257538,164.8351525,Female,1626.200764
1708,56,62.40447632,158.1455567,Male,1302.441662
8632,46,62.33814129,170.6493215,Female,1246.538293
797,61,76.85325943,160.2859929,Male,1598.087826
7815,58,61.70081194,183.1554331,Female,1313.421316
3020,19,51.18204655,171.9365806,Male,1553.318348
6540,62,69.9310849,161.4031062,Female,1257.672594
7956,57,77.79053779,180.0483695,Male,1652.895705
5097,63,74.04023358,169.0629982,Female,1344.087731
2923,44,49.51291485,165.027969,Female,1160.593203
3747,45,68.48107075,166.1921551,Female,1406.281602
8358,24,57.41958548,161.183111,Male,1464.303471
2998,61,86.40569273,162.7259962,Female,1453.650448
668,56,68.02180966,172.0203695,Female,1372.17553
7856,44,57.88789509,171.5099171,Male,1419.385944
7282,24,57.0503784,154.8080793,Male,1434.166462
1175,51,,146.9653957,Male,1279.089628
6962,52,57.04782999,177.2349463,Female,1220.72872
3179,34,65.24519666,164.5626277,Female,1384.288356
7173,32,72.47492221,174.8696642,Male,1699.051006
1916,25,54.58089591,157.1446327,Male,1443.122588
863,50,53.72919506,165.6465403,Female,1190.574865
8146,48,60.14733833,182.492754,Female,1346.523234
1542,27,74.14860738,170.3118966,Female,1460.398708
108,41,51.87115775,178.6769217,Male,1404.817387
7233,57,68.09269074,170.494221,Female,1290.211069
2722,61,80.54924636,161.9632033,Female,1358.189487
2730,35,98.82207776,177.3699906,Male,1878.185127
6897,27,79.67787134,170.5835208,Male,1742.629658
978,38,53.54027211,164.4057432,Female,1184.736346
6780,39,71.67458517,155.9260008,Female,1309.737596
1015,48,83.45107218,158.677633,Male,1636.293833
1525,58,91.51330901,179.4261152,Female,1597.91945
4988,51,49.79833882,183.5358357,Female,1271.939165
569,55,95.59707834,170.4718068,Female,1647.994875
5757,28,70.38062808,174.6272968,Male,1579.83099
4352,47,67.38008457,176.0742352,Female,1529.151777
5772,58,77.99163059,183.7993806,Female,1516.55925
2255,33,65.24182458,179.0414764,Female,1444.593559
6878,40,91.69541053,168.7442571,Female,1718.317242
37,32,83.83779163,186.2772061,Female,1661.49751
5891,20,45.77633477,173.6037507,Female,1320.410312
2379,32,71.10868908,182.4184591,Female,1581.970493
8996,36,78.01804487,176.8319888,Male,1643.469545
8791,44,87.39843691,174.2191682,Male,1716.219917
8908,37,71.88456498,161.7930711,Female,1444.052971
4632,60,72.24192833,148.4031078,Female,1271.839491
5307,47,58.56375267,168.890311,Male,1380.888391
5420,27,83.46068232,159.8142208,Male,1725.972556
1930,41,82.01715029,180.2986773,Female,1527.489128
2665,27,87.14138059,165.6306396,Male,1846.956395
7627,32,40.20372149,165.9747757,Female,1054.874447
6922,24,40.26353664,159.6148779,Male,1215.554711
6364,58,92.01460553,174.7001332,Female,1514.726821
5573,62,82.99994077,164.0735505,Female,1434.39152
7556,19,73.13692816,185.6125972,Male,1722.927067
4133,20,44.06737562,161.7225452,Male,1415.842413
6156,52,54.10590475,183.9106384,Female,1340.550955
2594,24,80.62133453,167.1164601,Male,1676.880503
8802,43,80.19169734,190.2475766,Male,1857.494157
7184,22,45.47795998,167.5598001,Male,1453.326956
3435,46,84.82556182,181.5813471,Female,1539.616337
2640,51,75.40478001,147.4598129,Male,1357.210404
2675,32,84.275514,190.2059671,Female,1705.944069
3202,32,78.44282739,169.3375627,Male,1683.96673
2166,63,66.77795491,181.016712,Female,1277.302676
7307,63,43.36070475,164.3106287,Female,1016.364359
2101,46,75.69840569,182.5317023,Female,1422.652845
3344,22,62.43207682,175.9716911,Female,1382.490269
763,51,78.0135436,162.8231988,Female,1428.400343
5727,62,69.72428645,187.8287461,Male,1625.788188
901,58,86.84726674,171.8145692,Male,1588.336823
3104,33,108.6532973,156.8280971,Female,1762.463771
4673,51,50.98600677,157.6643757,Female,1133.207474
3864,55,48.22278625,162.7824264,Male,1216.112074
4237,34,54.23145244,162.0752963,Female,1274.918965
2076,51,95.61403296,176.2607514,Male,1756.537765
3524,62,68.03936087,173.0000929,Female,1292.260846
949,21,65.09381136,150.1566507,Female,1333.314355
825,40,71.43271454,172.2343435,Female,1411.380794
8668,34,85.60872776,165.6246889,Female,1495.249477
5828,38,72.76262158,171.8174009,Female,1389.15069
8215,43,56.22703011,151.0528879,Male,1259.076629
8134,43,45.85828591,157.7812078,Male,1306.253684
4331,20,63.40883665,183.4928894,Female,1569.559942
3214,34,41.60106386,169.749316,Female,1192.705081
6557,20,74.76738848,180.0756132,Female,1626.232475
6535,19,39.13849852,181.9633482,Female,1181.357615
5068,39,76.41420286,172.235403,Female,1384.284648
2203,63,105.9386586,168.2003852,Male,1819.828814
6279,26,38.8720231,175.0198249,Female,1242.897122
7683,22,63.56898751,176.5914273,Female,1521.932914
5188,61,106.7728133,159.2054923,Male,1750.401599
2847,44,58.55229018,166.0308224,Male,1355.638218
7797,23,85.97981351,181.8374514,Male,1872.490462
2096,32,67.82813547,172.045943,Female,1502.070164
9,45,70.29965592,154.3061976,Female,1248.893214
8312,52,70.31731613,156.3065739,Female,1214.34715
7110,26,59.61200889,185.2801365,Male,1647.574472
2726,35,51.15725121,154.4200521,Male,1362.913937
8362,34,76.92211215,153.8969628,Male,1585.84815
7193,63,66.76935157,164.8404375,Female,1207.899039
5458,42,78.39999497,173.5345407,Male,1667.28637
1157,19,63.70968816,175.0949323,Female,1399.225487
1535,46,89.35514316,155.1582996,Female,1461.240181
5078,35,38.21122729,165.4567049,Male,1307.339034
4416,47,79.3540153,181.0706874,Female,1470.018283
1529,48,52.6991573,158.5712798,Male,1358.641426
3265,29,68.97292174,150.3660145,Male,1467.561736
7171,27,64.82299314,184.4490876,Male,1716.484623
1185,26,78.29673415,176.2490146,Male,1784.540467
4033,60,36.42728323,157.7626158,Male,1061.935848
6029,37,55.67477092,165.5253919,Female,1266.649247
4741,62,94.71060603,171.6469028,Male,1712.307872
8672,35,57.43999871,179.4039581,Female,1340.700317
7020,51,80.13680071,159.3616169,Male,1505.05484
5071,27,88.65613536,178.1967221,Female,1694.649847
7376,40,62.19807862,170.6020465,Male,1372.122179
1615,21,72.26757418,169.3826656,Female,1493.128225
2626,22,69.77900425,204.3665681,Male,1843.430742
930,42,57.10322781,179.2673841,Female,1229.345723
6202,19,53.44647805,164.965629,Male,1455.421573
3768,26,73.20479024,148.1921189,Male,1544.194918
2477,49,65.44989444,166.0768504,Female,1289.082328
3688,32,57.59268444,175.0796791,Female,1336.589259
4471,32,60.30825972,178.0732596,Female,1416.423862
4621,35,50.68560921,168.5022094,Male,1363.877069
8893,61,49.72052915,155.1983079,Male,1178.257287
6243,36,95.68451117,170.1112433,Female,1708.624584
8576,47,63.12814939,161.8084602,Male,1440.419238
6140,24,78.52205986,165.949677,Female,1553.82445
8289,54,75.8467333,186.6174664,Female,1559.043994
754,26,83.07542567,152.5268787,Female,1493.969866
3576,60,55.17323498,166.3867922,Female,1172.625016
1517,39,96.29702731,176.248588,Female,1710.886668
3382,41,57.09558038,163.6432917,Male,1360.61456
4171,21,72.05562743,167.6229992,Male,1611.958648
712,55,55.51643221,162.1834114,Male,1258.420736
5960,59,53.99927321,162.6315778,Male,1245.027969
4112,49,66.37496435,189.5089462,Female,1342.52057
2304,38,63.52800595,173.9079878,Male,1611.74352
3600,37,80.30661109,155.6595133,Male,1521.724272
4581,53,69.37381394,164.6519031,Male,1498.933479
4254,37,61.9470356,159.9449292,Male,1472.156033
1184,36,66.89631658,176.0886819,Male,1572.295803
276,48,84.68582192,164.4298431,Male,1655.779471
5359,27,84.58303403,163.8716253,Female,1551.965571
5777,50,77.46717783,176.7914342,Male,1634.669183
342,55,52.10108097,168.0381389,Male,1274.297596
8053,26,70.6274853,164.9260344,Female,1480.699833
4580,48,63.960997,158.9062923,Female,1149.887659
2109,38,74.27500296,176.1770456,Female,1549.271744
1009,55,42.39020462,,Female,935.9207299
545,37,70.34052169,171.6420811,Female,1490.126323
1563,31,69.96107372,161.0589652,Male,1571.425849
3713,63,73.89115983,169.3761358,Male,1477.34176
3791,23,52.30482861,173.6952873,Female,1396.025168
2628,49,72.76069745,172.772884,Male,1590.280488
3073,22,44.00831603,168.561083,Male,1409.143658
4716,43,64.5024142,164.6264637,Male,1481.418717
5951,51,63.83472352,193.2199525,Female,1379.612233
4370,34,65.57048765,179.1088232,Female,1480.979565
505,49,75.80963816,184.8481877,Female,1520.90199
5221,33,74.12939728,169.1216233,Female,1476.52658
4693,34,71.5223039,165.5956355,Male,1540.447983
68,58,66.31862411,176.757324,Male,1496.126278
7598,43,47.02553672,159.4621325,Female,1015.836409
58,44,67.21229422,167.1494903,Male,1625.842903
1674,18,86.43154815,169.9548207,Female,1670.876406
4968,62,37.82787511,174.2625707,Male,992.9296036
239,27,83.51958099,179.5875952,Female,1729.88592
8637,44,67.94196302,155.9102618,Male,1413.353391
5857,30,77.89744348,157.6858645,Female,1552.175793
3182,55,83.48886127,163.2168189,Female,1401.69291
8436,40,73.04564165,166.40428,Male,1542.605266
1800,53,69.33642409,179.3994649,Male,1685.513322
8602,42,57.77854908,173.7323472,Female,1195.537429
8250,39,56.90623734,156.3351988,Female,1150.516326
6640,26,74.08011494,167.1681293,Female,1505.530597
5173,53,45.60575464,164.5561376,Female,977.5631235
5424,41,71.83322006,169.7859291,Male,1547.467223
5066,33,58.61450205,161.5098686,Male,1370.479158
3325,20,88.98056664,181.1491497,Male,1850.178315
5358,48,75.07933541,172.9359536,Female,1408.266612
8233,38,103.8030458,178.3015232,Female,1766.236463
6006,36,81.54044372,179.4649954,Female,1540.855933
4128,19,61.2929355,171.2526087,Male,1523.860547
8955,36,51.07295872,176.251582,Male,1494.502502
5347,48,60.77173597,180.0569391,Male,1653.148786
8271,62,83.65104047,168.6428044,Male,1580.694238
2910,62,58.60301099,166.3349076,Male,1303.697697
4304,25,62.14395692,144.6513097,Female,1335.121053
1628,34,87.28494985,183.7013175,Female,1667.159682
4985,21,63.41720776,170.0305923,Female,1541.415496
3205,44,100.7825825,186.4486119,Male,2082.504556
434,35,55.34895419,179.0806683,Female,1328.473251
1216,44,80.83102893,166.6281194,Female,1444.627028
8669,59,53.60318111,165.6603072,Female,1083.516245
2786,46,64.63830352,157.9798984,Female,1252.258071
6945,53,59.93490704,180.0310781,Male,1494.458633
8220,47,58.0985304,180.3888453,Male,1514.424133
7271,31,65.09147645,167.627183,Female,1356.18223
5728,43,65.20384196,175.0116556,Female,1388.405477
644,52,60.36396692,150.2045312,Female,1039.501178
3995,64,78.03597893,165.0964853,Male,1534.979068
7519,62,53.21230647,172.7548733,Female,1152.730814
5693,33,71.55120872,181.1606406,Male,1673.777336
2349,34,38.61684193,158.8092632,Male,1306.525512
313,28,56.46909335,185.0112825,Female,1402.099736
8135,45,85.24110541,171.8298144,Female,1452.395358
7984,18,66.26589049,174.3658322,Female,1457.356183
2050,23,80.56296936,163.4031966,Female,1621.603915
1043,63,61.31423255,159.7468528,Male,1333.795565
6073,56,67.0274869,172.2301463,Female,1336.138079
6577,55,62.90755025,173.3703158,Male,1443.051698
8035,18,74.16953677,179.0687547,Male,1817.820305
2337,63,78.01097106,164.7681425,Female,1239.128179
6682,27,72.30845258,166.5286739,Female,1360.164375
7507,19,75.29973552,158.0603549,Male,1687.80467
4991,40,61.76870939,172.3289046,Male,1356.180559
5233,25,83.84324314,178.4458134,Female,1645.295181
3151,19,79.46105221,174.7269546,Female,1498.624422
722,21,54.17945021,176.3889918,Male,1578.439043
53,48,50.62286957,167.4248785,Male,1270.145756
5112,32,51.98733309,163.5290765,Male,1429.154485
4781,37,66.67936393,157.0388704,Female,1351.037648
4360,56,90.52342753,166.2527311,Female,1525.215066
6814,53,49.86093797,171.9543078,Male,1351.158439
6919,24,95.52280031,166.7246688,Female,1771.076293
2242,19,54.67040675,174.5215354,Female,1406.934245
7954,50,54.36005374,182.1314394,Male,1552.703702
7394,33,78.36720155,175.729797,Male,1749.407674
2849,41,53.99188943,165.3894092,Male,1334.566394
7877,28,77.42179398,179.1499905,Male,1641.893718
755,59,63.36796138,181.9609311,Female,1275.24597
1079,56,44.15260974,152.0790659,Male,1086.033661
138,63,87.66502568,188.2295279,Male,1743.398665
4746,22,91.66485796,176.0692393,Female,1753.187134
449,31,61.01995044,161.1450871,Female,1232.103783
6222,37,80.59956069,180.5862528,Male,1781.96208
8848,28,55.36573542,166.4011657,Male,1467.4391
2172,20,76.88391799,171.3132686,Female,1624.445255
7740,32,87.01504545,177.8454526,Male,1899.60694
8553,60,40.69933499,153.2561066,Male,1090.073723
8832,19,63.36977207,170.5056494,Male,1601.906797
4302,49,56.01338188,161.9270662,Male,1267.603235
2770,59,55.09049246,169.7266355,Female,1084.110518
1902,64,63.28576326,167.1589099,Female,1237.603632
6399,55,55.11874671,179.4835418,Female,1252.728106
894,49,67.36559409,166.1345632,Male,1495.99776
2116,58,66.20305937,172.7467222,Female,1310.797584
899,48,72.8601985,175.3512385,Female,1448.358389
4218,37,87.63924187,153.5215104,Female,1486.734656
3972,24,78.61445008,175.4946792,Male,1833.00707
3186,39,83.29760103,179.3481465,Female,1572.356332
5807,51,58.21476029,164.5186401,Female,1250.817699
3876,58,64.24491968,145.0285267,Male,1229.039829
999,61,80.9039105,145.6842904,Female,1238.732037
5232,46,79.63701562,159.2124447,Female,1372.455266
3982,64,76.60587756,176.3839409,Female,1361.892189
1325,18,41.5880893,170.0418167,Female,1187.928743
5821,49,65.44329624,152.8466859,Female,1156.712114
6546,50,84.09980104,157.9438592,Female,1515.239744
749,51,71.00076376,164.067305,Male,1405.209435
222,26,67.90667379,152.7319095,Female,1455.897043
2562,49,69.59032848,166.8780462,Male,1486.846892
8162,37,72.20792819,166.3036566,Female,1402.336511
3462,33,66.71385765,181.2079752,Male,1656.157186
1155,40,47.29244142,151.397983,Male,1232.407903
7650,41,71.52073153,163.5964149,Male,1543.335441
1774,19,33.84705757,152.6281419,Male,1164.09245
2456,30,68.40374698,174.7210638,Male,1643.340549
5720,53,87.83368468,146.0402907,Male,1485.632086
1770,38,75.67638431,167.0246715,Male,1613.872061
8880,46,88.93413537,170.19609,Female,1547.224991
4036,54,56.34951725,187.3233428,Male,1536.589342
647,55,71.19992789,167.6250064,Female,1350.214074
3045,52,77.99570885,162.0775372,Male,1563.618648
4724,50,86.77378494,154.7191308,Male,1621.173786
952,53,68.2966446,192.4879103,Male,1656.472563
4609,36,80.47412172,188.6826713,Male,1802.047477
5096,36,65.95915119,177.9775645,Male,1541.042556
4514,56,70.25255849,170.6436995,Male,1468.959477
2347,41,46.02173542,167.0287424,Female,1078.363994
8841,52,43.63692891,176.1829251,Male,1304.23267
6513,47,68.44497504,176.8906587,Male,1569.313149
3992,37,62.32740169,161.3473821,Female,1333.759079
8752,27,102.3848284,161.0563306,Male,1930.973308
2446,58,53.05469106,178.0485852,Female,1187.659185
5102,54,66.85133998,150.8397524,Male,1295.770354
5965,62,76.11162576,179.0868533,Male,1633.707521
7379,24,73.30464503,179.1720025,Male,1743.091688
6857,57,87.93625482,154.880519,Male,1666.040835
7294,25,50.14561362,172.7434645,Female,1268.187266
2241,20,52.23429176,162.2732213,Female,1231.743704
1575,63,50.90043148,171.6255459,Female,1069.827351
5154,61,49.59334139,160.4777735,Male,1213.453291
95,35,63.18573026,183.4596452,Female,1378.227497
6789,21,57.7441158,175.1991764,Male,1588.404686
8495,50,65.5651905,171.35005,Female,1356.438612
6595,33,68.53106363,168.6159786,Male,1574.889788
995,59,99.61777959,170.8953642,Male,1831.28068
142,46,73.85356913,175.1107036,Female,1427.701959
533,18,66.68093922,174.1156678,Male,1636.246178
2683,42,77.06972321,173.1683082,Female,1538.187217
7001,58,48.81732741,163.9862861,Male,1195.321752
4231,34,84.49914327,162.3077539,Male,1670.136452
8221,46,69.76781399,188.4435432,Female,1437.458274
551,34,77.82361196,183.5846944,Male,1711.353703
1976,28,62.67421637,166.2426095,Female,1430.572656
1064,25,95.77296323,167.5127761,Male,1834.747539
1295,21,72.38623253,162.8118106,Female,1430.747325
4230,47,77.88987125,169.7275342,Female,1423.975219
4312,45,79.35385816,165.9088792,Male,1541.988048
1941,55,47.33862765,160.0278121,Female,1087.897803
2951,32,68.14889145,174.217704,Female,1364.576134
4828,33,50.58508949,177.1526613,Male,1499.315694
5962,21,67.02660435,160.9927129,Female,1357.395281
5775,59,86.50915536,188.424813,Female,1600.050704
3443,33,61.49746467,162.6347412,Male,1467.391115
4948,22,67.54830945,171.9197764,Female,1495.355844
8431,26,72.44590985,172.4529,Male,1679.844203
5438,38,69.89895516,157.9281201,Male,1515.451485
8396,19,90.08743477,173.4282285,Male,1908.421174
5584,54,67.60924011,176.5671418,Female,1370.711253
5026,39,67.94542551,163.3242019,Male,1579.621917
4709,25,62.23272068,170.6877458,Female,1427.127039
3296,40,60.25872712,174.1752488,Male,1493.855004
8726,31,66.49953057,179.8635823,Male,1659.847624
4972,55,79.41837142,167.3082477,Male,1697.86255
7582,23,67.59915791,169.2217508,Male,1619.900515
4973,40,42.33921501,171.5024419,Female,1051.90667
6524,58,65.92994608,175.1483889,Female,1297.99891
6368,39,68.58489588,159.3683713,Male,1614.218932
5187,32,95.31269403,159.9577743,Female,1607.194312
4683,34,62.4356656,168.7729849,Female,1251.183511
6270,46,84.38443764,164.0609094,Male,1689.544841
5971,33,62.42845603,170.7071964,Female,1413.612946
7087,29,55.84053369,172.8054276,Male,1372.770059
4680,50,60.28613219,168.603625,Male,1355.477703
6563,39,39.45546431,173.9505247,Male,1255.478588
7214,40,41.99511937,163.7114762,Male,1215.340829
1020,19,61.07741194,162.4722265,Male,1524.346254
5123,29,88.84553394,142.8963982,Male,1633.986967
6602,52,103.7096617,170.8260076,Female,1698.771024
5464,24,87.49944271,159.0284175,Male,1646.834187
7230,44,67.99175769,182.01892,Male,1533.408363
3510,47,44.30670913,188.2589433,Female,1152.24177
5213,28,76.76092034,169.9463098,Male,1731.756319
5872,21,56.6923529,170.0664415,Female,1384.2002
2577,27,64.88222596,170.0456498,Male,1557.874115
7316,26,62.35166701,178.037557,Female,1464.044226
5826,39,64.72018094,163.6574725,Female,1281.735702
8873,51,71.21899654,162.0965672,Male,1513.84196
4411,62,73.10929558,164.5835898,Male,1452.363919
2698,30,48.80370558,167.6276725,Female,1191.340683
3915,48,91.4515882,174.1758754,Female,1595.70466
6881,37,83.60292874,175.7279972,Female,1664.753442
6435,21,66.283953,156.3146928,Female,1382.528454
6021,33,75.71353072,169.9998564,Male,1604.728918
5845,55,79.98753125,168.5826237,Female,1486.822674
3714,64,79.99272306,170.5860365,Male,1572.84433
5404,20,43.27977042,168.3318071,Female,1150.21616
5537,51,86.78708635,179.7250332,Female,1511.237433
2858,25,111.239932,169.2784273,Male,2028.422495
8380,52,74.73981931,167.5991162,Male,1533.776036
3522,19,44.79393269,153.2835001,Female,1142.921838
5042,18,85.93267829,169.0724246,Female,1625.57248
5184,33,86.72339888,159.4573185,Female,1680.218319
3174,50,35.19354031,166.6797278,Female,1065.736104
2569,28,83.34904758,171.885218,Female,1682.460202
8766,63,71.14148121,177.7527563,Female,1293.702867
3288,46,63.2123902,179.0302871,Female,1339.608051
5818,27,62.55639978,161.5575416,Female,1369.254054
